site,file_type,url,filename,page_title,page_url,page_modified,linked_from_pages
facilities,pdf,https://vpfo-facilities.sites.olt.ubc.ca/files/2025/02/2019-UBC_EWS_DES.pdf,2019-UBC_EWS_DES.pdf,Hot Water District Energy System (ADES),https://facilities.ubc.ca/infrastructure-and-systems/hot-water-district-energy-system-ades/,2025-07-02T22:16:23,2
facilities,pdf,http://www.technicalguidelines.ubc.ca/Division_26/2019_Division_26_Tech_Guidelines.pdf,2019_Division_26_Tech_Guidelines.pdf,For Contractors & Developers,https://facilities.ubc.ca/infrastructure-and-systems/for-contractors-developers/,2026-03-19T22:38:59,1
facilities,pdf,https://planning.ubc.ca/sites/default/files/2022-06/20220616%20DP%20Resubmission%20-%20Beaty%20Biodiversity%20Centre.pdf,20220616%20DP%20Resubmission%20-%20Beaty%20Biodiversity%20Centre.pdf,Beaty Biodiversity Centre Addition,https://facilities.ubc.ca/projects/projects-on-campus/completed-projects/beaty-biodiversity-centre-addition/,2025-09-23T16:54:00,1
facilities,pdf,https://vpfo-facilities.sites.olt.ubc.ca/files/2024/10/2024_Toilet_Campaign_Poster_11x17.pdf,2024_Toilet_Campaign_Poster_11x17.pdf,Don’t Feed the Clog Monster,https://facilities.ubc.ca/clog-monster/,2025-10-06T22:55:36,1
facilities,pdf,https://www.technicalguidelines.ubc.ca/Division_33/2023_Division_33_PDF/330130.41-2023_Cleaning_of_Sewers_UBCV_and_UBCO.pdf,330130.41-2023_Cleaning_of_Sewers_UBCV_and_UBCO.pdf,For Contractors & Developers,https://facilities.ubc.ca/infrastructure-and-systems/for-contractors-developers/,2026-03-19T22:38:59,1
facilities,pdf,https://www.technicalguidelines.ubc.ca/Division_33/2023_Division_33_PDF/338201-2023_CCTV_Pipeline_Inspection_UBCV_and_UBCO.pdf,338201-2023_CCTV_Pipeline_Inspection_UBCV_and_UBCO.pdf,For Contractors & Developers,https://facilities.ubc.ca/infrastructure-and-systems/for-contractors-developers/,2026-03-19T22:38:59,1
facilities,pdf,https://bog3.sites.olt.ubc.ca/files/2022/09/5_2022.09_Seismic-Resilience-Plan-Update.pdf,5_2022.09_Seismic-Resilience-Plan-Update.pdf,Seismic,https://facilities.ubc.ca/projects/seismic/,2025-07-08T17:18:25,1
facilities,pdf,https://vpfo-facilities.sites.olt.ubc.ca/files/2020/03/8_2019.02_Seismic-Resilience-Plan.pdf,8_2019.02_Seismic-Resilience-Plan.pdf,Seismic,https://facilities.ubc.ca/projects/seismic/,2025-07-08T17:18:25,1
facilities,pdf,https://bog3.sites.olt.ubc.ca/files/2019/02/8_2019.02_Seismic-Resilience-Plan.pdf,8_2019.02_Seismic-Resilience-Plan.pdf,Seismic,https://facilities.ubc.ca/projects/seismic/,2025-07-08T17:18:25,1
facilities,pdf,https://infrastructuredevelopment.ubc.ca/wp-content/uploads/2018/08/Award_Aug-2018_ubc-undergraduate-life-sciences-teaching-lab.pdf,Award_Aug-2018_ubc-undergraduate-life-sciences-teaching-lab.pdf,Undergraduate Life Sciences Teaching Laboratories – Renewal and Expansion,https://facilities.ubc.ca/projects/projects-on-campus/completed-projects/undergraduate-life-sciences-teaching-laboratories-renewal-and-expansion/,2025-07-04T16:36:02,1
facilities,pdf,https://vpfo-facilities.sites.olt.ubc.ca/files/2025/02/BackflowTest-Form-Fillable.pdf,BackflowTest-Form-Fillable.pdf,For Contractors & Developers,https://facilities.ubc.ca/infrastructure-and-systems/for-contractors-developers/,2026-03-19T22:38:59,1
facilities,pdf,https://vpfo-facilities.sites.olt.ubc.ca/files/2025/02/BldgTurnoverUtilInfo.pdf,BldgTurnoverUtilInfo.pdf,For Contractors & Developers,https://facilities.ubc.ca/infrastructure-and-systems/for-contractors-developers/,2026-03-19T22:38:59,1
facilities,pdf,https://vpfo-facilities.sites.olt.ubc.ca/files/2025/02/CCCProgram_Brochure.pdf,CCCProgram_Brochure.pdf,Infrastructure and Systems,https://facilities.ubc.ca/infrastructure-and-systems/,2025-10-29T20:28:54,1
facilities,pdf,https://vpfo-facilities.sites.olt.ubc.ca/files/2024/11/CapitalProjectsUBCO_November2024.pdf,CapitalProjectsUBCO_November2024.pdf,Development process overview,https://facilities.ubc.ca/projects/ubc-capital-priorities/development-process-overview/,2025-07-03T22:42:03,1
facilities,pdf,https://vpfo-facilities.sites.olt.ubc.ca/files/2024/11/CapitalProjectsUBCV_November2024.pdf,CapitalProjectsUBCV_November2024.pdf,Development process overview,https://facilities.ubc.ca/projects/ubc-capital-priorities/development-process-overview/,2025-07-03T22:42:03,1
facilities,pdf,https://vpfo-facilities.sites.olt.ubc.ca/files/2026/03/Contractor-Shutdown-Request-Form.pdf,Contractor-Shutdown-Request-Form.pdf,For Contractors & Developers,https://facilities.ubc.ca/infrastructure-and-systems/for-contractors-developers/,2026-03-19T22:38:59,1
facilities,pdf,https://planning.ubc.ca/sites/default/files/2022-06/DP05012-5%20POH%20Boards%20v5.pdf,DP05012-5%20POH%20Boards%20v5.pdf,Beaty Biodiversity Centre Addition,https://facilities.ubc.ca/projects/projects-on-campus/completed-projects/beaty-biodiversity-centre-addition/,2025-09-23T16:54:00,1
facilities,pdf,https://vpfo-facilities.sites.olt.ubc.ca/files/2025/02/Disinfect-Watermain-Breaks.pdf,Disinfect-Watermain-Breaks.pdf,For Contractors & Developers,https://facilities.ubc.ca/infrastructure-and-systems/for-contractors-developers/,2026-03-19T22:38:59,1
facilities,pdf,https://vpfo-facilities.sites.olt.ubc.ca/files/2025/02/E-waste-Recycling-Fees.pdf,E-waste-Recycling-Fees.pdf,Sustainability,https://facilities.ubc.ca/projects/sustainability/,2025-07-03T21:31:24,1
facilities,pdf,https://vpfo-facilities.sites.olt.ubc.ca/files/2025/03/EMMS-Planon-Access-Request-Form-Service-Requests.pdf,EMMS-Planon-Access-Request-Form-Service-Requests.pdf,Submit a service request,https://facilities.ubc.ca/services/submit-a-service-request/,2025-10-14T17:50:05,1
facilities,pdf,https://vpfo-facilities.sites.olt.ubc.ca/files/2025/04/Electrical-Energization-Request.pdf,Electrical-Energization-Request.pdf,For Contractors & Developers,https://facilities.ubc.ca/infrastructure-and-systems/for-contractors-developers/,2026-03-19T22:38:59,1
facilities,pdf,https://vpfo-facilities.sites.olt.ubc.ca/files/2025/02/Enabling-Greatness-Our-Building-Operations-story-PRINT.pdf,Enabling-Greatness-Our-Building-Operations-story-PRINT.pdf,APPA Facilities Management Evaluation Program,https://facilities.ubc.ca/projects/appa-facilities-management-evaluation-program/,2025-07-03T21:49:44,1
facilities,pdf,https://vpfo-facilities.sites.olt.ubc.ca/files/2025/02/Enabling-Greatness-Our-Building-Operations-story.pdf,Enabling-Greatness-Our-Building-Operations-story.pdf,APPA Facilities Management Evaluation Program,https://facilities.ubc.ca/projects/appa-facilities-management-evaluation-program/,2025-07-03T21:49:44,1
facilities,pdf,https://vpfo-facilities.sites.olt.ubc.ca/files/2024/06/Facilities-Service-Guide.pdf,Facilities-Service-Guide.pdf,Service delivery,https://facilities.ubc.ca/about-us/service-delivery/,2026-03-16T22:55:50,1
facilities,pdf,https://vpfo-facilities.sites.olt.ubc.ca/files/2025/04/Facilities-Service-Request-Dashboard-User-Guide.pdf,Facilities-Service-Request-Dashboard-User-Guide.pdf,Facilities Service Request Dashboard,https://facilities.ubc.ca/services/submit-a-service-request/facilities-service-request-dashboard/,2025-07-03T15:59:10,1
facilities,pdf,https://vpfo-facilities.sites.olt.ubc.ca/files/2021/11/Facilities-Staff-Excellence-Awards_Nomination-Form.pdf,Facilities-Staff-Excellence-Awards_Nomination-Form.pdf,Staff Excellence Awards,https://facilities.ubc.ca/news/staff-excellence-awards/,2026-07-09T22:12:18,1
facilities,pdf,https://vpfo-facilities.sites.olt.ubc.ca/files/2023/09/Facilities_OrganizationChart.pdf,Facilities_OrganizationChart.pdf,Leadership,https://facilities.ubc.ca/about-us/leadership/,2026-06-19T23:31:26,1
facilities,pdf,https://equity3.sites.olt.ubc.ca/files/2024/11/Final-Report-on-Inclusive-Washrooms-at-UBC_2024.Final_.F.pdf,Final-Report-on-Inclusive-Washrooms-at-UBC_2024.Final_.F.pdf,Inclusive washroom guidelines,https://facilities.ubc.ca/policies-guidelines/inclusive-washroom-guidelines/,2026-02-06T21:23:19,1
facilities,pdf,https://vpfo-facilities.sites.olt.ubc.ca/files/2025/02/Green-Cleaning-Program.pdf,Green-Cleaning-Program.pdf,Green cleaning,https://facilities.ubc.ca/projects/green-cleaning/,2025-07-03T21:50:31,1
facilities,pdf,https://vpfo-facilities.sites.olt.ubc.ca/files/2025/04/Internal-Communications-Requestor-Job-Aid.pdf,Internal-Communications-Requestor-Job-Aid.pdf,Facilities Service Request Dashboard,https://facilities.ubc.ca/services/submit-a-service-request/facilities-service-request-dashboard/,2025-07-03T15:59:10,1
facilities,pdf,https://vpfo-facilities.sites.olt.ubc.ca/files/2025/02/IrrigChamberServConnApp.pdf,IrrigChamberServConnApp.pdf,For Contractors & Developers,https://facilities.ubc.ca/infrastructure-and-systems/for-contractors-developers/,2026-03-19T22:38:59,1
facilities,pdf,https://vpfo-facilities.sites.olt.ubc.ca/files/2024/01/PSG_Project-Charter_Dec2017.pdf,PSG_Project-Charter_Dec2017.pdf,Project management,https://facilities.ubc.ca/services/project-management-services/,2025-07-03T17:49:15,1
facilities,pdf,https://vpfo-facilities.sites.olt.ubc.ca/files/2025/02/PrelimServConnApp.pdf,PrelimServConnApp.pdf,For Contractors & Developers,https://facilities.ubc.ca/infrastructure-and-systems/for-contractors-developers/,2026-03-19T22:38:59,1
facilities,pdf,https://sustain.ubc.ca/sites/sustain.ubc.ca/files/Recycling%20Infrastructure%20Guidelines%20for%20UBC%20Buildings%202017%2003%2017.pdf,Recycling%20Infrastructure%20Guidelines%20for%20UBC%20Buildings%202017%2003%2017.pdf,Cleaning,https://facilities.ubc.ca/services/cleaning/,2025-07-03T16:32:43,1
facilities,pdf,https://vpfo-facilities.sites.olt.ubc.ca/files/2025/02/ServConnApp-fillable.pdf,ServConnApp-fillable.pdf,For Contractors & Developers,https://facilities.ubc.ca/infrastructure-and-systems/for-contractors-developers/,2026-03-19T22:38:59,1
facilities,pdf,https://facilities.ubc.ca/files/2026/01/Snow-Map.pdf,Snow-Map.pdf,Ice prevention and snow removal,https://facilities.ubc.ca/services/ice-prevention-and-snow-removal/,2026-01-27T19:27:20,1
facilities,pdf,https://vpfo-facilities.sites.olt.ubc.ca/files/2025/11/Snow-and-Ice-Operational-Plan.pdf,Snow-and-Ice-Operational-Plan.pdf,Ice prevention and snow removal,https://facilities.ubc.ca/services/ice-prevention-and-snow-removal/,2026-01-27T19:27:20,1
facilities,pdf,https://universitycounsel.ubc.ca/files/2023/04/Space-Management-Policy_UP13.pdf,Space-Management-Policy_UP13.pdf,Pest management,https://facilities.ubc.ca/services/pest-management/,2026-03-25T15:55:51,1
facilities,pdf,https://facilities.ubc.ca/files/2026/01/Styrofoam-Pickup-Schedule.pdf,Styrofoam-Pickup-Schedule.pdf,Styrofoam and soft plastics recycling,https://facilities.ubc.ca/services/styrofoam-and-soft-plastics-recycling/,2026-01-20T22:52:05,1
facilities,pdf,https://vpfo-facilities.sites.olt.ubc.ca/files/2024/01/Swing-Space-Move-in-Process.pdf,Swing-Space-Move-in-Process.pdf,Renovation or maintenance,https://facilities.ubc.ca/services/renovation-or-maintenance/,2025-07-03T18:08:12,1
facilities,pdf,https://vpfo-facilities.sites.olt.ubc.ca/files/2025/02/Temp-Water-Connect.pdf,Temp-Water-Connect.pdf,For Contractors & Developers,https://facilities.ubc.ca/infrastructure-and-systems/for-contractors-developers/,2026-03-19T22:38:59,1
facilities,pdf,https://vpfo-facilities.sites.olt.ubc.ca/files/2025/02/Temp-gas-connect-permit.pdf,Temp-gas-connect-permit.pdf,For Contractors & Developers,https://facilities.ubc.ca/infrastructure-and-systems/for-contractors-developers/,2026-03-19T22:38:59,1
facilities,pdf,https://vpfo-facilities.sites.olt.ubc.ca/files/2025/02/Tool-Rental-Catalogue.pdf,Tool-Rental-Catalogue.pdf,Stores,https://facilities.ubc.ca/services/stores/,2025-07-03T18:40:42,1
facilities,pdf,https://vpfo-facilities.sites.olt.ubc.ca/files/2025/02/UBC-Commodity-Report-Final-Exec-Summary.pdf,UBC-Commodity-Report-Final-Exec-Summary.pdf,Utilities Metrics and Data,https://facilities.ubc.ca/infrastructure-and-systems/utilities-metrics-and-data/,2026-03-05T16:40:15,1
facilities,pdf,https://vpfo-facilities.sites.olt.ubc.ca/files/2025/02/UBC-EN-Outreach-Report.pdf,UBC-EN-Outreach-Report.pdf,Bioenergy Research Demonstration Facility (BRDF),https://facilities.ubc.ca/infrastructure-and-systems/bioenergy-research-demonstration-facility-brdf/,2025-10-14T21:21:28,2
facilities,pdf,https://vpfo-facilities.sites.olt.ubc.ca/files/2025/02/UBC-FMEP-Report.pdf,UBC-FMEP-Report.pdf,APPA Facilities Management Evaluation Program,https://facilities.ubc.ca/projects/appa-facilities-management-evaluation-program/,2025-07-03T21:49:44,1
facilities,pdf,https://vpfo-facilities.sites.olt.ubc.ca/files/2025/02/UBC-FR-Outreach-Report.pdf,UBC-FR-Outreach-Report.pdf,Bioenergy Research Demonstration Facility (BRDF),https://facilities.ubc.ca/infrastructure-and-systems/bioenergy-research-demonstration-facility-brdf/,2025-10-14T21:21:28,2
facilities,pdf,https://facilities.ubc.ca/files/2026/01/UBC-Facilities-EWS-EPP-Form.pdf,UBC-Facilities-EWS-EPP-Form.pdf,Utilities,https://facilities.ubc.ca/services/utilities/,2026-01-15T00:17:34,1
facilities,pdf,https://facilities.ubc.ca/files/2026/01/UBC-Facilities-EWS-PAP-Form.pdf,UBC-Facilities-EWS-PAP-Form.pdf,Utilities,https://facilities.ubc.ca/services/utilities/,2026-01-15T00:17:34,1
facilities,pdf,https://facilities.ubc.ca/files/2026/03/UBC-Facilities-IPM.pdf,UBC-Facilities-IPM.pdf,Pest management,https://facilities.ubc.ca/services/pest-management/,2026-03-25T15:55:51,1
facilities,pdf,https://vpfo-facilities.sites.olt.ubc.ca/files/2025/12/UBC-Facilities-KPIs-Report.pdf,UBC-Facilities-KPIs-Report.pdf,Facilities Key Performance Indicators (KPIs),https://facilities.ubc.ca/about-us/facilities-kpi/,2025-12-06T00:01:28,1
facilities,pdf,https://facilities.ubc.ca/files/2026/02/UBC-Inclusive-Washroom-Design-Guidelines-2026.pdf,UBC-Inclusive-Washroom-Design-Guidelines-2026.pdf,Inclusive washroom guidelines,https://facilities.ubc.ca/policies-guidelines/inclusive-washroom-guidelines/,2026-02-06T21:23:19,1
facilities,pdf,https://vpfo-facilities.sites.olt.ubc.ca/files/2020/02/UBC-MacLeod-Renewal.pdf,UBC-MacLeod-Renewal.pdf,Macleod Building Renewal,https://facilities.ubc.ca/projects/projects-on-campus/completed-projects/macleod-building-renewal/,2025-07-04T16:36:01,1
facilities,pdf,https://vpfo-facilities.sites.olt.ubc.ca/files/2024/11/UBC-Major-Capital-Projects-Development-Process_5-10M.pdf,UBC-Major-Capital-Projects-Development-Process_5-10M.pdf,Development process overview,https://facilities.ubc.ca/projects/ubc-capital-priorities/development-process-overview/,2025-07-03T22:42:03,1
facilities,pdf,https://vpfo-facilities.sites.olt.ubc.ca/files/2024/11/UBC-Major-Capital-Projects-Development-Process_over-10M.pdf,UBC-Major-Capital-Projects-Development-Process_over-10M.pdf,Development process overview,https://facilities.ubc.ca/projects/ubc-capital-priorities/development-process-overview/,2025-07-03T22:42:03,1
facilities,pdf,https://vpfo-facilities.sites.olt.ubc.ca/files/2025/02/UBC-SEMP.pdf,UBC-SEMP.pdf,Utilities Metrics and Data,https://facilities.ubc.ca/infrastructure-and-systems/utilities-metrics-and-data/,2026-03-05T16:40:15,1
facilities,pdf,https://vpfo-facilities.sites.olt.ubc.ca/files/2020/03/UBC-Seismic-Risk-Assessment-and-Resilience-Strategy-Issue-2_Aug2017.pdf,UBC-Seismic-Risk-Assessment-and-Resilience-Strategy-Issue-2_Aug2017.pdf,Seismic,https://facilities.ubc.ca/projects/seismic/,2025-07-08T17:18:25,1
facilities,pdf,https://vpfo-facilities.sites.olt.ubc.ca/files/2025/02/UBC-Utilities-Manhole-Entry-Permit.pdf,UBC-Utilities-Manhole-Entry-Permit.pdf,For Contractors & Developers,https://facilities.ubc.ca/infrastructure-and-systems/for-contractors-developers/,2026-03-19T22:38:59,1
facilities,pdf,https://vpfo-facilities.sites.olt.ubc.ca/files/2025/06/UBC-WQM-Report-2024.pdf,UBC-WQM-Report-2024.pdf,Utilities Metrics and Data,https://facilities.ubc.ca/infrastructure-and-systems/utilities-metrics-and-data/,2026-03-05T16:40:15,1
facilities,pdf,https://vpfo-facilities.sites.olt.ubc.ca/files/2025/02/UBC_EWS_DES_Construction-Checklist_V2.0-1.pdf,UBC_EWS_DES_Construction-Checklist_V2.0-1.pdf,For Contractors & Developers,https://facilities.ubc.ca/infrastructure-and-systems/for-contractors-developers/,2026-03-19T22:38:59,1
facilities,pdf,https://vpfo-facilities.sites.olt.ubc.ca/files/2025/02/UBC_EWS_Mech_Construction-Checklist_V1.4.pdf,UBC_EWS_Mech_Construction-Checklist_V1.4.pdf,For Contractors & Developers,https://facilities.ubc.ca/infrastructure-and-systems/for-contractors-developers/,2026-03-19T22:38:59,1
facilities,pdf,http://www.universityendowmentlands.gov.bc.ca/library/UEL_Snow_Removal_Policy.pdf,UEL_Snow_Removal_Policy.pdf,Ice prevention and snow removal,https://facilities.ubc.ca/services/ice-prevention-and-snow-removal/,2026-01-27T19:27:20,1
facilities,pdf,https://vpfo-facilities.sites.olt.ubc.ca/files/2025/02/Util-Service-Activation-Request-DES.pdf,Util-Service-Activation-Request-DES.pdf,For Contractors & Developers,https://facilities.ubc.ca/infrastructure-and-systems/for-contractors-developers/,2026-03-19T22:38:59,1
facilities,pdf,https://vpfo-facilities.sites.olt.ubc.ca/files/2025/02/Util-Service-Activation-Request-GAS.pdf,Util-Service-Activation-Request-GAS.pdf,For Contractors & Developers,https://facilities.ubc.ca/infrastructure-and-systems/for-contractors-developers/,2026-03-19T22:38:59,1
facilities,pdf,https://vpfo-facilities.sites.olt.ubc.ca/files/2025/02/Util-Service-Activation-Request-WATER.pdf,Util-Service-Activation-Request-WATER.pdf,For Contractors & Developers,https://facilities.ubc.ca/infrastructure-and-systems/for-contractors-developers/,2026-03-19T22:38:59,1
facilities,pdf,https://vpfo-facilities.sites.olt.ubc.ca/files/2025/02/Utility-Services-Agreement.pdf,Utility-Services-Agreement.pdf,For Contractors & Developers,https://facilities.ubc.ca/infrastructure-and-systems/for-contractors-developers/,2026-03-19T22:38:59,1
facilities,pdf,https://vpfo-facilities.sites.olt.ubc.ca/files/2025/02/procedure-gas-service-install.pdf,procedure-gas-service-install.pdf,For Contractors & Developers,https://facilities.ubc.ca/infrastructure-and-systems/for-contractors-developers/,2026-03-19T22:38:59,1
finance,pdf,https://share.ca/wp-content/uploads/2026/01/1.UBCIM-Social-Risks-Primer_FV_29-10-14_ONLINE_V02.pdf,1.UBCIM-Social-Risks-Primer_FV_29-10-14_ONLINE_V02.pdf,Update on UBC and UBCIM Responsible Investing Commitments,https://finance.ubc.ca/news/update-on-ubc-and-ubcim-responsible-investing-commitments/,2026-02-03T21:08:51,2
finance,pdf,https://sustain.ubc.ca/sites/default/files/files/1122_MASTER_TCFD%20FINAL-%2011%2022%202022.pdf,1122_MASTER_TCFD%20FINAL-%2011%2022%202022.pdf,UBC publishes first Task Force on Climate-Related Financial Disclosures (TCFD) Report,https://finance.ubc.ca/news/ubc-publishes-first-task-force-on-climate-related-financial-disclosures-tcfd-report/,2024-12-19T16:34:28,1
finance,pdf,https://sustain.ubc.ca/sites/sustain.ubc.ca/files/uploads/CampusSustainability/CS_PDFs/PlansReports/Plans/20-Year-Sustainability-Strategy-UBC.pdf,20-Year-Sustainability-Strategy-UBC.pdf,Sustainable Procurement,https://finance.ubc.ca/doing-business-with-ubc/inclusion-in-procurement/sustainable-procurement/,2025-02-06T17:14:26,1
finance,pdf,https://vpfo-finance-2024.sites.olt.ubc.ca/files/2024/12/2025_PaySchedule.pdf,2025_PaySchedule.pdf,2025 UBC Pay Schedule,https://finance.ubc.ca/resources/pay-schedule/,2025-01-15T23:19:44,1
finance,pdf,https://vpfo-finance-2024.sites.olt.ubc.ca/files/2026/03/2026_27_UBCBudgetReport.pdf,2026_27_UBCBudgetReport.pdf,UBC’s Annual Budget,https://finance.ubc.ca/ubcs-finances/ubcs-annual-budget/,2026-03-31T17:44:05,1
finance,pdf,https://bog3.sites.olt.ubc.ca/files/2020/09/4_2020.09_Investing-Update.pdf,4_2020.09_Investing-Update.pdf,Update on UBC and UBCIM Responsible Investing Commitments,https://finance.ubc.ca/news/update-on-ubcs-and-ubcim-responsible-investing-commitments/,2025-04-04T19:21:01,3
finance,pdf,https://vpfo-finance-2024.sites.olt.ubc.ca/files/2024/11/EFT_Cdn_Vendors.pdf,EFT_Cdn_Vendors.pdf,Payment Options,https://finance.ubc.ca/doing-business-with-ubc/invoicing-payment/payment-options/,2026-07-29T18:24:44,1
finance,pdf,https://vpfo-finance-2024.sites.olt.ubc.ca/files/2024/11/EFT_US_Vendors.pdf,EFT_US_Vendors.pdf,Payment Options,https://finance.ubc.ca/doing-business-with-ubc/invoicing-payment/payment-options/,2026-07-29T18:24:44,1
finance,pdf,https://vpfo-finance-2024.sites.olt.ubc.ca/files/2024/11/FY21.pdf,FY21.pdf,UBC’s Financial Results for 2020/21,https://finance.ubc.ca/news/ubcs-financial-results-for-2020-21/,2024-12-19T16:35:11,1
finance,pdf,https://vpfo-finance-2024.sites.olt.ubc.ca/files/2024/11/FY22-UBC-Statement-of-Financial-Information.pdf,FY22-UBC-Statement-of-Financial-Information.pdf,2022 Statement of Financial Information (SOFI) now available,https://finance.ubc.ca/news/2022-statement-of-financial-information-sofi-now-available/,2024-12-19T16:34:34,1
finance,pdf,https://vpfo-finance-2024.sites.olt.ubc.ca/files/2024/11/FY22.pdf,FY22.pdf,UBC’s Financial Results for 2021/2022,https://finance.ubc.ca/news/ubcs-financial-results-for-2021-2022/,2024-12-19T16:34:39,1
finance,pdf,https://vpfo-finance-2024.sites.olt.ubc.ca/files/2024/11/FY23-UBC-Statement-of-Financial-Information-1.pdf,FY23-UBC-Statement-of-Financial-Information-1.pdf,2023 Statement of Financial Information (SOFI) now available,https://finance.ubc.ca/news/2023-statement-of-financial-information-sofi-now-available/,2024-12-19T16:34:02,1
finance,pdf,https://vpfo-finance-2024.sites.olt.ubc.ca/files/2024/11/FY23.pdf,FY23.pdf,Read UBC’s 2023 Annual Financial Statements,https://finance.ubc.ca/news/read-ubcs-2023-annual-financial-statements/,2024-12-10T18:44:51,2
finance,pdf,https://vpfo-finance-2024.sites.olt.ubc.ca/files/2024/11/FY24-UBC-Statement-of-Financial-Information.pdf,FY24-UBC-Statement-of-Financial-Information.pdf,2024 Statement of Financial Information (SOFI) now available,https://finance.ubc.ca/news/2024-statement-of-financial-information-sofi-now-available/,2024-12-19T16:32:04,1
finance,pdf,https://vpfo-finance-2024.sites.olt.ubc.ca/files/2024/11/FY24.pdf,FY24.pdf,Read UBC’s 2024 Annual Financial Statements,https://finance.ubc.ca/news/read-ubcs-2024-annual-financial-statements/,2024-12-19T16:33:32,2
finance,pdf,https://vpfo-finance-2024.sites.olt.ubc.ca/files/2025/11/FY25-UBC-Statement-of-Financial-Information.pdf,FY25-UBC-Statement-of-Financial-Information.pdf,Reporting,https://finance.ubc.ca/ubcs-finances/reporting/,2025-12-01T17:17:34,1
finance,pdf,https://vpfo-finance-2024.sites.olt.ubc.ca/files/2025/11/FY25-UBC-Statement-of-Financial-Information.pdf?_gl=1*1hvzpif*_ga*ODM4MzM5OTczLjE3NjE4NTY4MDk.*_ga_3B1R282RNR*czE3NjIyODM4NTckbzYkZzEkdDE3NjIyODQzMzgkajkkbDAkaDA,FY25-UBC-Statement-of-Financial-Information.pdf,2025 Statement of Financial Information (SOFI) now available,https://finance.ubc.ca/news/2025-statement-of-financial-information-sofi-now-available/,2026-05-15T21:53:34,1
finance,pdf,https://vpfo-finance-2024.sites.olt.ubc.ca/files/2025/08/FY25.pdf,FY25.pdf,Read UBC’s 2025 Annual Financial Statements,https://finance.ubc.ca/news/read-ubcs-2025-annual-financial-statements/,2025-08-11T16:33:41,2
finance,pdf,https://vpfo-finance-2024.sites.olt.ubc.ca/files/2024/12/Finance-Sites-Pre-Launch-FAQs.pdf,Finance-Sites-Pre-Launch-FAQs.pdf,Your UBC finance information is moving on January 6!,https://finance.ubc.ca/news/your-ubc-finance-information-is-moving-on-january-6/,2025-02-10T17:18:22,1
finance,pdf,https://vpfo-finance-2024.sites.olt.ubc.ca/files/2024/11/IFL-Currency-Guide.pdf,IFL-Currency-Guide.pdf,Payment Options,https://finance.ubc.ca/doing-business-with-ubc/invoicing-payment/payment-options/,2026-07-29T18:24:44,1
finance,pdf,https://vpfo-finance-2024.sites.olt.ubc.ca/files/2025/01/International-Pay-accepted-Currencies.pdf,International-Pay-accepted-Currencies.pdf,Payment Options,https://finance.ubc.ca/doing-business-with-ubc/invoicing-payment/payment-options/,2026-07-29T18:24:44,1
finance,pdf,http://sustain.ubc.ca/sites/default/files/files/MASTER_TDFC_UBC_2023_FINAL.pdf?utm_medium=email&utm_campaign=Finance-Update-%7C-May-17%2C-2024&utm_source=Envoke-Finance-Update-%28UBC-Finance-and-Finance-Subscription%29&utm_term=Finance-Update-%7C-May-17%2C-2024&eid=25733f208d17b93d3ffef2fb8373e71e,MASTER_TDFC_UBC_2023_FINAL.pdf,UBC’s FY2023 Climate-Related Financial Disclosures (TCFD) now available online,https://finance.ubc.ca/news/ubcs-fy2023-climate-related-financial-disclosures-tcfd-now-available-online/,2024-12-19T16:33:53,1
finance,pdf,https://vpfo-finance-2024.sites.olt.ubc.ca/files/2024/12/Statements-on-Responsible-Investing.pdf,Statements-on-Responsible-Investing.pdf,Responsible Investing,https://finance.ubc.ca/ubcs-finances/the-university-endowment/responsible-investing/,2026-02-03T19:32:03,1
finance,pdf,https://vpfo-finance-2024.sites.olt.ubc.ca/files/2026/05/Supply-Chain-Act-Report.pdf,Supply-Chain-Act-Report.pdf,Reporting for Strategic Initiatives,https://finance.ubc.ca/ubcs-finances/reporting/reporting-for-strategic-initiatives/,2026-05-22T19:44:41,1
finance,pdf,https://vpfo-finance-2024.sites.olt.ubc.ca/files/2025/01/UBC-International-Pay-Form.pdf,UBC-International-Pay-Form.pdf,Payment Options,https://finance.ubc.ca/doing-business-with-ubc/invoicing-payment/payment-options/,2026-07-29T18:24:44,1
finance,pdf,https://vpfo-finance-2024.sites.olt.ubc.ca/files/2024/11/UBC-PO-Standard-Terms-and-Conditions_June-2023.pdf,UBC-PO-Standard-Terms-and-Conditions_June-2023.pdf,Purchase Order Terms & Conditions,https://finance.ubc.ca/doing-business-with-ubc/purchase-order-terms-conditions/,2024-12-19T18:27:22,1
finance,pdf,https://finance.ubc.ca/sites/finserv.ubc.ca/files/UBC_SP_GlobalRatings_2021.pdf,UBC_SP_GlobalRatings_2021.pdf,UBC Affirmed with “AA+” Rating from S&P,https://finance.ubc.ca/news/ubc-affirmed-with-aa-rating-from-sp/,2024-12-11T17:31:57,1
finance,pdf,https://vpfo-finance-2024.sites.olt.ubc.ca/files/2024/11/UBC_Supply-Chain-Act-Report_2024.pdf,UBC_Supply-Chain-Act-Report_2024.pdf,UBC’s first report on fighting against forced labour and child labour in Supply Chains now available,https://finance.ubc.ca/news/ubcs-first-report-on-fighting-against-forced-labor-and-child-labor-in-supply-chains-now-available/,2025-05-29T16:58:36,1
finance,pdf,https://www.un.org/development/desa/indigenouspeoples/wp-content/uploads/sites/19/2018/11/UNDRIP_E_web.pdf,UNDRIP_E_web.pdf,Supplier Code of Conduct,https://finance.ubc.ca/doing-business-with-ubc/inclusion-in-procurement/supplier-code-of-conduct/,2026-05-27T18:57:13,1
finance,pdf,https://vpfo-finance-2024.sites.olt.ubc.ca/files/2024/12/VisaPayablesEnrolmentUBC.pdf,VisaPayablesEnrolmentUBC.pdf,Payment Options,https://finance.ubc.ca/doing-business-with-ubc/invoicing-payment/payment-options/,2026-07-29T18:24:44,1
finance,pdf,https://www.ohchr.org/sites/default/files/documents/publications/guidingprinciplesbusinesshr_en.pdf,guidingprinciplesbusinesshr_en.pdf,Supplier Code of Conduct,https://finance.ubc.ca/doing-business-with-ubc/inclusion-in-procurement/supplier-code-of-conduct/,2026-05-27T18:57:13,1
pair,docx,https://pair.ok.ubc.ca/wp-content/uploads/sites/145/2025/12/SGC-Survey-Review-Form-20251205.docx,SGC-Survey-Review-Form-20251205.docx,Survey Governance,https://pair.ubc.ca/surveys/survey-governance/,2026-01-06T17:12:12,1
pair,pdf,https://pair.ubc.ca/wp-content/uploads/sites/145/2020/11/2017-18-Enrolment-Report.pdf,2017-18-Enrolment-Report.pdf,Annual Enrolment Reports,https://pair.ubc.ca/student-data-analytics/enrolment/annual-enrolment-reports/,2026-03-04T17:16:45,1
pair,pdf,https://pair.ubc.ca/wp-content/uploads/sites/145/2020/11/2018-19-Enrolment-Report.pdf,2018-19-Enrolment-Report.pdf,Annual Enrolment Reports,https://pair.ubc.ca/student-data-analytics/enrolment/annual-enrolment-reports/,2026-03-04T17:16:45,1
pair,pdf,https://pair.ok.ubc.ca/wp-content/uploads/sites/145/2020/07/2018-Baccalaureate-Graduates-Survey-of-2016-Graduates.pdf,2018-Baccalaureate-Graduates-Survey-of-2016-Graduates.pdf,Baccalaureate Graduate Survey,https://pair.ubc.ca/surveys/bgs/,2025-03-13T22:24:32,1
pair,pdf,https://pair.ubc.ca/wp-content/uploads/sites/145/2020/11/2019-20-Enrolment-Report.pdf,2019-20-Enrolment-Report.pdf,Annual Enrolment Reports,https://pair.ubc.ca/student-data-analytics/enrolment/annual-enrolment-reports/,2026-03-04T17:16:45,1
pair,pdf,https://pair.ok.ubc.ca/wp-content/uploads/sites/145/2020/07/2019BGS_Questionnaire.pdf,2019BGS_Questionnaire.pdf,Baccalaureate Graduate Survey,https://pair.ubc.ca/surveys/bgs/,2025-03-13T22:24:32,1
pair,pdf,https://pair.ubc.ca/wp-content/uploads/sites/145/2022/02/2021-22-Enrolment-Report.pdf,2021-22-Enrolment-Report.pdf,Annual Enrolment Reports,https://pair.ubc.ca/student-data-analytics/enrolment/annual-enrolment-reports/,2026-03-04T17:16:45,1
pair,pdf,https://pair.ok.ubc.ca/wp-content/uploads/sites/145/2020/07/BGS_2014-Summary-of-Survey-Results-UBCO.pdf,BGS_2014-Summary-of-Survey-Results-UBCO.pdf,Baccalaureate Graduate Survey,https://pair.ubc.ca/surveys/bgs/,2025-03-13T22:24:32,1
pair,pdf,https://pair.ok.ubc.ca/wp-content/uploads/sites/145/2020/07/BGS_2014_Summary_UBCV.pdf,BGS_2014_Summary_UBCV.pdf,Baccalaureate Graduate Survey,https://pair.ubc.ca/surveys/bgs/,2025-03-13T22:24:32,1
pair,pdf,https://pair.ok.ubc.ca/wp-content/uploads/sites/145/2020/07/BGS_2015-Summary-of-Survey-Results-UBCO.pdf,BGS_2015-Summary-of-Survey-Results-UBCO.pdf,Baccalaureate Graduate Survey,https://pair.ubc.ca/surveys/bgs/,2025-03-13T22:24:32,1
pair,pdf,https://pair.ok.ubc.ca/wp-content/uploads/sites/145/2020/07/BGS_2015_Summary_UBCV.pdf,BGS_2015_Summary_UBCV.pdf,Baccalaureate Graduate Survey,https://pair.ubc.ca/surveys/bgs/,2025-03-13T22:24:32,1
pair,pdf,https://pair.ok.ubc.ca/wp-content/uploads/sites/145/2020/07/BGS_2016-Summary-of-Survey-Results-UBCO.pdf,BGS_2016-Summary-of-Survey-Results-UBCO.pdf,Baccalaureate Graduate Survey,https://pair.ubc.ca/surveys/bgs/,2025-03-13T22:24:32,1
pair,pdf,https://pair.ok.ubc.ca/wp-content/uploads/sites/145/2020/07/BGS_2016_Summary_UBCV.pdf,BGS_2016_Summary_UBCV.pdf,Baccalaureate Graduate Survey,https://pair.ubc.ca/surveys/bgs/,2025-03-13T22:24:32,1
pair,pdf,https://pair.ok.ubc.ca/wp-content/uploads/sites/145/2020/07/BGS_2017-Summary-of-Survey-Results-UBCO.pdf,BGS_2017-Summary-of-Survey-Results-UBCO.pdf,Baccalaureate Graduate Survey,https://pair.ubc.ca/surveys/bgs/,2025-03-13T22:24:32,1
pair,pdf,https://pair.ok.ubc.ca/wp-content/uploads/sites/145/2020/07/BGS_2017_Summary_UBCV.pdf,BGS_2017_Summary_UBCV.pdf,Baccalaureate Graduate Survey,https://pair.ubc.ca/surveys/bgs/,2025-03-13T22:24:32,1
pair,pdf,https://pair.ok.ubc.ca/wp-content/uploads/sites/145/2020/07/BGS_2018-Summary-of-Survey-Results-UBCO.pdf,BGS_2018-Summary-of-Survey-Results-UBCO.pdf,Baccalaureate Graduate Survey,https://pair.ubc.ca/surveys/bgs/,2025-03-13T22:24:32,1
pair,pdf,https://pair.ok.ubc.ca/wp-content/uploads/sites/145/2020/07/BGS_2018_Summary_UBCV.pdf,BGS_2018_Summary_UBCV.pdf,Baccalaureate Graduate Survey,https://pair.ubc.ca/surveys/bgs/,2025-03-13T22:24:32,1
pair,pdf,https://static1.squarespace.com/static/5cb8eb6c0cf57dbc1d121d23/t/667f1197a8c18661b57607a6/1721255757832/CCWS_SurveyContent_2024-25_STUDENT_English-20240523+%281%29.pdf,CCWS_SurveyContent_2024-25_STUDENT_English-20240523+%281%29.pdf,Canadian Campus Wellbeing Survey,https://pair.ubc.ca/surveys/ccws/,2025-08-21T22:51:46,1
pair,pdf,https://pair.ok.ubc.ca/wp-content/uploads/sites/145/2020/07/CCWS_SurveyContent_RevF.pdf,CCWS_SurveyContent_RevF.pdf,Canadian Campus Wellbeing Survey,https://pair.ubc.ca/surveys/ccws/,2025-08-21T22:51:46,1
pair,pdf,https://pair.ok.ubc.ca/wp-content/uploads/sites/145/2026/06/Factsheets_UBC.pdf,Factsheets_UBC.pdf,Fact Sheets,https://pair.ubc.ca/ubc-data-analytics/fact-sheets/,2026-06-17T18:54:32,1
pair,pdf,https://pair.ok.ubc.ca/wp-content/uploads/sites/145/2026/06/Factsheets_UBCO.pdf,Factsheets_UBCO.pdf,Fact Sheets,https://pair.ubc.ca/ubc-data-analytics/fact-sheets/,2026-06-17T18:54:32,1
pair,pdf,https://pair.ok.ubc.ca/wp-content/uploads/sites/145/2026/06/Factsheets_UBCV.pdf,Factsheets_UBCV.pdf,Fact Sheets,https://pair.ubc.ca/ubc-data-analytics/fact-sheets/,2026-06-17T18:54:32,1
pair,pdf,https://pair.ok.ubc.ca/wp-content/uploads/sites/145/2021/01/FocusGroupsWorkshop_20210119_rev0.pdf,FocusGroupsWorkshop_20210119_rev0.pdf,A General Guide to Administering Surveys,https://pair.ubc.ca/surveys/survey-governance/survey-support/survey-guide/,2021-04-26T21:31:17,1
pair,pdf,http://www.stephenporter.org/surveys/Lottery%20incentives%20RHE%202003.pdf,Lottery%20incentives%20RHE%202003.pdf,A General Guide to Administering Surveys,https://pair.ubc.ca/surveys/survey-governance/survey-support/survey-guide/,2021-04-26T21:31:17,1
pair,pdf,https://pair.ok.ubc.ca/wp-content/uploads/sites/145/2021/06/MASTER-UES-2019-Questionnaire.pdf,MASTER-UES-2019-Questionnaire.pdf,Undergraduate Experience Survey,https://pair.ubc.ca/surveys/ues/,2026-06-08T19:06:19,1
pair,pdf,https://pair.ok.ubc.ca/wp-content/uploads/sites/145/2020/07/NSSE-Questionnaires-14-17-organized.pdf,NSSE-Questionnaires-14-17-organized.pdf,National Survey of Student Engagement,https://pair.ubc.ca/surveys/nsse/,2026-06-11T21:42:01,1
pair,pdf,https://pair.ok.ubc.ca/wp-content/uploads/sites/145/2020/07/NSSE17-Pocket-Guide-Report-UBC-Vancouver.pdf,NSSE17-Pocket-Guide-Report-UBC-Vancouver.pdf,National Survey of Student Engagement,https://pair.ubc.ca/surveys/nsse/,2026-06-11T21:42:01,1
pair,pdf,https://pair.ok.ubc.ca/wp-content/uploads/sites/145/2020/07/NSSE17-Pocket-Guide-Report-UBCO.pdf,NSSE17-Pocket-Guide-Report-UBCO.pdf,National Survey of Student Engagement,https://pair.ubc.ca/surveys/nsse/,2026-06-11T21:42:01,1
pair,pdf,https://pair.ok.ubc.ca/wp-content/uploads/sites/145/2021/01/NSSE20-Pocket-Guide-Report-UBC-Vancouver.pdf,NSSE20-Pocket-Guide-Report-UBC-Vancouver.pdf,National Survey of Student Engagement,https://pair.ubc.ca/surveys/nsse/,2026-06-11T21:42:01,1
pair,pdf,https://pair.ok.ubc.ca/wp-content/uploads/sites/145/2021/01/NSSE20-Pocket-Guide-Report-UBCO.pdf,NSSE20-Pocket-Guide-Report-UBCO.pdf,National Survey of Student Engagement,https://pair.ubc.ca/surveys/nsse/,2026-06-11T21:42:01,1
pair,pdf,https://pair.ok.ubc.ca/wp-content/uploads/sites/145/2023/10/NSSE23-Pocket-Guide-Report-UBC-Vancouver.pdf,NSSE23-Pocket-Guide-Report-UBC-Vancouver.pdf,National Survey of Student Engagement,https://pair.ubc.ca/surveys/nsse/,2026-06-11T21:42:01,1
pair,pdf,https://pair.ok.ubc.ca/wp-content/uploads/sites/145/2023/10/NSSE23-Pocket-Guide-Report-UBCO.pdf,NSSE23-Pocket-Guide-Report-UBCO.pdf,National Survey of Student Engagement,https://pair.ubc.ca/surveys/nsse/,2026-06-11T21:42:01,1
pair,pdf,https://pair.ok.ubc.ca/wp-content/uploads/sites/145/2020/07/NSSE_2020_Canadian_English_Questionnaire.pdf,NSSE_2020_Canadian_English_Questionnaire.pdf,National Survey of Student Engagement,https://pair.ubc.ca/surveys/nsse/,2026-06-11T21:42:01,1
pair,pdf,https://pair.ok.ubc.ca/wp-content/uploads/sites/145/2021/01/NUBC-2020-Attenders-Questionnaire.pdf,NUBC-2020-Attenders-Questionnaire.pdf,New to UBC Survey,https://pair.ubc.ca/surveys/nubc/,2026-07-28T19:18:52,1
pair,pdf,https://pair.ok.ubc.ca/wp-content/uploads/sites/145/2021/01/NUBC-2020-Non-Attenders-Questionnaire.pdf,NUBC-2020-Non-Attenders-Questionnaire.pdf,New to UBC Survey,https://pair.ubc.ca/surveys/nubc/,2026-07-28T19:18:52,1
pair,pdf,https://pair.ok.ubc.ca/wp-content/uploads/sites/145/2021/04/NUBC-2020-Van-Ugrad-Final_20201104_V5.pdf,NUBC-2020-Van-Ugrad-Final_20201104_V5.pdf,New to UBC Survey,https://pair.ubc.ca/surveys/nubc/,2026-07-28T19:18:52,1
pair,pdf,https://pair.ok.ubc.ca/wp-content/uploads/sites/145/2022/01/NUBC-2021-Okanagan-Direct-Entry-Report.pdf,NUBC-2021-Okanagan-Direct-Entry-Report.pdf,New to UBC Survey,https://pair.ubc.ca/surveys/nubc/,2026-07-28T19:18:52,1
pair,pdf,https://pair.ok.ubc.ca/wp-content/uploads/sites/145/2022/01/NUBC-2021-Questionnaire.pdf,NUBC-2021-Questionnaire.pdf,New to UBC Survey,https://pair.ubc.ca/surveys/nubc/,2026-07-28T19:18:52,1
pair,pdf,https://pair.ok.ubc.ca/wp-content/uploads/sites/145/2022/01/NUBC-2021-Vancouver-Direct-Entry-Report.pdf,NUBC-2021-Vancouver-Direct-Entry-Report.pdf,New to UBC Survey,https://pair.ubc.ca/surveys/nubc/,2026-07-28T19:18:52,1
pair,pdf,https://pair.ok.ubc.ca/wp-content/uploads/sites/145/2023/01/NUBC-2022-Okanagan-Direct-Entry-Public-Report-Jan-16-2023.pdf,NUBC-2022-Okanagan-Direct-Entry-Public-Report-Jan-16-2023.pdf,New to UBC Survey,https://pair.ubc.ca/surveys/nubc/,2026-07-28T19:18:52,1
pair,pdf,https://pair.ok.ubc.ca/wp-content/uploads/sites/145/2022/12/NUBC-2022-Questionnaire.pdf,NUBC-2022-Questionnaire.pdf,New to UBC Survey,https://pair.ubc.ca/surveys/nubc/,2026-07-28T19:18:52,1
pair,pdf,https://pair.ok.ubc.ca/wp-content/uploads/sites/145/2023/01/NUBC-2022-Vancouver-Direct-Entry-Public-Report-Jan-16-2023.pdf,NUBC-2022-Vancouver-Direct-Entry-Public-Report-Jan-16-2023.pdf,New to UBC Survey,https://pair.ubc.ca/surveys/nubc/,2026-07-28T19:18:52,1
pair,pdf,https://pair.ok.ubc.ca/wp-content/uploads/sites/145/2024/05/NUBC-2023-Okanagan-Direct-Entry-Report-Public-v1.pdf,NUBC-2023-Okanagan-Direct-Entry-Report-Public-v1.pdf,New to UBC Survey,https://pair.ubc.ca/surveys/nubc/,2026-07-28T19:18:52,1
pair,pdf,https://pair.ok.ubc.ca/wp-content/uploads/sites/145/2024/05/NUBC-2023-Vancouver-Direct-Entry-Report-Public-v4.pdf,NUBC-2023-Vancouver-Direct-Entry-Report-Public-v4.pdf,New to UBC Survey,https://pair.ubc.ca/surveys/nubc/,2026-07-28T19:18:52,1
pair,pdf,https://pair.ok.ubc.ca/wp-content/uploads/sites/145/2021/04/NUBC-Attenders-Questionnaire-2019.pdf,NUBC-Attenders-Questionnaire-2019.pdf,New to UBC Survey,https://pair.ubc.ca/surveys/nubc/,2026-07-28T19:18:52,1
pair,pdf,https://pair.ok.ubc.ca/wp-content/uploads/sites/145/2021/04/NUBC-Non-Attenders-Questionnaire-2019.pdf,NUBC-Non-Attenders-Questionnaire-2019.pdf,New to UBC Survey,https://pair.ubc.ca/surveys/nubc/,2026-07-28T19:18:52,1
pair,pdf,https://pair.ok.ubc.ca/wp-content/uploads/sites/145/2021/04/NUBC2020OkanaganGraduateReport_NoComments.pdf,NUBC2020OkanaganGraduateReport_NoComments.pdf,New to UBC Survey,https://pair.ubc.ca/surveys/nubc/,2026-07-28T19:18:52,1
pair,pdf,https://pair.ok.ubc.ca/wp-content/uploads/sites/145/2022/01/NUBC2021GradReport_RPT_20211101_rev0.pdf,NUBC2021GradReport_RPT_20211101_rev0.pdf,New to UBC Survey,https://pair.ubc.ca/surveys/nubc/,2026-07-28T19:18:52,1
pair,pdf,https://pair.ok.ubc.ca/wp-content/uploads/sites/145/2022/12/NUBC2022GradReportFINAL_RPT_20221214_rev1.pdf,NUBC2022GradReportFINAL_RPT_20221214_rev1.pdf,New to UBC Survey,https://pair.ubc.ca/surveys/nubc/,2026-07-28T19:18:52,1
pair,pdf,https://pair.ok.ubc.ca/wp-content/uploads/sites/145/2023/12/NUBC2023GradReport_RPT_20231206_rev0.pdf,NUBC2023GradReport_RPT_20231206_rev0.pdf,New to UBC Survey,https://pair.ubc.ca/surveys/nubc/,2026-07-28T19:18:52,1
pair,pdf,https://pair.ok.ubc.ca/wp-content/uploads/sites/145/2024/11/NUBC2024GradReportFINAL_RPT_20241014_rev0.pdf,NUBC2024GradReportFINAL_RPT_20241014_rev0.pdf,New to UBC Survey,https://pair.ubc.ca/surveys/nubc/,2026-07-28T19:18:52,1
pair,pdf,https://pair.ok.ubc.ca/wp-content/uploads/sites/145/2025/11/NUBC2025GradReport_RPT_20250924_FINAL.pdf,NUBC2025GradReport_RPT_20250924_FINAL.pdf,New to UBC Survey,https://pair.ubc.ca/surveys/nubc/,2026-07-28T19:18:52,1
pair,pdf,https://pair.ok.ubc.ca/wp-content/uploads/sites/145/2021/04/NUBCOkanaganFinalReport_RPT_20201106_rev1.pdf,NUBCOkanaganFinalReport_RPT_20201106_rev1.pdf,New to UBC Survey,https://pair.ubc.ca/surveys/nubc/,2026-07-28T19:18:52,1
pair,pdf,https://pair.ok.ubc.ca/wp-content/uploads/sites/145/2020/07/NUBCOkanaganGraduateAttenders2019_rpt_20200616_rev0.pdf,NUBCOkanaganGraduateAttenders2019_rpt_20200616_rev0.pdf,New to UBC Survey,https://pair.ubc.ca/surveys/nubc/,2026-07-28T19:18:52,1
pair,pdf,https://pair.ok.ubc.ca/wp-content/uploads/sites/145/2020/07/NUBCOkanaganUndergradAttendersDirectEntry2019_20200616_rev0.pdf,NUBCOkanaganUndergradAttendersDirectEntry2019_20200616_rev0.pdf,New to UBC Survey,https://pair.ubc.ca/surveys/nubc/,2026-07-28T19:18:52,1
pair,pdf,https://pair.ok.ubc.ca/wp-content/uploads/sites/145/2020/07/NUBCOkanaganUndergradAttendersTransfer2019_20200616_rev0.pdf,NUBCOkanaganUndergradAttendersTransfer2019_20200616_rev0.pdf,New to UBC Survey,https://pair.ubc.ca/surveys/nubc/,2026-07-28T19:18:52,1
pair,pdf,https://ethics.research.ubc.ca/sites/ore.ubc.ca/files/documents/Online_Survey-GN.pdf,Online_Survey-GN.pdf,A General Guide to Administering Surveys,https://pair.ubc.ca/surveys/survey-governance/survey-support/survey-guide/,2021-04-26T21:31:17,1
pair,pdf,https://ap-seoi-2020.sites.olt.ubc.ca/files/2024/09/SEI-Administrative-Access-Form-September-2024-include-Dashboard.pdf,SEI-Administrative-Access-Form-September-2024-include-Dashboard.pdf,Access Information,https://pair.ubc.ca/surveys/sei/access-information/,2025-04-09T18:30:04,1
pair,pdf,https://pair.ubc.ca/wp-content/uploads/sites/145/2021/01/UBC-Annual-Enrolment-Report-2020-21.pdf,UBC-Annual-Enrolment-Report-2020-21.pdf,Annual Enrolment Reports,https://pair.ubc.ca/student-data-analytics/enrolment/annual-enrolment-reports/,2026-03-04T17:16:45,1
pair,pdf,https://pair.ok.ubc.ca/wp-content/uploads/sites/145/2023/03/UBC-Annual-Enrolment-Report-2022-23.pdf,UBC-Annual-Enrolment-Report-2022-23.pdf,Annual Enrolment Reports,https://pair.ubc.ca/student-data-analytics/enrolment/annual-enrolment-reports/,2026-03-04T17:16:45,1
pair,pdf,https://pair.ok.ubc.ca/wp-content/uploads/sites/145/2024/03/UBC-Annual-Enrolment-Report-2023-24.pdf,UBC-Annual-Enrolment-Report-2023-24.pdf,Annual Enrolment Reports,https://pair.ubc.ca/student-data-analytics/enrolment/annual-enrolment-reports/,2026-03-04T17:16:45,1
pair,pdf,https://pair.ok.ubc.ca/wp-content/uploads/sites/145/2025/11/UBC-Annual-Enrolment-Report-2024-25-v.2.pdf,UBC-Annual-Enrolment-Report-2024-25-v.2.pdf,Annual Enrolment Reports,https://pair.ubc.ca/student-data-analytics/enrolment/annual-enrolment-reports/,2026-03-04T17:16:45,1
pair,pdf,https://pair.ok.ubc.ca/wp-content/uploads/sites/145/2026/03/UBC-Annual-Enrolment-Report-2025-26.pdf,UBC-Annual-Enrolment-Report-2025-26.pdf,Annual Enrolment Reports,https://pair.ubc.ca/student-data-analytics/enrolment/annual-enrolment-reports/,2026-03-04T17:16:45,1
pair,pdf,https://pair.ubc.ca/wp-content/uploads/sites/145/2026/03/UBC-Annual-Enrolment-Report-2025-26.pdf,UBC-Annual-Enrolment-Report-2025-26.pdf,Annual Enrolment Report 2025-26,https://pair.ubc.ca/2026/03/05/annual-enrolment-report-2025-26/,2026-03-05T23:32:57,1
pair,pdf,https://pair.ubc.ca/wp-content/uploads/sites/145/2020/11/UBC-Enrolment-Report2016-17.pdf,UBC-Enrolment-Report2016-17.pdf,Annual Enrolment Reports,https://pair.ubc.ca/student-data-analytics/enrolment/annual-enrolment-reports/,2026-03-04T17:16:45,1
pair,pdf,https://pair.ok.ubc.ca/wp-content/uploads/sites/145/2025/06/UBC-Student-Diversity-Census-Report-2024_25.pdf,UBC-Student-Diversity-Census-Report-2024_25.pdf,Student Diversity Census,https://pair.ubc.ca/student-data-analytics/demographics/student-diversity-census/,2026-02-06T17:08:34,1
pair,pdf,https://pair.ok.ubc.ca/wp-content/uploads/sites/145/2020/07/UES-2019-Demographic-Profile-UBC-Okanagan.pdf,UES-2019-Demographic-Profile-UBC-Okanagan.pdf,Undergraduate Experience Survey,https://pair.ubc.ca/surveys/ues/,2026-06-08T19:06:19,1
pair,pdf,https://pair.ok.ubc.ca/wp-content/uploads/sites/145/2020/07/UES-2019-Demographic-Profile-UBC-Vancouver.pdf,UES-2019-Demographic-Profile-UBC-Vancouver.pdf,Undergraduate Experience Survey,https://pair.ubc.ca/surveys/ues/,2026-06-08T19:06:19,1
pair,pdf,https://pair.ok.ubc.ca/wp-content/uploads/sites/145/2020/07/UES-2019-Full-Distribution-UBC-Okanagan-DOMISI.pdf,UES-2019-Full-Distribution-UBC-Okanagan-DOMISI.pdf,Undergraduate Experience Survey,https://pair.ubc.ca/surveys/ues/,2026-06-08T19:06:19,1
pair,pdf,https://pair.ok.ubc.ca/wp-content/uploads/sites/145/2020/07/UES-2019-Full-Distribution-UBC-Vancouver-DOMISI.pdf,UES-2019-Full-Distribution-UBC-Vancouver-DOMISI.pdf,Undergraduate Experience Survey,https://pair.ubc.ca/surveys/ues/,2026-06-08T19:06:19,1
pair,pdf,https://pair.ok.ubc.ca/wp-content/uploads/sites/145/2020/07/UES-2019-TOP-2-UBC-Okanagan-DOMISI.pdf,UES-2019-TOP-2-UBC-Okanagan-DOMISI.pdf,Undergraduate Experience Survey,https://pair.ubc.ca/surveys/ues/,2026-06-08T19:06:19,1
pair,pdf,https://pair.ok.ubc.ca/wp-content/uploads/sites/145/2020/07/UES-2019-TOP-2-UBC-Vancouver-DOMISI.pdf,UES-2019-TOP-2-UBC-Vancouver-DOMISI.pdf,Undergraduate Experience Survey,https://pair.ubc.ca/surveys/ues/,2026-06-08T19:06:19,1
pair,pdf,https://pair.ok.ubc.ca/wp-content/uploads/sites/145/2020/07/UES-2019-TOP-3-UBC-Okanagan-DOMISI.pdf,UES-2019-TOP-3-UBC-Okanagan-DOMISI.pdf,Undergraduate Experience Survey,https://pair.ubc.ca/surveys/ues/,2026-06-08T19:06:19,1
pair,pdf,https://pair.ok.ubc.ca/wp-content/uploads/sites/145/2020/07/UES-2019-TOP-3-UBC-Vancouver-DOMISI.pdf,UES-2019-TOP-3-UBC-Vancouver-DOMISI.pdf,Undergraduate Experience Survey,https://pair.ubc.ca/surveys/ues/,2026-06-08T19:06:19,1
pair,pdf,https://pair.ok.ubc.ca/wp-content/uploads/sites/145/2021/07/UES-2021-Demographic-Profile-Okanagan.pdf,UES-2021-Demographic-Profile-Okanagan.pdf,Undergraduate Experience Survey,https://pair.ubc.ca/surveys/ues/,2026-06-08T19:06:19,1
pair,pdf,https://pair.ok.ubc.ca/wp-content/uploads/sites/145/2021/07/UES-2021-Demographic-Profile-Vancouver.pdf,UES-2021-Demographic-Profile-Vancouver.pdf,Undergraduate Experience Survey,https://pair.ubc.ca/surveys/ues/,2026-06-08T19:06:19,1
pair,pdf,https://pair.ok.ubc.ca/wp-content/uploads/sites/145/2021/07/UES-2021-Full-Distribution-Okanagan-Dom-ISI.pdf,UES-2021-Full-Distribution-Okanagan-Dom-ISI.pdf,Undergraduate Experience Survey,https://pair.ubc.ca/surveys/ues/,2026-06-08T19:06:19,1
pair,pdf,https://pair.ok.ubc.ca/wp-content/uploads/sites/145/2021/07/UES-2021-Full-Distribution-Vancouver-Dom-ISI.pdf,UES-2021-Full-Distribution-Vancouver-Dom-ISI.pdf,Undergraduate Experience Survey,https://pair.ubc.ca/surveys/ues/,2026-06-08T19:06:19,1
pair,pdf,https://pair.ok.ubc.ca/wp-content/uploads/sites/145/2021/07/UES-2021-Questionnaire.pdf,UES-2021-Questionnaire.pdf,Undergraduate Experience Survey,https://pair.ubc.ca/surveys/ues/,2026-06-08T19:06:19,1
pair,pdf,https://pair.ok.ubc.ca/wp-content/uploads/sites/145/2021/07/UES-2021-TOP-2-Okanagan-Dom-ISI.pdf,UES-2021-TOP-2-Okanagan-Dom-ISI.pdf,Undergraduate Experience Survey,https://pair.ubc.ca/surveys/ues/,2026-06-08T19:06:19,1
pair,pdf,https://pair.ok.ubc.ca/wp-content/uploads/sites/145/2021/07/UES-2021-TOP-2-Vancouver-Dom-ISI.pdf,UES-2021-TOP-2-Vancouver-Dom-ISI.pdf,Undergraduate Experience Survey,https://pair.ubc.ca/surveys/ues/,2026-06-08T19:06:19,1
pair,pdf,https://pair.ok.ubc.ca/wp-content/uploads/sites/145/2021/07/UES-2021-TOP-3-Okanagan-Dom-ISI.pdf,UES-2021-TOP-3-Okanagan-Dom-ISI.pdf,Undergraduate Experience Survey,https://pair.ubc.ca/surveys/ues/,2026-06-08T19:06:19,1
pair,pdf,https://pair.ok.ubc.ca/wp-content/uploads/sites/145/2021/07/UES-2021-TOP-3-Vancouver-Dom-ISI.pdf,UES-2021-TOP-3-Vancouver-Dom-ISI.pdf,Undergraduate Experience Survey,https://pair.ubc.ca/surveys/ues/,2026-06-08T19:06:19,1
pair,pdf,https://pair.ok.ubc.ca/wp-content/uploads/sites/145/2022/09/UES-2022-Demographic-Profile-UBC-Okanagan.pdf,UES-2022-Demographic-Profile-UBC-Okanagan.pdf,Undergraduate Experience Survey,https://pair.ubc.ca/surveys/ues/,2026-06-08T19:06:19,1
pair,pdf,https://pair.ok.ubc.ca/wp-content/uploads/sites/145/2022/09/UES-2022-Demographic-Profile-UBC-Vancouver.pdf,UES-2022-Demographic-Profile-UBC-Vancouver.pdf,Undergraduate Experience Survey,https://pair.ubc.ca/surveys/ues/,2026-06-08T19:06:19,1
pair,pdf,https://pair.ok.ubc.ca/wp-content/uploads/sites/145/2022/09/UES-2022-Full-Distribution-UBC-Okanagan.pdf,UES-2022-Full-Distribution-UBC-Okanagan.pdf,Undergraduate Experience Survey,https://pair.ubc.ca/surveys/ues/,2026-06-08T19:06:19,1
pair,pdf,https://pair.ok.ubc.ca/wp-content/uploads/sites/145/2022/09/UES-2022-Full-Distribution-UBC-Vancouver.pdf,UES-2022-Full-Distribution-UBC-Vancouver.pdf,Undergraduate Experience Survey,https://pair.ubc.ca/surveys/ues/,2026-06-08T19:06:19,1
pair,pdf,https://pair.ok.ubc.ca/wp-content/uploads/sites/145/2022/09/UES-2022-Questionnaire-v.2.pdf,UES-2022-Questionnaire-v.2.pdf,Undergraduate Experience Survey,https://pair.ubc.ca/surveys/ues/,2026-06-08T19:06:19,1
pair,pdf,https://pair.ok.ubc.ca/wp-content/uploads/sites/145/2022/09/UES-2022-TOP-2-UBC-Okanagan.pdf,UES-2022-TOP-2-UBC-Okanagan.pdf,Undergraduate Experience Survey,https://pair.ubc.ca/surveys/ues/,2026-06-08T19:06:19,1
pair,pdf,https://pair.ok.ubc.ca/wp-content/uploads/sites/145/2022/09/UES-2022-TOP-2-UBC-Vancouver.pdf,UES-2022-TOP-2-UBC-Vancouver.pdf,Undergraduate Experience Survey,https://pair.ubc.ca/surveys/ues/,2026-06-08T19:06:19,1
pair,pdf,https://pair.ok.ubc.ca/wp-content/uploads/sites/145/2022/09/UES-2022-TOP-3-UBC-Okanagan.pdf,UES-2022-TOP-3-UBC-Okanagan.pdf,Undergraduate Experience Survey,https://pair.ubc.ca/surveys/ues/,2026-06-08T19:06:19,1
pair,pdf,https://pair.ok.ubc.ca/wp-content/uploads/sites/145/2022/09/UES-2022-TOP-3-UBC-Vancouver.pdf,UES-2022-TOP-3-UBC-Vancouver.pdf,Undergraduate Experience Survey,https://pair.ubc.ca/surveys/ues/,2026-06-08T19:06:19,1
pair,pdf,https://pair.ok.ubc.ca/wp-content/uploads/sites/145/2025/10/UES-2025-March-Survey-300625.pdf,UES-2025-March-Survey-300625.pdf,Undergraduate Experience Survey,https://pair.ubc.ca/surveys/ues/,2026-06-08T19:06:19,1
pair,pdf,https://pair.ok.ubc.ca/wp-content/uploads/sites/145/2020/07/UESOkanagan2019_rpt_20200616_rev0.pdf,UESOkanagan2019_rpt_20200616_rev0.pdf,Undergraduate Experience Survey,https://pair.ubc.ca/surveys/ues/,2026-06-08T19:06:19,1
pair,pdf,https://pair.ok.ubc.ca/wp-content/uploads/sites/145/2023/10/nsse-2023-codebook-core-canadian.pdf,nsse-2023-codebook-core-canadian.pdf,National Survey of Student Engagement,https://pair.ubc.ca/surveys/nsse/,2026-06-11T21:42:01,1
pair,pdf,https://pair.ok.ubc.ca/wp-content/uploads/sites/145/2024/03/ues2024_questionnaire_v3.0.pdf,ues2024_questionnaire_v3.0.pdf,Undergraduate Experience Survey,https://pair.ubc.ca/surveys/ues/,2026-06-08T19:06:19,1
