BLDG_USAGE,NAME,BLDG_CODE,PRIMARY_ADDRESS,POSTAL_CODE,BLDG_UID,CONSTR_STATUS,LAT,LONG
Housing,Crescent West,CRSW,5879 Gray Avenue,V6S 0A9,VBL10219,Complete,49.253131,-123.232799
Housing,Binning Tower - Highrise,BINH,3355 Binning Road,V6S 0J1,VBL10210,Complete,49.255441,-123.231374
Operations,South Campus Warehouse,SCWH,4120 Wesbrook Mall,V6T 1W5,VBL10077,Complete,49.246256,-123.231863
Operations,Lower Mall Research Station,LMRS,2259 Lower Mall,V6T 1Z4,VBL10100,Complete,49.260553,-123.255524
Academic,Iona Building,IONA,6000 Iona Drive,V6T 1L4,VBL10292,Complete,49.270988,-123.250309
Operations,Main Substation,MSUB,2446 Health Sciences Mall,V6T 1Z3,VBL10192,Complete,49.261347,-123.24437
Operations,UBC Botanical Garden Nursery - Workshop,BON2,"3929 Wesbrook Mall, Building 1",V6T 1W5,VBL10195,Complete,49.249533,-123.234449
Operations,UBC Botanical Garden Nursery - Greenhouses,BON1,"3929 Wesbrook Mall, Building 2",V6T 1W5,VBL10196,Complete,49.249451,-123.234972
Operations,Materials Recovery Facility,MARF,6055 Nurseries Road,V6T 1W5,VBL10203,Complete,49.245784,-123.228539
Other,Telus Hub,TELS,5895 Berton Avenue,V6T 1W5,VBL10179,Complete,49.255225,-123.235473
Academic,Chemistry Physics Building A,CHPH,6221 University Boulevard,V6T 1Z1,VBL10327,Complete,49.265736,-123.251513
Housing,Academy - Highrise,ACD1,5728 Berton Avenue,V6S 0E5,VBL10183,Complete,49.255577,-123.233051
Housing,Sail - Building 1,SAL1,5983 Gray Avenue,V6S 0G8,VBL10172,Complete,49.252238,-123.235232
Housing,Pacific,PACC,5928 Birney Avenue,V6S 0B5,VBL10169,Complete,49.253278,-123.234987
Services,The Barn - Owl Child Care,BARN,2323 Main Mall,V6T 1Z4,VBL10181,Complete,49.261931,-123.251115
StudentHousing,Marine Drive Residence - 6,MAR6,"2205 Lower Mall, Building 6",V6T 1Z4,VBL10218,Complete,49.261079,-123.256063
Housing,Legacy,LGCY,6333 Larkin Drive,V6T 0A7,VBL10160,Complete,49.257463,-123.248008
Housing,Promontory,PROM,2688 West Mall,V6T 2J8,VBL10149,Complete,49.25595,-123.247569
Housing,Nine on the Park,NINE,6298 Eagles Drive,V6T 0A3,VBL10158,Complete,49.259327,-123.247034
Housing,Reflections,REFL,6279 Eagles Drive,V6T 2K7,VBL10148,Complete,49.258252,-123.246886
Parking,West Parkade,PARW,2140 Lower Mall,V6T 1Z4,VBL10284,Complete,49.262596,-123.255018
Academic,Gordon B. Shrum Building,SHRM,6088 University Boulevard,V6T 1Z3,VBL10444,Complete,49.265643,-123.247325
Housing,Somerset,SOMS,6360 Larkin Drive,V6T 2K5,VBL10147,Complete,49.256504,-123.24813
Services,Child Care Services Administration Building,CCSA,2881 Acadia Road,V6T 1S1,VBL10306,Complete,49.26093,-123.234257
Housing,Hawthorn Green,HAWT,6318 Hawthorn Lane,V6T 2J6,VBL10144,Complete,49.258174,-123.248586
Housing,Clement's Green,CLEM,6268 Eagles Drive,V6T 0A2,VBL10143,Complete,49.25822,-123.245831
StudentHousing,Fraser Hall,FRAS,2550 Wesbrook Mall,V6T 1Z3,VBL10117,Complete,49.261506,-123.240766
Housing,St. James House,STJA,5835 Hampton Place,V6T 2G2,VBL10115,Complete,49.25822,-123.237199
Housing,Sitka,SITK,5868 Agronomy Road,V6T 0B5,VBL10112,Complete,49.262882,-123.241911
Services,Cecil Green Park House,CGPH,6251 Cecil Green Park Road,V6T 1Z1,VBL10342,Complete,49.271387,-123.25769
Housing,Sage - Townhouses,SAG2,"5782 Berton Avenue, Building 1",V6S 0C1,VBL10188,Complete,49.254987,-123.233501
Housing,Sage - Highrise,SAG1,5782 Berton Avenue,V6S 0C1,VBL10187,Complete,49.255264,-123.233708
Services,International House,INTL,1783 West Mall,V6T 1Z2,VBL10371,Complete,49.2678,-123.25896
Housing,Theory,THRY,5781 Binning Avenue,V6S 0M7,VBL10455,Complete,49.251054,-123.231135
Housing,Chancellor Hall - Townhouses,CHHT,5978 Chancellor Mews,V6T 2L5,VBL10271,Complete,49.272187,-123.250355
Housing,Spirit,SPRT,3478 Wesbrook Mall,V6S 0B6,VBL10238,Complete,49.252986,-123.233615
Academic,Walter C. Koerner Library,KLIB,1958 Main Mall,V6T 1Z2,VBL10154,Complete,49.26665,-123.255125
Housing,Logan Lane,LOGN,6226 Logan Lane,V6T 2K9,VBL10226,Complete,49.258901,-123.245728
Administrative,Gateway North,GATN,2047 Wesbrook Mall,V6T 1Z1,VBL10462,UnderConstruction,49.267204,-123.246884
Academic,David Strangway Building,STRG,5950 University Boulevard,V6T 1Z3,VBL10070,Complete,49.265839,-123.246173
Housing,Verve,VERV,5855 Binning Avenue,V6S 0M8,VBL10453,Complete,49.250869,-123.231851
Housing,Journey,JOUR,6328 Larkin Drive,V6T 2K2,VBL10225,Complete,49.258036,-123.247481
Academic,Robert F. Osborne Centre - Unit 1,OSB1,"6108 Thunderbird Boulevard, Building 1",V6T 1Z3,VBL10251,Complete,49.260296,-123.24372
Academic,Robert F. Osborne Centre - Unit 2,OSB2,"6108 Thunderbird Boulevard, Building 2",V6T 1Z3,VBL10296,Complete,49.259976,-123.244315
StudentHousing,Acadia Park Residence - President's Row,APRP,5501 Presidents Row,V6T 1L5,VBL10295,Complete,49.265326,-123.238984
Academic,School of Population & Public Health,SPPH,2206 East Mall,V6T 1Z3,VBL10107,Complete,49.26424,-123.248416
Operations,Staging Environmental Research Centre,SERC,6045 Nurseries Road,V6T 1W5,VBL10123,Complete,49.245383,-123.228053
Athletics,Student Recreation Centre,SRC,6000 Student Union Boulevard,V6T 1Z1,VBL10125,Complete,49.268304,-123.248976
Other,Timothy Hall,TMHL,5950 Iona Drive,V6T 1J6,VBL10450,Complete,49.271035,-123.248723
StudentHousing,Exchange Residence,EXCH,5960 Student Union Boulevard,V6T 2C9,VBL10370,Complete,49.268567,-123.247692
StudentHousing,Green College - A South,GRN3,"6201 Cecil Green Park Road, Building 6",V6T 1Z1,VBL10415,Complete,49.270941,-123.255231
StudentHousing,Green College - B East,GRN5,"6201 Cecil Green Park Road, Building 7",V6T 1Z1,VBL10174,Complete,49.270843,-123.25601
Operations,UBC Exchange,TRAN,1985 Wesbrook Mall,V6T 2C9,VBL10354,Complete,49.267759,-123.247429
StudentHousing,Green College - Kitchen/Laundry,GRN2,"6201 Cecil Green Park Road, Building 9",V6T 1Z1,VBL10434,Complete,49.270989,-123.255578
StudentHousing,Green College - A North,GRN1,"6201 Cecil Green Park Road, Building 5",V6T 1Z1,VBL10194,Complete,49.271155,-123.255667
StudentHousing,Green College - D Coach House,GRN6,"6201 Cecil Green Park Road, Building 2",V6T 1Z1,VBL10176,Complete,49.271144,-123.256534
Services,Green College - D Commons,GRN8,"6201 Cecil Green Park Road, Building 3",V6T 1Z1,VBL10435,Complete,49.271298,-123.256687
Services,Green College - D Graham House,GRN7,"6201 Cecil Green Park Road, Building 4",V6T 1Z1,VBL10189,Complete,49.27128,-123.256266
StudentHousing,Green College - Guest House,GRN9,"6201 Cecil Green Park Road, Building 1",V6T 1Z1,VBL10180,Complete,49.27086,-123.256515
StudentHousing,Acadia Park Residence - Melfa Lane,APR1,2500 Melfa Lane,V6T 2C6,VBL10258,Complete,49.264247,-123.2371
StudentHousing,Acadia Park Residence - Montgomery Place,APR2,5501 Montgomery Place,V6T 2C8,VBL10439,Complete,49.264815,-123.238725
StudentHousing,Green College - Principal's Residence,GRN10,6205 Cecil Green Park Road,V6T 1Z1,VBL10190,Complete,49.270911,-123.256949
StudentHousing,Acadia Park Residence - Pearkes Lane,APR4,2500 Pearkes Lane,V6T 2C4,VBL10440,Complete,49.264274,-123.239427
StudentHousing,Fairview Crescent Residence - Building 1,FAR1,2600 Fairview Crescent,V6T 2B9,VBL10193,Complete,49.26332,-123.239653
StudentHousing,Acadia Park Residence - Tennis Crescent,APR5,2621 Tennis Crescent,V6T 2C1,VBL10436,Complete,49.263483,-123.237716
StudentHousing,Fairview Crescent Residence - Building 2,FAR2,2763 Fairview Crescent,V6T 2B8,VBL10198,Complete,49.263001,-123.239796
Research,Pulp and Paper Centre,PAPC,2385 East Mall,V6T 1Z4,VBL10045,Complete,49.261416,-123.247568
Commons,Brock Commons East - Tallwood House,BRCE,"6088 Walter Gage Road, Building 1",V6T 1Z1,VBL10212,Complete,49.269507,-123.251313
Commons,Brock Commons North,BRCN,6177 Walter Gage Road,V6T 1K2,VBL10423,Complete,49.269586,-123.25262
Commons,Ponderosa Commons East - Audain Art Centre/Spruce House,PCE,6398 University Boulevard,V6T 1Z4,VBL10311,Complete,49.263781,-123.25441
Commons,Ponderosa Commons North - Oak/Cedar House,PCN,6445 University Boulevard,V6T 1Z2,VBL10312,Complete,49.264092,-123.256151
Commons,Ponderosa Commons West - Arbutus/Maple House,PCW,6488 University Boulevard,V6T 1Z4,VBL10310,Complete,49.263441,-123.25562
StudentHousing,Acadia Park Residence - Yalta Place,APR6,5501 Yalta Place,V6T 1L7,VBL10438,Complete,49.26414,-123.238234
Academic,Biological Sciences Building,BIOL,6270 University Boulevard,V6T 1Z4,VBL10409,Complete,49.264469,-123.251339
Services,UBC Bookstore / NCE,BOOK,6200 University Boulevard,V6T 1Z4,VBL10065,Complete,49.264988,-123.250592
StudentHousing,Totem Park Residence - Haida/Salish House,TPR6,"2525 West Mall, Building 6",V6T 1W9,VBL10002,Complete,49.257476,-123.252622
StudentHousing,Totem Park Residence - Dene/Nootka House,TPR2,"2525 West Mall, Building 2",V6T 1W9,VBL10126,Complete,49.258715,-123.253225
StudentHousing,Totem Park Residence - Kwakiutl/Shuswap House,TPR3,"2525 West Mall, Building 3",V6T 1W9,VBL10127,Complete,49.259362,-123.252324
Athletics,Doug Mitchell Thunderbird Sports Centre,THUN,6066 Thunderbird Boulevard,V6T 1Z3,VBL10307,Complete,49.260341,-123.241931
StudentHousing,Lower Mall Precinct - Tower 2,LMP2,2145 Lower Mall,V6T 1Z4,VBL10466,UnderConstruction,49.262616,-123.256056
Services,Lower Mall Precinct - Podium Amenity,LMPP,6115 South Street,V6T 1Z4,VBL10469,UnderConstruction,49.262709,-123.256318
StudentHousing,Lower Mall Precinct - Tower 1,LMP1,6530 University Boulevard,V6T 1Z4,VBL10468,UnderConstruction,49.26294,-123.256687
StudentHousing,Lower Mall Precinct - Tower 6,LMP6,6560 University Boulevard,V6T 1Z4,VBL10465,UnderConstruction,49.262752,-123.257685
Services,Lower Mall Precinct - Old Fire Hall,LMPF,6558 University Boulevard,V6T 1Z4,VBL10139,UnderConstruction,49.262567,-123.257376
StudentHousing,Lower Mall Precinct - Tower 5,LMP5,6590 University Boulevard,V6T 1Z4,VBL10463,UnderConstruction,49.262376,-123.25809
StudentHousing,Lower Mall Precinct - Tower 4,LMP4,6575 South Street,V6T 1Z4,VBL10464,UnderConstruction,49.262147,-123.257569
StudentHousing,Lower Mall Precinct - Tower 3,LMP3,6555 South Street,V6T 1Z4,VBL10467,UnderConstruction,49.262304,-123.256659
Administrative,TEF (Technology Enterprise Facility) 3,TEF3,6190 Agronomy Road,V6T 1Z3,VBL10346,Complete,49.261156,-123.246299
Operations,Bioenergy Research and Demonstration Facility,BRDF,2337 Lower Mall,V6T 1Z4,VBL10069,Complete,49.260266,-123.254619
Operations,University Services Building,USB,2329 West Mall,V6T 1Z4,VBL10150,Complete,49.2613,-123.253785
Other,Vancouver School of Theology,VST,6015 Walter Gage Road,V6T 1Z1,VBL10302,Complete,49.270391,-123.251044
Operations,UBC Water Pump Station,PUMP,6355 University Boulevard,V6T 1Z2,VBL10420,Complete,49.264621,-123.254161
Academic,Civil and Mechanical Engineering Building,CEME,6250 Applied Science Lane,V6T 1Z4,VBL10329,Complete,49.262545,-123.248881
StudentHousing,Walter H. Gage Residence - North Tower,WGR5,"5959 Student Union Boulevard, Building 4",V6T 1K2,VBL10394,Complete,49.269841,-123.250029
StudentHousing,Walter H. Gage Residence - South Tower,WGR6,"5959 Student Union Boulevard, Building 2",V6T 1K2,VBL10395,Complete,49.2692,-123.24972
StudentHousing,Acadia Park Residence - Fairview Place,APR3,5501 Fairview Place,V6T 2E2,VBL10437,Complete,49.263269,-123.236838
StudentHousing,Acadia Park Residence - Highrise,APRH,2725 Melfa Road,V6T 1N4,VBL10260,Complete,49.26237,-123.236813
Academic,AERL (Aquatic Ecosystems Research Laboratory),AERL,2202 Main Mall,V6T 1Z4,VBL10087,Complete,49.26376,-123.250977
Operations,Campus Energy Centre,CEC,6130 Agronomy Road,V6T 1Z3,VBL10339,Complete,49.261648,-123.245083
Academic,CIRS (Centre for Interactive Research on Sustainability),CIRS,2260 West Mall,V6T 1Z4,VBL10162,Complete,49.262051,-123.25308
Other,Chapel of the Epiphany,CHPL,6030 Chancellor Boulevard,V6T 1X3,VBL10392,Complete,49.271559,-123.252272
Services,Djavad Mowafaghian Centre for Brain Health,CBH,2215 Wesbrook Mall,V6T 1Z3,VBL10103,Complete,49.264275,-123.244569
Academic,Earth and Ocean Sciences,EOS,6339 Stores Road,V6T 1Z4,VBL10001,Complete,49.26251,-123.25249
Academic,Earth Sciences Building,ESB,2207 Main Mall,V6T 1Z4,VBL10072,Complete,49.263067,-123.252188
Academic,Engineering Student Centre,ESC,2335 Engineering Road,V6T 1Z4,VBL10073,Complete,49.262188,-123.249278
Academic,Institute for Computing Information and Cognitive Systems / Computer Science Building,ICCS,2366 Main Mall,V6T 1Z4,VBL10078,Complete,49.261174,-123.248832
Academic,West Mall Annex,WMAX,1933 West Mall,V6T 1Z2,VBL10283,Complete,49.26625,-123.257156
Housing,Keenleyside,KEEN,5788 Birney Avenue,V6S 0A2,VBL10040,Complete,49.253967,-123.233169
Academic,Buchanan Tower,BUTO,1873 East Mall,V6T 1Z1,VBL10324,Complete,49.268579,-123.253487
Academic,Jack Bell Building for the School of Social Work,SOWK,2080 West Mall,V6T 1Z2,VBL10081,Complete,49.264462,-123.255094
Services,Berwick Child Development Centre,BERW,2765 Osoyoos Crescent,V6T 1X7,VBL10155,Complete,49.260588,-123.238932
Housing,Echo,ECHO,5728 Gray Avenue,V6S 0M4,VBL10443,Complete,49.2525,-123.232318
Academic,Horticulture Building,HORT,6394 Stores Road,V6T 1Z4,VBL10362,Complete,49.261402,-123.252773
Academic,Library PARC@UBC,PARC,6049 Nurseries Road,V6T 1W5,VBL10351,Complete,49.245082,-123.229708
Academic,JB Macdonald Building,MCDN,2199 Wesbrook Mall,V6T 1Z3,VBL10366,Complete,49.265345,-123.24533
Housing,Evolve,EVLV,3518 Wesbrook Mall,V6T 1W5,VBL10422,Complete,49.252346,-123.233236
Services,UBC Botanical Garden - Admin/Campbell Building,BOT2,"6804 SW Marine Drive, Building 3",V6T 1Z4,VBL10006,Complete,49.253896,-123.251116
Services,UBC Botanical Garden - Alpine Garden Greenhouse,BOT8,"6804 SW Marine Drive, Building 6",V6T 1Z4,VBL10431,Complete,49.253645,-123.245842
Services,UBC Botanical Garden - Garden Pavilion,BOT4,"6804 SW Marine Drive, Building 5",V6T 1Z4,VBL10003,Complete,49.25326,-123.247116
Services,UBC Botanical Garden - Reception Centre,BOT3,"6804 SW Marine Drive, Building 2",V6T 1Z4,VBL10008,Complete,49.254155,-123.251275
Housing,Cypress House,CYPR,5988 Gray Avenue,V6S 0K4,VBL10322,Complete,49.25194,-123.23469
Housing,Pine House,PINE,3588 Ross Drive,V6S 0K3,VBL10321,Complete,49.251443,-123.234274
Services,UBC Botanical Garden - Scholar's Retreat,BOT5,6380 Stadium Road,V6T 1Z4,VBL10004,Complete,49.254985,-123.24692
Services,UBC Botanical Garden - Shop/Gatehouse Entrance,BOT1,"6804 SW Marine Drive, Building 1",V6T 1Z4,VBL10419,Complete,49.254038,-123.250549
Services,UBC Botanical Garden - Ting Lookout,BOT7,"6804 SW Marine Drive, Building 4",V6T 1Z4,VBL10007,Complete,49.254091,-123.25166
Housing,Cascara House,CSCA,6385 Hawthorn Lane,V6T 0C1,VBL10347,Complete,49.258468,-123.249667
Housing,Gardenia House,GARD,6309 Larkin Drive,V6T 0C2,VBL10224,Complete,49.25873,-123.248967
Operations,UBC Botanical Garden - Workshop (Trailer),BOT6,6450 Stadium Road,V6T 1Z4,VBL10005,Complete,49.254769,-123.24764
Operations,UBC Farm - Children's Greenhouse,FRM3,"3461 Ross Drive, Building 2",V6T 1W5,VBL10015,Complete,49.251477,-123.239793
Housing,Magnolia House,MAGN,3565 Wesbrook Mall,V6S 0H1,VBL10191,Complete,49.251541,-123.233539
Operations,UBC Farm - Greenhouse 1,FRM4,"3461 Ross Drive, Building 3",V6T 1W5,VBL10009,Complete,49.251148,-123.238931
Commons,Brock Commons South,BRCS,6180 Walter Gage Road,V6T 1K2,VBL10424,Complete,49.26907,-123.252352
Operations,UBC Farm - Greenhouse 2,FRM5,"3461 Ross Drive, Building 4",V6T 1W5,VBL10012,Complete,49.251043,-123.239002
StudentHousing,Place Vanier Residence - Margaret Mackenzie House,VNR07,"1935 Lower Mall, Building 12",V6T 1X1,VBL10326,Complete,49.265692,-123.259143
StudentHousing,Place Vanier Residence - Phyllis Ross House,VNR09,"1935 Lower Mall, Building 11",V6T 1X1,VBL10368,Complete,49.265329,-123.259614
StudentHousing,Place Vanier Residence - Aldyen Hamber House,VNR01,"1935 Lower Mall, Building 13",V6T 1X1,VBL10325,Complete,49.265266,-123.258795
StudentHousing,Place Vanier Residence - Dorothy Mawdsley House,VNR04,"1935 Lower Mall, Building 10",V6T 1X1,VBL10267,Complete,49.264868,-123.259505
Other,University Hill Secondary School,UHIL,3228 Ross Drive,V6S 0C6,VBL10242,Complete,49.254268,-123.238731
StudentHousing,Place Vanier Residence - Korea House,VNR06,"1935 Lower Mall, Building 9",V6T 1X1,VBL10269,Complete,49.264613,-123.26001
StudentHousing,Place Vanier Residence - Tec De Monterrey House,VNR12,"1935 Lower Mall, Building 8",V6T 1X1,VBL10367,Complete,49.264041,-123.259538
StudentHousing,Place Vanier Residence - Cariboo House,VNR02,"1935 Lower Mall, Building 6",V6T 1X1,VBL10360,Complete,49.263743,-123.258968
Academic,Landscape Architecture Annex,LAX,2371 Main Mall,V6T 1Z4,VBL10377,Complete,49.260657,-123.250061
StudentHousing,Place Vanier Residence - Kootenay House,VNR05,"1935 Lower Mall, Building 3",V6T 1X1,VBL10268,Complete,49.263879,-123.257632
StudentHousing,Place Vanier Residence - Robson House,VNR10,"1935 Lower Mall, Building 7",V6T 1X1,VBL10358,Complete,49.263907,-123.258426
Services,UBC Hospital - Detwiller Pavilion,DPAV,2255 Wesbrook Mall,V6T 2A1,VBL10334,Complete,49.26356,-123.244471
Services,UBC Hospital - Koerner Pavilion,KPAV,2211 Wesbrook Mall,V6T 2B5,VBL10318,Complete,49.264151,-123.245991
Research,TRIUMF - Trailer RR,TRF26,"4004 Wesbrook Mall, Building 16",V6T 2A3,VBL10057,Complete,49.247137,-123.230834
StudentHousing,Walter H. Gage Residence - East Tower,WGR4,"5959 Student Union Boulevard, Building 3",V6T 1K2,VBL10393,Complete,49.269645,-123.249158
Housing,TRIUMF House,TRFH,5835 Thunderbird Boulevard,V6T 2L6,VBL10320,Complete,49.262025,-123.241171
Research,TRIUMF - Trailer Q,TRF25,"4004 Wesbrook Mall, Building 19",V6T 2A3,VBL10056,Complete,49.24682,-123.23062
Research,TRIUMF - Trailer PP,TRF24,"4004 Wesbrook Mall, Building 25",V6T 2A3,VBL10053,Complete,49.246359,-123.229145
Academic,UBC Farm - Yurt,YURT,3465 Ross Drive,V6T 1W5,VBL10391,Complete,49.25126,-123.239913
Research,TRIUMF - Trailer LL,TRF22,"4004 Wesbrook Mall, Building 17",V6T 2A3,VBL10050,Complete,49.246893,-123.230972
Research,TRIUMF - Trailer HH & FF,TRF21,"4004 Wesbrook Mall, Building 3",V6T 2A3,VBL10049,Complete,49.248316,-123.230643
StudentHousing,Place Vanier Residence - Okanagan House,VNR08,"1935 Lower Mall, Building 2",V6T 1X1,VBL10270,Complete,49.264345,-123.257764
Operations,Lower Mall Header House,LMHH,2331 Lower Mall,V6T 1Z4,VBL10097,Complete,49.260535,-123.254838
Research,TRIUMF - Trailer GG,TRF20,"4004 Wesbrook Mall, Building 26",V6T 2A3,VBL10063,Complete,49.246197,-123.229348
Academic,George Cunningham Building,CUNN,2146 East Mall,V6T 1Z3,VBL10039,Complete,49.264787,-123.248732
Research,TRIUMF - Trailer A,TRF18,"4004 Wesbrook Mall, Building 21",V6T 2A3,VBL10038,Complete,49.246586,-123.230325
Academic,Hebb Building,HEBB,2045 East Mall,V6T 1Z1,VBL10047,Complete,49.266129,-123.251663
Academic,HR MacMillan Building,MCML,2357 Main Mall,V6T 1Z4,VBL10060,Complete,49.261066,-123.250746
Research,TRIUMF - Shipping/Workshop,TRF28,6095 Nurseries Road,V6T 2A3,VBL10059,Complete,49.246246,-123.230068
Research,TRIUMF - Plant Storage,TRF15,"4004 Wesbrook Mall, Building 27",V6T 2A3,VBL10035,Complete,49.246011,-123.22963
Research,"TRIUMF - Offices, Laboratory & Workshops",TRF14,4004 Wesbrook Mall,V6T 2A3,VBL10132,Complete,49.247655,-123.230598
Research,TRIUMF - Nina Storage Shelter,TRF13,"4004 Wesbrook Mall, Building 23",V6T 2A3,VBL10034,Complete,49.246,-123.230435
Research,TRIUMF - Machine Shop Materials,TRF12,"4004 Wesbrook Mall, Building 24",V6T 2A3,VBL10061,Complete,49.246383,-123.22983
Research,TRIUMF - Liquid Helium Storage,TRF11,"4004 Wesbrook Mall, Building 18",V6T 2A3,VBL10033,Complete,49.246923,-123.230786
Academic,Coal and Mineral Processing Laboratory,MINL,2332 West Mall,V6T 1Z4,VBL10068,Complete,49.261169,-123.252039
Research,TRIUMF - ISAC 2,TRF10,"4004 Wesbrook Mall, Building 5",V6T 2A3,VBL10032,Complete,49.248293,-123.2294
Research,TRIUMF - ISAC 1,TRF09,"4004 Wesbrook Mall, Building 6",V6T 2A3,VBL10031,Complete,49.247869,-123.229483
Research,TRIUMF - Institute of Advanced Medical Isotopes (IAMI),TRF29,"4004 Wesbrook Mall, Building 28",V6T 2A3,VBL10425,Complete,49.246796,-123.228275
Research,TRIUMF - Hazardous Storage,TRF08,"4004 Wesbrook Mall, Building 13",V6T 2A3,VBL10030,Complete,49.246732,-123.229328
Academic,"Food, Nutrition and Health Building",FNH,2205 East Mall,V6T 1Z4,VBL10082,Complete,49.264014,-123.249744
Academic,Continuing Studies Building,CSB,2121 West Mall,V6T 1Z4,VBL10083,Complete,49.263338,-123.255014
Academic,Biomedical Research Centre,BRC,2222 Health Sciences Mall,V6T 1Z3,VBL10084,Complete,49.264116,-123.247194
Research,TRIUMF - Equipment Marque,TRF06,"4004 Wesbrook Mall, Building 20",V6T 2A3,VBL10028,Complete,49.246738,-123.230714
Academic,Chan Gunn Pavilion,GUNN,2553 Wesbrook Mall,V6T 1Z3,VBL10092,Complete,49.260939,-123.241655
Research,TRIUMF - Badge Room,TRF04,"4004 Wesbrook Mall, Building 2",V6T 2A3,VBL10026,Complete,49.247498,-123.230295
Research,TRIUMF - ARIEL,TRF01,"4004 Wesbrook Mall, Building 4",V6T 2A3,VBL10025,Complete,49.247701,-123.229976
Academic,Indian Residential School History and Dialogue Centre (IRSHDC),IRSC,1985 Learners' Walk,V6T 1Z1,VBL10109,Complete,49.266994,-123.253741
Academic,Pharmaceutical Sciences Building,PHRM,2405 Wesbrook Mall,V6T 1Z3,VBL10110,Complete,49.262279,-123.243346
Research,TRIUMF - Accelerator,TRF02,"4004 Wesbrook Mall, Building 7",V6T 2A3,VBL10022,Complete,49.247272,-123.229286
Academic,Medical Sciences Block C,MEDC,2176 Health Sciences Mall,V6T 1Z3,VBL10094,Complete,49.264969,-123.247871
Services,UBC Hospital - Purdy Pavilion,PPAV,2221 Wesbrook Mall,V6T 1Z9,VBL10388,Complete,49.263267,-123.245953
Administrative,Gerald McGavin Building,GMCG,2386 East Mall,V6T 1Z3,VBL10043,Complete,49.261791,-123.246762
Academic,Friedman Building,FRDM,2177 Wesbrook Mall,V6T 1Z3,VBL10120,Complete,49.265368,-123.246237
Academic,Douglas T. Kenny Building,KENN,2136 West Mall,V6T 1Z4,VBL10131,Complete,49.263332,-123.253859
Housing,Focal,FOCL,6111 University Boulevard,V6T 0C7,VBL10232,Complete,49.266181,-123.248432
Administrative,Donald Rix Building,RIX,2389 Health Sciences Mall,V6T 1Z3,VBL10129,Complete,49.261972,-123.2463
Academic,Liu Institute for Global Issues,LIU,6476 NW Marine Drive,V6T 1Z2,VBL10177,Complete,49.267549,-123.259267
Academic,Anthropology and Sociology Building,ANSO,6303 NW Marine Drive,V6T 1Z1,VBL10204,Complete,49.270316,-123.257691
Academic,Asian Centre,ACEN,1871 West Mall,V6T 1Z2,VBL10227,Complete,49.266752,-123.25871
Athletics,Recreation Centre North,RCN,6140 Student Union Boulevard,V6T 1Z1,VBL10441,Complete,49.267999,-123.250396
Academic,Sauder Expansion,SBUS,2046 West Mall,V6T 1Z2,VBL10456,UnderConstruction,49.265093,-123.254889
Services,Orchard Commons - Childcare,ORCC,2378 West Mall,V6T 1Z4,VBL10458,UnderConstruction,49.260376,-123.252031
Housing,Symphony,SYMY,3638 Wesbrook Mall,V6S 0M9,VBL10454,Complete,49.251114,-123.232337
Academic,Wesbrook Building,WESB,6174 University Boulevard,V6T 1Z3,VBL10266,Complete,49.265251,-123.249156
Services,Child Care Services - Little Goslings/Coho,CCS3,5590 Osoyoos Crescent,V6T 2E6,VBL10274,Complete,49.25992,-123.234048
Services,Child Care Services - Little Raven/Pacific Spirit,CCS4,5580 Osoyoos Crescent,V6T 2E6,VBL10275,Complete,49.260216,-123.233802
Services,Child Care Services - Sandpiper/Auklet,CCS5,5615 Osoyoos Crescent,V6T 1S1,VBL10276,Complete,49.26026,-123.234743
Services,Child Care Services - Summer of 73/Lilliput,CCS7,5690 Osoyoos Crescent,V6T 2E6,VBL10141,Complete,49.25945,-123.23547
Operations,Environmental Services Facility - Solvent Storage Area,ENV6,"6025 Nurseries Road, Building 3",V6T 1W5,VBL10413,Complete,49.243731,-123.228605
Operations,Environmental Services Facility - Natural Gas Station,ENV3,"6025 Nurseries Road, Building 7",V6T 1W5,VBL10408,Complete,49.24362,-123.228203
Operations,Environmental Services Facility - PCB Equipment Storage,ENV5,"6025 Nurseries Road, Building 4",V6T 1W5,VBL10406,Complete,49.243362,-123.228049
Operations,Environmental Services Facility - Lab,ENV1,"6025 Nurseries Road, Building 5",V6T 1W5,VBL10401,Complete,49.243333,-123.228656
Operations,Environmental Services Facility - Office,ENV4,"6025 Nurseries Road, Building 1",V6T 1W5,VBL10400,Complete,49.243471,-123.228986
Housing,Coast - Apartment East,COSE,6063 Iona Drive,V6T 0B1,VBL10300,Complete,49.271045,-123.252555
Housing,Thames Court - Townhouses,THAC2,5880 Hampton Place,V6T 2E9,VBL10253,Complete,49.257073,-123.236162
Services,Old Auditorium,AUDI,6344 Memorial Road,V6T 1Z2,VBL10335,Complete,49.266903,-123.256099
Academic,Mary Bollert Hall,MBOL,6253 NW Marine Drive,V6T 1Z1,VBL10201,Complete,49.270579,-123.256017
Academic,B.C. Binning Studios,BINN,6373 University Boulevard,V6T 1Z2,VBL10134,Complete,49.264604,-123.254879
Academic,UBC Life Building,LIFE,6138 Student Union Boulevard,V6T 1Z1,VBL10248,Complete,49.267434,-123.250062
Academic,Centre for Comparative Medicine,CCM,4145 Wesbrook Mall,V6T 1W5,VBL10017,Complete,49.246819,-123.233554
Research,TRIUMF - Accelerator Trailer,TRF03,"4004 Wesbrook Mall, Building 15",V6T 2A3,VBL10023,Complete,49.246851,-123.230129
Research,TRIUMF - Compressor Building,TRF05,"4004 Wesbrook Mall, Building 14",V6T 2A3,VBL10027,Complete,49.246664,-123.229909
Research,TRIUMF - Stores Building,TRF17,"4004 Wesbrook Mall, Building 22",V6T 2A3,VBL10037,Complete,49.246544,-123.230587
Academic,Beaty Biodiversity Centre,BETY,2212 Main Mall,V6T 1Z4,VBL10086,Complete,49.263372,-123.250353
Housing,Sandringham,SAND,5650 Hampton Place,V6T 2G5,VBL10106,Complete,49.257847,-123.233544
Parking,Thunderbird Parkade,PART,6085 Thunderbird Boulevard,V6T 1Z3,VBL10113,Complete,49.261655,-123.243068
Academic,Henry Angus Building,ANGU,2053 Main Mall,V6T 1Z2,VBL10067,Complete,49.26511,-123.253877
Housing,Academy - Townhouses,ACD2,"5728 Berton Avenue, Building 1",V6S 0E5,VBL10199,Complete,49.255183,-123.232786
Academic,Neville Scarfe Building,SCRF,2125 Main Mall,V6T 1Z4,VBL10095,Complete,49.263965,-123.253095
Athletics,Cecil Green Squash Court,CGSQ,"6251 Cecil Green Park Road, Building 1",V6T 1Z1,VBL10418,Complete,49.271421,-123.257059
Athletics,National Soccer Development Centre,NSDC,3065 Wesbrook Mall,V6T 1Z3,VBL10091,Complete,49.257149,-123.239979
Housing,Vista Point,VIST,5828 Thunderbird Boulevard,V6T 0B8,VBL10011,Complete,49.261694,-123.240272
Housing,Mundell House,MUNH,6038 Birney Avenue,V6S 0L4,VBL10213,Complete,49.252946,-123.236053
Housing,Granite Terrace,GRT1,3233 Wesbrook Mall,V6S 0B4,VBL10164,Complete,49.254831,-123.236997
Academic,Plant Science Garage,PLS2,"2613 West Mall, Building 1",V6T 1Z4,VBL10432,Complete,49.25644,-123.249256
Housing,Greenwood Commons,GRWC,2660 Wesbrook Mall,V6T 0A5,VBL10010,Complete,49.260948,-123.240072
StudentHousing,Marine Drive Residence - 4,MAR4,"2205 Lower Mall, Building 4",V6T 1Z4,VBL10217,Complete,49.261563,-123.255361
StudentHousing,Marine Drive Residence - 5,MAR5,"2205 Lower Mall, Building 5",V6T 1Z4,VBL10089,Complete,49.261115,-123.254905
Housing,Eton - Apartment,ETN2,5687 Gray Avenue,V6S 0K7,VBL10136,Complete,49.253202,-123.231376
StudentHousing,MBA House,MBAH,3385 Wesbrook Mall,V6T 1Z4,VBL10403,Complete,49.253876,-123.235169
Academic,Irving K. Barber Learning Centre,IBLC,1961 East Mall,V6T 1Z1,VBL10080,Complete,49.267595,-123.252738
Academic,Gas Gun Facility,GASG,6301 Stadium Road,V6T 1Z4,VBL10410,Complete,49.256017,-123.246052
Housing,Coast - Apartment West,COSW,6093 Iona Drive,V6T 0B2,VBL10297,Complete,49.270742,-123.253207
Athletics,War Memorial Gymnasium,MGYM,6081 University Boulevard,V6T 1Z1,VBL10161,Complete,49.266772,-123.247656
Athletics,UBC Tennis Centre,TENN,6160 Thunderbird Boulevard,V6T 1Z3,VBL10090,Complete,49.259487,-123.243836
Operations,Environmental Services Facility - Waste Processing & Storage,ENV7,"6025 Nurseries Road, Building 6",V6T 1W5,VBL10019,Complete,49.243446,-123.22872
Services,Rodney Graham Millennial Time Machine,RSCU,1940 Main Mall,V6T 1Z1,VBL10051,Complete,49.267524,-123.2545
Services,Child Care Services - Willow,MCC3,2845 Revelstoke Court,V6T 1S1,VBL10375,Complete,49.260828,-123.235327
Services,Child Care Services - Barish,MCC2,2835 Revelstoke Court,V6T 1S1,VBL10373,Complete,49.260465,-123.23552
Services,Child Care Services - Saw-Whet,MCC1,2850 Salmo Court,V6T 1S1,VBL10372,Complete,49.260393,-123.236502
Services,Child Care Services - Acadia,CCS1,2865 Revelstoke Court,V6T 1S1,VBL10272,Complete,49.260896,-123.234734
Housing,Azalea House,AZAL,6388 Hawthorn Lane,V6T 0B9,VBL10133,Complete,49.257895,-123.249486
Housing,Webber House,WEBH,3388 Webber Lane,V6S 0J8,VBL10171,Complete,49.253308,-123.236779
Housing,Tamarack House,TAMK,6230 Thunderbird Boulevard,V6T 0C3,VBL10159,Complete,49.259596,-123.246328
Housing,The Mews,MEWS,3333 Wesbrook Mall,V6S 0E3,VBL10165,Complete,49.254534,-123.235709
Housing,Village Square,VSQU,3338 Webber Lane,V6S 0J7,VBL10170,Complete,49.25396,-123.236379
Academic,Sing Tao Building,STAO,6388 Crescent Road,V6T 1Z2,VBL10348,Complete,49.267832,-123.25776
Housing,Larkspur House,LARK,3428 Wesbrook Mall,V6S 0G9,VBL10018,Complete,49.25356,-123.234055
Athletics,Gerald McGavin UBC Rugby Centre,RUGC,2765 Wesbrook Mall,V6T 1Z3,VBL10412,Complete,49.259582,-123.241314
Housing,Sumac House,SUMA,6395 Hawthorn Lane,V6T 0C1,VBL10041,Complete,49.258279,-123.250057
StudentHousing,tə šxʷhəleləm̓s tə k̓ʷaƛ̓kʷəʔaʔɬ (Saltwater) - q̓əlɬaləməcən leləm̓ (Orca),QLCN,5965 Student Union Boulevard,V6T 1K2,VBL10381,Complete,49.268822,-123.249653
StudentHousing,tə šxʷhəleləm̓s tə k̓ʷaƛ̓kʷəʔaʔɬ (Saltwater) - sɬewət̕ leləm̓ (Herring),SLWT,1945 Wesbrook Mall,V6T 1K2,VBL10383,Complete,49.269589,-123.247923
Academic,Geography Building,GEOG,1984 West Mall,V6T 1Z2,VBL10411,Complete,49.265984,-123.256128
Academic,Plant Science Field Station,PLS1,"2613 West Mall, Building 2",V6T 1Z4,VBL10433,Complete,49.256307,-123.249481
Housing,Ivy on the Park - Midrise,IVYM,"5681 Birney Avenue, Building 1",V6S 0A5,VBL10457,Complete,49.254882,-123.231847
Services,Child Care Services - Sitka/Discovery,CCS6,5620 Osoyoos Crescent,V6T 2E6,VBL10140,Complete,49.259762,-123.234519
Housing,Dahlia House,DAHL,3515 Wesbrook Mall,V6S 0H2,VBL10096,Complete,49.252149,-123.233927
Housing,Virtuoso,VIRT,3581 Ross Drive,V6S 0K5,VBL10345,Complete,49.250732,-123.233967
Housing,Ivy on the Park - Townhouses,IVYT,5681 Birney Avenue,V6S 0A5,VBL10264,Complete,49.254625,-123.231816
Other,Old Barn Community Centre,OBCC,6308 Thunderbird Boulevard,V6T 1Z4,VBL10157,Complete,49.258911,-123.248269
Other,Wesbrook Community Centre,WCOM,3335 Webber Lane,V6S 0H3,VBL10168,Complete,49.254008,-123.237712
Services,Child Care Services - Tillicum/Canada Goose,CCS8,5660 Osoyoos Crescent,V6T 2E6,VBL10142,Complete,49.259596,-123.234985
Services,Child Care Services - Kittiwake/Salal,CCS2,5655 Osoyoos Crescent,V6T 1S1,VBL10273,Complete,49.259997,-123.235278
Housing,The Wesbrook - Highrise,WSB1,5838 Berton Avenue,V6S 0A5,VBL10184,Complete,49.255096,-123.234509
Housing,The Wesbrook - Townhouses,WSB2,"5838 Berton Avenue, Building 1",V6S 0A5,VBL10076,Complete,49.254725,-123.234205
Other,Carey Centre,CRYC,5920 Iona Drive,V6T 1J6,VBL10257,Complete,49.27152,-123.248908
Housing,Ultima,ULTM,3479 Wesbrook Mall,V6S 0B7,VBL10340,Complete,49.25274,-123.234399
Other,Carey Hall,CRYH,1815 Wesbrook Mall,V6T 1J6,VBL10208,Complete,49.271737,-123.248532
Services,Walter H. Gage Residence - Commonsblock,WGR1,"5959 Student Union Boulevard, Building 1",V6T 1K2,VBL10263,Complete,49.269529,-123.249831
Administrative,Campus & Community Planning,CCP,2210 West Mall,V6T 1Z4,VBL10332,Complete,49.262441,-123.253282
Services,Totem Park Residence - Commonsblock,TPR1,"2525 West Mall, Building 1",V6T 1W9,VBL10231,Complete,49.25804,-123.252981
Housing,West Hampstead - Building 1,WHM1,5760 Hampton Place,V6T 2G1,VBL10281,Complete,49.257587,-123.235241
Housing,The Residences at Nobel Park - Apartment,REN1,3533 Ross Drive,V6S 0L3,VBL10353,Complete,49.250613,-123.235007
Housing,West Hampstead - Townhouses,WHM2,"5760 Hampton Place, Building 1",V6T 2G1,VBL10398,Complete,49.257507,-123.234582
Services,Museum of Anthropology,MOA,6393 NW Marine Drive,V6T 1Z2,VBL10235,Complete,49.269499,-123.259423
StudentHousing,tə šxʷhəleləm̓s tə k̓ʷaƛ̓kʷəʔaʔɬ (Saltwater) - sqimək̓ʷ leləm̓ (Octopus),SQMK,1875 Wesbrook Mall,V6T 1K2,VBL10382,Complete,49.270523,-123.248315
Academic,"Auditorium Annex Offices - A, B",AUDX,1924 West Mall,V6T 1Z2,VBL10228,Complete,49.266585,-123.256621
Administrative,Old Administration Building,OAB,6328 Memorial Road,V6T 1Z2,VBL10138,Complete,49.267105,-123.255511
StudentHousing,tə šxʷhəleləm̓s tə k̓ʷaƛ̓kʷəʔaʔɬ (Saltwater) - təməs leləm̓ (Sea Otter),TMES,1885 Wesbrook Mall,V6T 1K2,VBL10384,Complete,49.270168,-123.248031
StudentHousing,tə šxʷhəleləm̓s tə k̓ʷaƛ̓kʷəʔaʔɬ (Saltwater) - qʷta:yθən leləm̓ (Sturgeon),QTYN,"5955 Student Union Boulevard, Building 1",V6T 1K2,VBL10378,Complete,49.269217,-123.248518
Services,AMS Student Nest,NEST,6133 University Boulevard,V6T 1Z1,VBL10407,Complete,49.266573,-123.249801
Housing,Eton - Highrise,ETN1,3487 Binning Road,V6S 0K8,VBL10135,Complete,49.25345,-123.230561
Housing,Westchester,WSTR,2598 West Mall,V6T 2J9,VBL10220,Complete,49.257373,-123.249109
Housing,Westpoint,WSPT,6005 Walter Gage Road,V6T 0B3,VBL10305,Complete,49.270242,-123.250471
Housing,Wyndham Hall,WYND,5683 Hampton Place,V6T 2H3,VBL10293,Complete,49.259327,-123.234172
Housing,Yu,YU,5955 Birney Avenue,V6S 0C5,VBL10167,Complete,49.25356,-123.23605
Housing,The Laureates - Highrise,LAR1,5628 Birney Avenue,V6S 0H7,VBL10241,Complete,49.254108,-123.230797
Housing,Eton - Townhouses,ETN3,"5687 Gray Avenue, Building 1",V6S 0K7,VBL10244,Complete,49.253536,-123.231519
Services,Kids Club,KIDS,2855 Acadia Road,V6T 1S1,VBL10374,Complete,49.261725,-123.234805
Housing,The Laureates - Apartment,LAR2,5638 Birney Avenue,V6S 0H8,VBL10261,Complete,49.254211,-123.231755
Commercial,Granite Terrace - Commercial,GRT2,5923 Berton Avenue,V6S 0B3,VBL10414,Complete,49.255066,-123.236109
Housing,Ivy on the Park - Highrise,IVYH,5629 Birney Avenue,V6S 0L5,VBL10265,Complete,49.254718,-123.230999
Administrative,Cecil Green Park Coach House,CGPC,6323 Cecil Green Park Road,V6T 1Z1,VBL10341,Complete,49.271001,-123.25847
Services,Arts Student Centre,ARTC,1860 East Mall,V6T 1Z1,VBL10426,Complete,49.269292,-123.253051
Housing,Coast - Townhouses,COST,6090 Chancellor Mews,V6T 2J5,VBL10277,Complete,49.271069,-123.253054
Services,Dan On Food and Beverage Innovation Centre,FBIC,2220 East Mall,V6T 1Z3,VBL10448,Complete,49.263897,-123.248195
Other,Hillel House - Diamond Foundation Centre for Jewish Campus Life,HILL,6145 Student Union Boulevard,V6T 1Z1,VBL10361,Complete,49.268604,-123.251324
Services,Third Space,THSP,6363 Biological Sciences Road,V6T 1Z4,VBL10447,Complete,49.263008,-123.253241
Administrative,Gateway Health Building,GWHB,5955 University Boulevard,V6T 1Z1,VBL10442,Complete,49.266745,-123.246505
Housing,Pathways - East Building,PTHE,5779 Birney Avenue,V6S 0A3,VBL10239,Complete,49.254669,-123.23283
Housing,Pathways - West Building,PTHW,5777 Birney Avenue,V6S 0A4,VBL10240,Complete,49.254401,-123.23382
Administrative,FERIC,FERC,2601 East Mall,V6T 1Z4,VBL10020,Complete,49.257752,-123.244537
Research,FPInnovations,FPIN,2665 East Mall,V6T 1Z4,VBL10021,Complete,49.256786,-123.244468
Athletics,Rugby Pavilion,RUGB,2584 East Mall,V6T 1Z3,VBL10055,Complete,49.258676,-123.244014
Services,Marine Drive Residence - 3 Commonsblock,MAR3,"2205 Lower Mall, Building 3",V6T 1Z4,VBL10088,Complete,49.26141,-123.256859
Services,Place Vanier Residence - Commonsblock,VNR03,"1935 Lower Mall, Building 1",V6T 1X1,VBL10108,Complete,49.26465,-123.258583
Other,St. Mark's College,STMK,5935 Iona Drive,V6T 1J7,VBL10118,Complete,49.272277,-123.249169
Services,St. John Hospice,STJN,6389 Stadium Road,V6T 1Z4,VBL10156,Complete,49.25551,-123.247358
Services,Abdul Ladha Science Student Centre,ALSC,2055 East Mall,V6T 1Z1,VBL10163,Complete,49.266083,-123.251356
Commercial,Wesbrook Professional Centre,WPRO,3313 Shrum Lane,V6S 0C8,VBL10166,Complete,49.254484,-123.236356
Services,Acadia Commonsblock,ACOM,"2707 Tennis Crescent, Building 1",V6T 2E5,VBL10185,Complete,49.262634,-123.237352
StudentHousing,Thunderbird Residence - Coast,THR4,6395 Thunderbird Boulevard,V6T 1Z4,VBL10121,Complete,49.25897,-123.250361
StudentHousing,Thunderbird Residence - Hazelton,THR5,2410 West Mall,V6T 2G9,VBL10122,Complete,49.259569,-123.250846
StudentHousing,Thunderbird Residence - Monashee,THR2,6285 Thunderbird Boulevard,V6T 2G9,VBL10098,Complete,49.259933,-123.247557
Housing,Georgia Point,GEOP,3381 Ross Drive,V6S 0L2,VBL10247,Complete,49.251948,-123.239235
Academic,West Mall Swing Space Building,SWNG,2175 West Mall,V6T 1Z4,VBL10304,Complete,49.262795,-123.254384
Housing,Exeter Hall - Highrise,EXH1,6036 Gray Avenue,,VBL10451,UnderConstruction,49.251332,-123.235297
Housing,Exeter Hall - Townhouses,EXH2,"6036 Gray Avenue, Building 1",,VBL10452,UnderConstruction,49.25146,-123.234964
StudentHousing,Spirit Park Apartments,SPPA,2715 Osoyoos Crescent,V6T 1X7,VBL10074,Complete,49.261491,-123.239374
StudentHousing,Sopron House,SOPR,2730 Acadia Road,V6T 1R9,VBL10075,Complete,49.262179,-123.23534
StudentHousing,Acadia House,ACAH,2700 Acadia Road,V6T 1R9,VBL10308,Complete,49.26288,-123.235908
StudentHousing,Green College - Admin,GRN4,"6201 Cecil Green Park Road, Building 8",V6T 1Z1,VBL10200,Complete,49.270987,-123.256308
Athletics,Thunderbird Stadium,STAD,6288 Stadium Road,V6T 1Z4,VBL10214,Complete,49.254767,-123.244579
Housing,Central,CNTL,6015 University Boulevard,V6T 0C4,VBL10356,Complete,49.266333,-123.24722
Services,Brock Hall,BRCK,1874 East Mall,V6T 1Z1,VBL10331,Complete,49.268639,-123.252062
Academic,First Nations Longhouse,FNLH,1985 West Mall,V6T 1Z2,VBL10386,Complete,49.265561,-123.257188
StudentHousing,Point Grey Apartments,PGRA,2875 Osoyoos Crescent,V6T 2G3,VBL10145,Complete,49.259968,-123.237998
StudentHousing,Walter H. Gage Residence - Gage Apartments,WGR2,"5959 Student Union Boulevard, Building 5",V6T 1K2,VBL10301,Complete,49.270145,-123.249022
StudentHousing,Place Vanier Residence - Tweedsmuir House,VNR13,"1935 Lower Mall, Building 5",V6T 1X1,VBL10369,Complete,49.263472,-123.258301
Parking,Fraser River Parkade,PARF,6440 Memorial Road,V6T 1Z2,VBL10397,Complete,49.266067,-123.258042
Housing,Norman MacKenzie House,MCKH,6565 NW Marine Drive,V6T 1A7,VBL10233,Complete,49.267676,-123.261175
Athletics,UBC Football Academic Centre,FOOT,6298 Stadium Road,V6T 1Z4,VBL10246,Complete,49.255246,-123.24502
Housing,Wordsworth - Townhouses,WSW2,"6138 Birney Avenue, Building 1",V6S 0N1,VBL10446,Complete,49.251943,-123.237199
Academic,Wood Fluid and Thermal Treatments Laboratory,WDL,2324 West Mall,V6T 1Z4,VBL10285,Complete,49.261475,-123.252249
Operations,Vanier Pump Station,VNRP,"1935 Lower Mall, Building 14",V6T 1X1,VBL10416,Complete,49.264821,-123.260251
Housing,Wordsworth - Highrise,WSW1,6138 Birney Avenue,V6S 0N1,VBL10445,Complete,49.252441,-123.236845
StudentHousing,Place Vanier Residence - Sherwood Lett House,VNR11,"1935 Lower Mall, Building 4",V6T 1X1,VBL10365,Complete,49.26339,-123.257513
Housing,Axis,AXIS,6090 Iona Drive,V6T 0B6,VBL10314,Complete,49.270001,-123.252233
Housing,Prodigy - Building 1,PRD1,6033 Gray Avenue,V6S 0G3,VBL10349,Complete,49.251667,-123.235957
Housing,Prodigy - Building 2,PRD2,3462 Ross Drive,V6S 0H6,VBL10336,Complete,49.251632,-123.236605
Services,Ladner Clock Tower,CLCK,1956 Main Mall,V6T 1Z1,VBL10376,Complete,49.267351,-123.253656
Housing,Folio - Townhouses,FOL2,5962 Chancellor Mews,V6T 2L5,VBL10316,Complete,49.272249,-123.250191
Housing,Folio - Apartment,FOL1,5955 Iona Drive,V6T 2L4,VBL10309,Complete,49.272098,-123.24975
Housing,Corus,CORS,5989 Walter Gage Road,V6T 0A8,VBL10303,Complete,49.270653,-123.249347
Academic,Leon and Thea Koerner University Centre,UCEN,6331 Crescent Road,V6T 1Z2,VBL10093,Complete,49.268901,-123.257225
Academic,UBC Farm - Harvest Hut/Market,FRM2,"3461 Ross Drive, Building 5",V6T 1W5,VBL10245,Complete,49.250758,-123.237933
Services,Nitobe Memorial Garden,NITO,1895 Lower Mall,V6T 1Z2,VBL10230,Complete,49.266168,-123.259189
Housing,Folio - Duplexes,FOL3,5998 Chancellor Boulevard,V6T 0A1,VBL10291,Complete,49.272415,-123.250604
Housing,Argyll House West,ARGW,6018 Iona Drive,V6T 2L1,VBL10298,Complete,49.270788,-123.251327
Housing,Chancellor Hall - Apartment,CHHA,5989 Iona Drive,V6T 2L7,VBL10290,Complete,49.271895,-123.250461
Housing,Stirling House,STIR,6080 Iona Drive,V6T 0A4,VBL10289,Complete,49.270476,-123.252469
Housing,Argyll House East,ARGE,5958 Iona Drive,V6T 2L2,VBL10288,Complete,49.271406,-123.249551
Housing,Esse,ESSE,1863 Wesbrook Mall,V6T 2J7,VBL10280,Complete,49.271197,-123.24831
Housing,St. Mark's Duplexes,STMD,5902 Chancellor Boulevard,V6T 0A1,VBL10279,Complete,49.272739,-123.249405
Academic,Forest Sciences Centre,FSC,2424 Main Mall,V6T 1Z4,VBL10119,Complete,49.260597,-123.247827
Academic,Frank Forward Building,FORW,6350 Stores Road,V6T 1Z4,VBL10044,Complete,49.26169,-123.251692
Academic,Fred Kaiser Building,KAIS,2332 Main Mall,V6T 1Z4,VBL10085,Complete,49.262371,-123.250082
Academic,Michael Smith Laboratories,MSL,2185 East Mall,V6T 1Z4,VBL10221,Complete,49.264575,-123.250174
Housing,Oakwood Residences,OAKR,3383 Ross Drive,V6S 0L1,VBL10255,Complete,49.251653,-123.238526
Academic,Frederic Lasserre Building,LASR,6333 Memorial Road,V6T 1Z2,VBL10042,Complete,49.267591,-123.255979
Academic,Mathematics Annex,MATX,1986 Mathematics Road,V6T 1Z2,VBL10216,Complete,49.266103,-123.254848
Academic,Mathematics Building,MATH,1984 Mathematics Road,V6T 1Z2,VBL10229,Complete,49.26645,-123.255556
Operations,Building Operations Nursery,BONR,6029 Nurseries Road,V6T 1W5,VBL10337,Complete,49.244432,-123.229225
Housing,BCR7 - Building C,BCR7C,3578 Wesbrook Mall,,VBL10461,UnderConstruction,49.251849,-123.232203
Operations,In-Vessel Composting Facility,COMP,6035 Nurseries Road,V6T 1W5,VBL10364,Complete,49.244905,-123.228014
Academic,Theatre-Film Production Building,TFPB,6358 University Boulevard,V6T 1Z4,VBL10209,Complete,49.263869,-123.253928
Housing,BCR7 - Building B,BCR7B,3562 Wesbrook Mall,,VBL10460,UnderConstruction,49.251901,-123.232902
Operations,Environmental Services Facility - Incinerator,ENV2,"6025 Nurseries Road, Building 2",V6T 1W5,VBL10402,Complete,49.243679,-123.229006
Housing,BCR7 - Building A,BCR7A,3588 Wesbrook Mall,,VBL10459,UnderConstruction,49.251598,-123.232759
Academic,"Chemistry Building - B, C, D, E",CHEM,2036 Main Mall,V6T 1Z1,VBL10328,Complete,49.265817,-123.252665
Services,Frederic Wood Theatre,FRWO,6354 Crescent Road,V6T 1Z2,VBL10405,Complete,49.268053,-123.256958
Operations,Building Operations Storage Shed,BOSS,2214 Lower Mall,V6T 1Z4,VBL10207,Complete,49.262185,-123.254414
Academic,C.K. Choi Building for the Institute of Asian Research,CHOI,1855 West Mall,V6T 1Z2,VBL10338,Complete,49.267267,-123.257949
Housing,Sail - Building 2,SAL2,5981 Gray Avenue,V6S 0G1,VBL10390,Complete,49.252624,-123.235208
Housing,Chancellor House - Apartment,CHOA,6015 Iona Drive,V6T 2J4,VBL10387,Complete,49.27156,-123.251437
Housing,Chancellor House - Duplexes,CHOD,6002 Chancellor Boulevard,V6T 1E7,VBL10385,Complete,49.27198,-123.251856
Housing,The Residences at Nobel Park - Townhouses,REN2,3483 Ross Drive,V6S 0L3,VBL10352,Complete,49.250915,-123.236394
Parking,University Boulevard Lot,ULOT,6131 University Boulevard,V6T 1Z3,VBL10355,Complete,49.266722,-123.248943
Other,AYO Smart Home,AYOH,5935 Agronomy Road,V6T 1Z3,VBL10294,Complete,49.263038,-123.243407
Parking,Health Sciences Parkade,PARH,2250 Health Sciences Mall,V6T 1Z3,VBL10357,Complete,49.263405,-123.247842
StudentHousing,Thunderbird Residence - Selkirk,THR3,6335 Thunderbird Boulevard,V6T 2G9,VBL10215,Complete,49.259278,-123.249493
StudentHousing,Totem Park Residence - c̓əsnaʔəm leləm̓,TPR7,"2525 West Mall, Building 7",V6T 1W9,VBL10105,Complete,49.256811,-123.251637
StudentHousing,Totem Park Residence - həm̓ləsəm̓ House,TPR5,"2525 West Mall, Building 5",V6T 1W9,VBL10128,Complete,49.258604,-123.251195
StudentHousing,Totem Park Residence - q̓ələχən House,TPR4,"2525 West Mall, Building 4",V6T 1W9,VBL10016,Complete,49.259167,-123.251545
Parking,Rose Garden Parkade,PARR,6278 NW Marine Drive,V6T 1Z1,VBL10054,Complete,49.269116,-123.2563
Academic,David Lam Management Research Centre,DLAM,2033 Main Mall,V6T 1Z2,VBL10278,Complete,49.265711,-123.254319
Parking,North Parkade,PARN,6115 Student Union Boulevard,V6T 1Z1,VBL10234,Complete,49.269028,-123.250913
Academic,Buchanan Building,BUCH,1866 Main Mall,V6T 1Z1,VBL10323,Complete,49.268701,-123.254441
Housing,The Balmoral,BALM,5615 Hampton Place,V6T 2H1,VBL10175,Complete,49.258489,-123.232724
Housing,The Bristol,BRIS,5735 Hampton Place,V6T 2G8,VBL10286,Complete,49.258841,-123.235006
Housing,The Chatham,CHAT,5775 Hampton Place,V6T 2G6,VBL10254,Complete,49.258692,-123.236175
Housing,The Regency,REGE,5639 Hampton Place,V6T 2H6,VBL10287,Complete,49.259107,-123.232862
Housing,The Pemberley,PEMB,5605 Hampton Place,V6T 2H2,VBL10205,Complete,49.258013,-123.232193
Housing,The Stratford,STRA,5657 Hampton Place,V6T 2H4,VBL10206,Complete,49.259635,-123.233455
StudentHousing,Thunderbird Residence - Cassiar,THR1,6205 Thunderbird Boulevard,V6T 2G9,VBL10079,Complete,49.260243,-123.246685
Housing,Coast - Duplexes,COSD,6098 Chancellor Boulevard,V6T 1E7,VBL10399,Complete,49.271317,-123.25321
Services,Ambulance Station,AMBS,2333 Wesbrook Mall,V6T 1Z3,VBL10186,Complete,49.263243,-123.243597
Services,Chan Centre for the Performing Arts,CHAN,6265 Crescent Road,V6T 1Z1,VBL10282,Complete,49.269771,-123.25511
StudentHousing,Marine Drive Residence - 1 Simon Lee,MAR1,"2205 Lower Mall, Building 1",V6T 1Z4,VBL10319,Complete,49.261998,-123.255881
Academic,Music Building,MUSC,6361 Memorial Road,V6T 1Z2,VBL10101,Complete,49.26744,-123.256778
StudentHousing,Fraternity Village,FRAT,2880 Wesbrook Mall,V6T 2J3,VBL10404,Complete,49.259653,-123.238849
Academic,Chemical and Biological Engineering Building,CHBE,2360 East Mall,V6T 1Z3,VBL10062,Complete,49.262481,-123.247066
Research,NRC Institute for Fuel Cell Innovation,NRC,4250 Wesbrook Mall,V6T 1W5,VBL10243,Complete,49.245182,-123.232287
Services,Public Safety Building - RCMP + Fire,PSAB,2990 Wesbrook Mall,V6T 2B7,VBL10046,Complete,49.258943,-123.238113
Housing,St. Andrew's Hall,STH,6040 Iona Drive,V6T 2E8,VBL10114,Complete,49.270143,-123.251748
Academic,The Brimacombe Building,BRIM,2355 East Mall,V6T 1Z4,VBL10066,Complete,49.26186,-123.248073
Services,Robert H. Lee Alumni Centre,ALUM,6163 University Boulevard,V6T 1Z1,VBL10256,Complete,49.265946,-123.249909
Academic,UBC Research Ponds,RESP,4069 Wesbrook Mall,V6T 1W5,VBL10222,Complete,49.247161,-123.232721
Academic,Wayne and William White Engineering Design Centre,EDC,2345 East Mall,V6T 1Z4,VBL10064,Complete,49.262333,-123.248164
Athletics,UBC Aquatic Centre,AQUA,6080 Student Union Boulevard,V6T 1Z1,VBL10071,Complete,49.267789,-123.248595
Athletics,UBC Baseball Rose Indoor Training Centre,BTC,3085 Wesbrook Mall,V6T 1Z4,VBL10237,Complete,49.256214,-123.239512
Academic,UBC Farm - Farm Centre,FRM1,"3461 Ross Drive, Building 1",V6T 1W5,VBL10014,Complete,49.251583,-123.240127
Academic,Stores Road Annex,STRX,6368 Stores Road,V6T 1Z4,VBL10124,Complete,49.261667,-123.252359
StudentHousing,Panhellenic House,PANH,2770 Wesbrook Mall,V6T 2B7,VBL10313,Complete,49.260104,-123.239567
Services,Thea Koerner House,THEA,6371 Crescent Road,V6T 1Z2,VBL10249,Complete,49.268436,-123.257867
Housing,Tapestry at Wesbrook Village - Building 1,TAP1,3338 Wesbrook Mall,V6S 0A6,VBL10137,Complete,49.254739,-123.235012
Housing,Tapestry at Wesbrook Village - Building 2,TAP2,3382 Wesbrook Mall,V6S 0A7,VBL10182,Complete,49.254147,-123.234518
Housing,Thames Court - Building 1,THAC1,"5880 Hampton Place, Building 1",V6T 2E9,VBL10417,Complete,49.257255,-123.235775
Academic,The Leonard S. Klinck Building,LSK,6356 Agricultural Road,V6T 1Z2,VBL10252,Complete,49.265433,-123.255339
Academic,Hugh Dempster Pavilion,DMP,6245 Agronomy Road,V6T 1Z4,VBL10363,Complete,49.261242,-123.248057
Academic,Totem Field Studios,TFS,2613 West Mall,V6T 1Z4,VBL10223,Complete,49.256128,-123.249001
Services,Morris and Helen Belkin Art Gallery,BART,1825 Main Mall,V6T 1Z2,VBL10315,Complete,49.26817,-123.25619
Academic,Dorothy Somerset Studios,DSOM,6361 University Boulevard,V6T 1Z2,VBL10130,Complete,49.264692,-123.254593
Commons,"Orchard Commons - Vantage College, Bartlett/Braeburn House",ORCH,6363 Agronomy Road,V6T 1Z4,VBL10013,Complete,49.260461,-123.251332
StudentHousing,Ritsumeikan-UBC House,RITS,6460 Agronomy Road,V6T 1Z4,VBL10250,Complete,49.260102,-123.252997
StudentHousing,Walter H. Gage Residence - West Coast Suites (Gage Court),WGR3,5961 Student Union Boulevard,V6T 1K2,VBL10396,Complete,49.269593,-123.248586
Academic,Hector J. MacLeod Building,MCLD,2356 Main Mall,V6T 1Z4,VBL10099,Complete,49.261716,-123.249401
Academic,Life Sciences Centre,LSC,2350 Health Sciences Mall,V6T 1Z3,VBL10111,Complete,49.262548,-123.245112
Academic,P. A. Woodward Instructional Resources Centre,IRC,2194 Health Sciences Mall,V6T 1Z3,VBL10102,Complete,49.264822,-123.246848
Administrative,Ponderosa Annex C,PONC,2021 West Mall,V6T 1Z2,VBL10344,Complete,49.264854,-123.256275
Administrative,Ponderosa Annex F,PONF,2008 Lower Mall,V6T 1Z2,VBL10152,Complete,49.264919,-123.257153
Administrative,Ponderosa Annex G,PONG,2044 Lower Mall,V6T 1Z2,VBL10153,Complete,49.264507,-123.256434
StudentHousing,Marine Drive Residence - 2,MAR2,"2205 Lower Mall, Building 2",V6T 1Z4,VBL10317,Complete,49.261877,-123.256765
Services,UBC Counselling Services Annex,CNSL,1930 East Mall,V6T 1Z1,VBL10421,Complete,49.268227,-123.25199
Administrative,Ponderosa Annex A,PONA,2011 West Mall,V6T 1Z2,VBL10146,Complete,49.265167,-123.256382
Administrative,Ponderosa Annex B,PONB,2029 West Mall,V6T 1Z2,VBL10343,Complete,49.264844,-123.255962
Administrative,Ponderosa Annex E,PONE,2034 Lower Mall,V6T 1Z2,VBL10151,Complete,49.264675,-123.256694
Housing,Nobel House,NOBL,3655 Wesbrook Mall,V6S 0G6,VBL10379,Complete,49.25084,-123.233206
Housing,Conservatory - Highrise,CSY2,5608 Berton Avenue,V6S 2L2,VBL10427,Complete,49.256042,-123.231532
Housing,Conservatory - Townhouses,CSY1,"5608 Berton Avenue, Building 1",V6S 2L2,VBL10428,Complete,49.25585,-123.232106
Academic,Woodward Library,WLIB,2198 Health Sciences Mall,V6T 1Z3,VBL10262,Complete,49.264563,-123.24757
Academic,Allard Hall,ALRD,1822 East Mall,V6T 1Z1,VBL10104,Complete,49.270044,-123.253297
Academic,Hennings Building,HENN,6224 Agricultural Road,V6T 1Z1,VBL10359,Complete,49.266445,-123.252196
Academic,Civil and Mechanical Engineering Laboratories,CEML,2275 East Mall,V6T 1Z4,VBL10330,Complete,49.263129,-123.249337
Other,Carey College Lot 40,CRYC1,,,VBL10449,PreConstruction,49.271747,-123.24857
Housing,Binning Tower - Townhouses,BINT,,,VBL10299,Complete,49.255275,-123.231641
