id,post_title,link,summary,is_new,campuses,degrees,topics,interests
149486,Ancient Mediterranean and Near Eastern Studies,https://you.ubc.ca/programs/ancient-mediterranean-near-eastern-studies/,"Learn about the culture, history, and mythology of the ancient Mediterranean world, explore world religions in a comparative context, and investigate the history and material culture of the ancient Near East and ancient Egypt.",False,[1710814996],[3151486684],"[3571831894, 2532969046]","[3541596877, 1248952799, 775837691, 2644274870]"
543,Anthropology,https://you.ubc.ca/programs/anthropology-vancouver/,"Examine processes of social and cultural life in human societies past and present, near and far. Anthropology will prepare you for a diverse range of careers, including medical researcher, consultant to governmental and community organizations,…",False,[1710814996],[3151486684],[2532969046],"[3541596877, 1248952799, 3714169496, 3865147129, 3015131076]"
545,Applied Animal Biology,https://you.ubc.ca/programs/applied-animal-biology/,"Study the fundamentals of animal behaviour, animal physiology, and examine related fields as they apply to farm, companion, and other animals. You’ll learn about the role of animals in human society and the ethical, environmental,…",False,[1710814996],[786632702],[1166637932],"[3985172586, 3151545924, 2790669962]"
539,Archaeology,https://you.ubc.ca/programs/archaeology/,"Learn about world archaeology – from the emergence of humankind to the beginning of state societies – and examine the beginnings of the economic, social, political, and artistic traditions and systems of the great civilizations. You can…",False,[1710814996],[3151486684],"[2863626295, 2532969046]","[3541596877, 1248952799, 2644274870, 3865147129, 3015131076]"
551,Architecture,https://you.ubc.ca/programs/architecture/,"The Master of Architecture is a professional graduate degree, leading to certification with the Canadian Architectural Certification Board. It is a highly demanding three-year program that includes design studios alongside courses in history and theory,…",False,[1710814996],[2848604925],[1785411973],"[3212285637, 4214343119, 1192414939, 460031769, 1731601707]"
549241,"Architecture, Landscape Architecture, and Urbanism",https://you.ubc.ca/programs/architecture-landscape-architecture-and-urbanism/,"Take your passion for design and urban environments to the next level in UBC’s Design in Architecture, Landscape Architecture, and Urbanism program. Through small studios and intimate seminars, you’ll learn how design impacts society and…",False,[1710814996],[3635038500],"[2863626295, 2532969046]","[3212285637, 4214343119, 1909354164, 4213596847, 1731601707]"
557,Art History,https://you.ubc.ca/programs/art-history/,"Examine a wide range of art historical periods and topics, as well as critical theories, while taking into account the constantly extending reach of visual studies in a globalized world. Many fields connect and inform…",False,[1710814996],[3151486684],[653776851],"[795810186, 3541596877, 1248952799, 775837691, 2644274870]"
552362,Asian Area Studies,https://you.ubc.ca/programs/asian-area-studies/,"Gain a deeper understanding of Asian cultures while you study history, literary and religious traditions, languages, as well as gender relations. You’ll choose from diverse courses such as “Asian Horror Cinema: National Nightmares and Specters…",False,[1710814996],[3151486684],"[3571831894, 2532969046]","[3541596877, 1248952799, 629128180, 2644274870]"
561,Asian Language and Culture,https://you.ubc.ca/programs/asian-language-culture/,Asian Language and Culture is designed to give you the linguistic and cultural capital to work as a leader in the 21st century on the Canada-Asia interface. This program combines advanced language study with a…,False,[1710814996],[3151486684],"[3063730439, 2532969046]","[3541596877, 1248952799, 342941353, 1640973582, 3461931775]"
552202,Astronomy,https://you.ubc.ca/programs/astronomy/,"Astronomers and physicists study the material world and the energy that drives it, from the smallest particles like neutrinos and Higgs bosons to the very largest structures in the universe, and ultimately the universe itself. This…",False,[1710814996],[2228041040],[3669867392],[894689925]
565,Atmospheric Science,https://you.ubc.ca/programs/atmospheric-science/,"Atmospheric Science is the study of weather and climate. This highly interdisciplinary specialization focuses on meteorological fields including air quality, environment, climate change, weather monitoring &amp; instrumentation, and consulting.",True,[1710814996],[2228041040],[2863626295],"[3151545924, 2769514293, 2790669962, 894689925, 1418100143]"
144977,Bachelor + Master of Management Dual Degree,https://you.ubc.ca/programs/master-management-dual-degree/,"Pursue an undergraduate subject you’re passionate about and get a postgraduate qualification from one of the world’s most prestigious business schools. You’ll study subjects like accounting, finance, marketing, and strategic management, and get personalized professional development…",False,[1710814996],"[3151486684, 2718097467, 3322079241, 877900534, 3773949241, 2228041040, 786632702, 717687973, 3989580303, 2438908168, 2849400523, 2354979977]",[2016182884],"[1909354164, 501643338, 1481580292, 1030157987]"
571,Biochemistry,https://you.ubc.ca/programs/biochemistry/,"Biochemistry is the study of the chemical processes occurring in living matter, a discipline which encompasses an incredibly diverse field of research that touches nearly all aspects of our lives. Biochemists are working in areas…",False,[1710814996],[2228041040],"[1166637932, 3669867392]","[3151545924, 1825348589, 1192414939]"
560275,Bioeconomy Sciences and Technology,https://you.ubc.ca/programs/bioeconomy-sciences-technology/,"Canada is well-positioned to seize opportunities in the emerging bioeconomy because of its global leadership in forestry and agriculture, access to biomass, and skilled workforce. The Bioeconomy Sciences and Technology is the country&#8217;s first comprehensive…",False,[1710814996],[1333869920],"[2016182884, 2863626295, 1785411973]","[1433875987, 4207031876, 3151545924, 2790669962, 1418100143]"
575,Biology,https://you.ubc.ca/programs/biology-vancouver/,"Study all aspects of living things and their processes as you learn about the fundamental concepts in Biology. You’ll have a diverse range of courses to choose from, providing insight into the various sub-disciplines such…",False,[1710814996],[2228041040],[1166637932],"[3985172586, 3151545924, 1825348589]"
560541,Biomedical Engineering,https://you.ubc.ca/programs/biomedical-engineering/,"Learn how to apply engineering principles and design to medicine and biology for healthcare purposes in Biomedical Engineering. You&#8217;ll start by building a foundation in biomechanics and biomaterials, cellular and molecular bioengineering, biomedical systems and…",False,[1710814996],[2061173936],"[1785411973, 1166637932]","[3212285637, 2605208591, 4214343119]"
577,Biophysics,https://you.ubc.ca/programs/biophysics/,"Study life at every level, from atoms and molecules to cells, organisms, and environments, while you look for and analyze patterns. You’ll also gain an understanding of the basic concepts and quantitative skills of physics.…",False,[1710814996],[2228041040],"[1166637932, 3669867392]","[1825348589, 460031769, 1418100143]"
579,Biotechnology,https://you.ubc.ca/programs/biotechnology/,Enjoy hands-on laboratory training and high-calibre foundational courses as you learn about scientific manipulation of living organisms. This program equips you with current scientific and technical expertise and the business and communication skills to start…,False,[1710814996],[2228041040],[1166637932],"[1825348589, 460031769, 1418100143]"
581,Business and Computer Science,https://you.ubc.ca/programs/business-computer-science/,"The Business and Computer Science combined major will give you the technical background and understanding to apply IT solutions in a business context, and use them to develop opportunities for growth. In each year of…",False,[1710814996],[3631842349],[2016182884],"[4106025904, 3941838386, 1030157987]"
570973,Business and Markets,https://you.ubc.ca/programs/business-and-markets/,"Business and Markets provides training in applied economics to help you understand how market structures, business practices, and international trade impact food supply and security worldwide. The program also addresses interactions between the food sector…",True,[1710814996],[717687973],"[2016182884, 2863626295]","[3151545924, 1028682697, 1640973582]"
589,Canadian Studies,https://you.ubc.ca/programs/canadian-studies/,"In this interdisciplinary program, you’ll explore and think critically about questions like, “What did the masses of red and white at the Vancouver 2010 Olympics mean?” “What are the politics of apology?” “Is multiculturalism successful?”…",False,[1710814996],[3151486684],"[3571831894, 2532969046]","[3541596877, 3714169496, 1640973582]"
945,"Cellular, Anatomical, and Physiological Sciences",https://you.ubc.ca/programs/cellular-anatomical-physiological-sciences/,"Take courses in human structure and function with emphasis in nervous, endocrine, cardiovascular, respiratory, renal, and gastrointestinal systems while you study life processes. The overarching goal of this program is to provide interdisciplinary training in…",False,[1710814996],[2228041040],[1166637932],"[2500499319, 1825348589, 1418100143]"
593,Chemical and Biological Engineering,https://you.ubc.ca/programs/chemical-biological-engineering/,"This program blends rigorous training in the physical sciences and mathematics with biotechnology, bioprocess engineering, and the life sciences. You can be a steward of the environment, helping to harness the globe’s natural riches and improve the quality of our lives…",False,[1710814996],[2061173936],[1785411973],"[1825348589, 1192414939, 582946604, 1418100143]"
83801,Chemical Engineering,https://you.ubc.ca/programs/chemical-engineering/,"Chemical Engineering fuses the physical and chemical sciences with mathematics, process engineering, design, and economics. You’ll learn how to design, build, and operate the manufacturing and industrial processes used to create the products and services essential to everyday life – from energy,…",False,[1710814996],[2061173936],[1785411973],"[1258829586, 3212285637, 1192414939, 582946604]"
597,Chemistry,https://you.ubc.ca/programs/chemistry-vancouver/,"Chemistry is the science of the materials that make up our physical world, and comprises a diverse range of study, including areas such as pharmaceuticals, advanced materials, biochemistry, and theoretical chemistry. You’ll study matter and…",False,[1710814996],[2228041040],[3669867392],"[1825348589, 1192414939, 2461791673]"
693,Cinema Studies,https://you.ubc.ca/programs/cinema-studies/,"Learn about the diversity of World Cinema and cinematic aesthetic practices. As a Cinema Studies student, you will explore the cultural roles of films and how they impact our political and social perceptions.",False,[1710814996],[3151486684],[653776851],"[296644452, 3541596877, 3957134255, 629128180, 3461931775]"
601,Civil Engineering,https://you.ubc.ca/programs/civil-engineering-vancouver/,"Civil engineers shape the world we live in by analyzing, planning, designing, constructing, and maintaining the “built” environment. In this program, you’ll take courses and complete lab work in topics such as soil mechanics and…",False,[1710814996],[2061173936],[1785411973],"[3212285637, 4214343119, 460031769]"
607,Cognitive Systems (BA),https://you.ubc.ca/programs/cognitive-systems-ba/,"This Arts program provides you with a grounding in the principles and techniques used by intelligent systems, both natural and artificial. It emphasizes the study of existing systems (i.e., linguistics), the design of new ones…",False,[1710814996],[3151486684],[3063730439],"[3941838386, 1825348589, 1481580292, 342941353]"
609,Cognitive Systems (BSc),https://you.ubc.ca/programs/cognitive-systems-bsc/,"This Science program provides you with a grounding in the principles and techniques used by intelligent systems, both natural and artificial. It emphasizes the study of existing systems (i.e., linguistics), the design of new ones…",False,[1710814996],[2228041040],"[1785411973, 1166637932]","[3941838386, 1825348589, 1481580292, 342941353]"
979,Combined Major in Science,https://you.ubc.ca/programs/science-combined-major/,"This structured program requires significant discipline breadth, but also gives you increased flexibility to take a greater number of courses. You&#8217;ll acquire conceptual skills, research skills, communication skills, and collaborative skills as you develop strong…",False,[1710814996],[2228041040],"[2863626295, 1166637932, 3669867392]","[2605208591, 1825348589, 582946604, 3068714876, 2461791673]"
161502,Combined Majors in Statistics,https://you.ubc.ca/programs/statistics-combined-majors/,"These combined major programs emphasize the role of statistics within the general framework of problem solving, and help you develop an understanding of the concepts of observation, hypothesis, evidence, and validation. You can complement your…",False,[1710814996],"[3151486684, 2228041040]","[2016182884, 1785411973, 3669867392]","[4106025904, 2605208591, 3941838386, 2461791673]"
551378,Commerce,https://you.ubc.ca/programs/commerce/,Study within Canada’s leading management research school and build your expertise in myriad areas of business. The dynamic and challenging curriculum allows you to choose from ten specializations to focus your degree on the topics…,False,[1710814996],[3631842349],[2016182884],"[1909354164, 501643338, 1481580292, 1030157987]"
615,Computer Engineering,https://you.ubc.ca/programs/computer-engineering/,"In Computer Engineering you’ll learn how to develop, design, and test software, computer networks, and protocols. Every automated device has a software or hardware engineer helping to create it – whether it is the systems that control our phones, cars, planes,…",False,[1710814996],[2061173936],[1785411973],"[3941838386, 1192414939, 1418100143]"
621,Computer Science (BA),https://you.ubc.ca/programs/computer-science-vancouver-ba/,"Learn how to use and improve computers while you explore topics such as databases and operating systems, software engineering, security, web development, and numerical methodology. Computer Science gives you a thorough grounding in computer software…",False,[1710814996],[3151486684],[1785411973],"[3941838386, 460031769, 1418100143]"
623,Computer Science (BSc),https://you.ubc.ca/programs/computer-science-vancouver-bsc/,"Learn how to use and improve computers while you explore topics such as databases and operating systems, software engineering, security, web development, and numerical methodology. Computer Science gives you a thorough grounding in computer software…",False,[1710814996],[2228041040],[1785411973],"[3941838386, 460031769, 1418100143]"
905,Conservation,https://you.ubc.ca/programs/conservation/,"Play an active role in protecting and managing our natural environment, including wildlife, forests, rivers, oceans, and land. This interdisciplinary program of study, which is a major in the Bachelor of Science in Nature Resources…",True,[1710814996],[1333869920],[2863626295],"[1433875987, 3151545924, 1437986676, 2769514293, 1948821596, 2790669962]"
629,Creative Writing,https://you.ubc.ca/programs/creative-writing-vancouver/,"This two-year studio program offers workshops in the following genres: fiction, poetry, creative non-fiction, writing for children, translation, stage play, radio, television, song lyric and libretto, screenwriting, new media, and writing for graphic forms.",False,[1710814996],[2718097467],[653776851],"[1979775749, 1192414939, 3461931775, 775837691, 3748041039]"
570977,Data Analytics,https://you.ubc.ca/programs/data-analytics/,"In a time of exceptional computing power and data availability, an economics degree supplemented with data analytics skills is highly valued in the job market. Data Analytics will provide a strong core in applied economics…",True,[1710814996],[717687973],"[2016182884, 2863626295]","[3941838386, 3151545924, 1028682697, 1640973582]"
577276,Data Science,https://you.ubc.ca/programs/data-science-vancouver/,"Data science is the process of extracting insight from data through ethical, transparent, and reproducible processes. This program provides students with a thorough training in Data Science, which focuses on making decisions supported by data.…",True,[1710814996],[2228041040],[1785411973],"[3941838386, 4181312913, 1418100143]"
637,Dental Hygiene,https://you.ubc.ca/programs/dental-hygiene/,"Prepare for a career as a dental hygienist as you study both theory and evidence-based practice. Dental hygiene theory and practice draw on biomedical, social and behavioural sciences as well as the body of dental…",False,[1710814996],[3349886845],[1166637932],"[501643338, 1825348589, 1481580292]"
639,Dentistry,https://you.ubc.ca/programs/dentistry/,The Doctor of Dental Medicine degree program is designed to prepare you to practise your chosen profession with a high degree of technical skill. The program is based on a sound knowledge of the related…,False,[1710814996],[2351954074],[1166637932],"[501643338, 1825348589, 1418100143]"
641,Dietetics,https://you.ubc.ca/programs/dietetics/,"UBC’s Dietetics program prepares you for entry into an in-demand profession that’s experiencing faster-than-average growth across Canada and internationally. As a registered dietitian, you’ll improve and promote health through optimized food and nutrition, and fill…",False,[1710814996],[3989580303],[1166637932],"[2500499319, 1028682697, 501643338, 1825348589]"
647,Earth and Ocean Sciences,https://you.ubc.ca/programs/earth-ocean-sciences/,"Learn more about how the earth works, from the core to the atmosphere, and from the distant genesis of our planet to current and future trends in environmental and global issues. Earth and Ocean Sciences…",False,[1710814996],[2228041040],[2863626295],"[1433875987, 3151545924, 1948821596, 2790669962, 3235814191]"
655,Economics,https://you.ubc.ca/programs/economics-vancouver/,"Gain a deep understanding of the economy and examine the social, cross-cultural, and ethical dimensions of economic decision-making. You’ll learn how to choose and apply appropriate quantitative methods to a range of economic issues, and…",False,[1710814996],[3151486684],[2016182884],"[1248952799, 1481580292, 1640973582, 460031769]"
869,Education: Elementary and Middle Years,https://you.ubc.ca/programs/education-elementary-middle-years/,"Learn to teach all subject areas in the elementary and middle school curricula: Kindergarten to Grade 8, including Core French. While the particular theme or approach varies in each cohort, the courses are the same…",False,[1710814996],[351256912],[2427149205],"[501643338, 1481580292, 444110842, 514922210]"
901,Education: Indigenous Teacher Education Program (NITEP),https://you.ubc.ca/programs/education-nitep/,"This teacher education program addresses educational issues pertinent to public and First Nations schools settings where Aboriginal children attend school. You’ll develop the skills and academic knowledge expected of beginning educators, complete a specialization in…",False,[1710814996],[351256912],[2427149205],"[501643338, 3714169496, 444110842, 514922210]"
546362,Education: International Baccalaureate,https://you.ubc.ca/programs/education-ib/,"Teacher candidates in the International Baccalaureate educator stream have an interest in an international education that is concept-based, inquiry-driven, and student-centred. You’ll be guided by key concepts and transdisciplinary themes and enjoy enriching, hands-on learning…",False,[1710814996],[351256912],[2427149205],"[501643338, 1481580292, 444110842, 514922210]"
985,Education: Secondary,https://you.ubc.ca/programs/education-secondary/,"Prepare to teach one or two teachable subjects in Grades 8 to 12 as a secondary school teacher. During this program, teacher candidates are introduced to adolescent development and prepared methodologically to teach their subject(s).…",False,[1710814996],[351256912],[2427149205],"[501643338, 1481580292, 444110842, 514922210]"
1035,Education: West Kootenay Teacher Education Program (WKTEP),https://you.ubc.ca/programs/education-wktep/,"This program is located in Nelson, BC, and surrounding communities, and has a strong focus on rural and small school settings, recognizing that they offer exciting educational opportunities for teachers. You’ll have the opportunity to…",False,[1710814996],[351256912],[2427149205],"[501643338, 1481580292, 2790669962, 514922210]"
663,Electrical Engineering,https://you.ubc.ca/programs/electrical-engineering-vancouver/,"Electrical engineers impact myriad aspects of our lives. They make essential medical equipment, design wireless communications networks, and invent new ways to generate and conserve energy. Learn essential skills in electronics, circuit analysis, and electromagnetics, and after your first year, customize your program by taking…",False,[1710814996],[2061173936],[1785411973],"[3941838386, 1192414939, 1418100143]"
667,Engineering Physics,https://you.ubc.ca/programs/engineering-physics/,"Do you want to be an inventor? A research engineer? A technology entrepreneur? Engineering Physics encourages creativity, challenges intellects, and celebrates big-picture thinking. You’ll build a solid foundation in applied physics and a blend of electrical and mechanical engineering, while gaining extensive…",False,[1710814996],[2061173936],"[1785411973, 3669867392]","[3212285637, 1192414939, 1418100143]"
671,English,https://you.ubc.ca/programs/english-vancouver/,"Choose to major in English Literature, English Language, or Language and Literature. As an English student, you&#8217;ll study the history and structure of English, rhetoric and discourse, literary studies, and much more.",False,[1710814996],[3151486684],"[3063730439, 2532969046]","[3541596877, 1248952799, 775837691, 3748041039]"
562723,Environmental Engineering,https://you.ubc.ca/programs/engineering-environmental/,"Learn how science and engineering combine to preserve our natural environment. The Environmental Engineering degree at UBC will teach you how to address the issues surrounding waste treatment, reuse, and recycling, as well as how…",False,[1710814996],[2061173936],"[2863626295, 1785411973]","[3212285637, 3151545924, 2790669962, 1640973582]"
683,Environmental Engineering (joint UNBC/UBC),https://you.ubc.ca/programs/environmental-engineering-joint-unbc-ubc/,"If you are interested in engineering, and in preserving our natural environment, then the Environmental Engineering program could be for you. Environmental engineering is the application of science and engineering principles to improve air, land,…",False,[1710814996],[2061173936],"[2863626295, 1785411973]","[1433875987, 4207031876, 3151545924, 1948821596, 2790669962]"
685,Environmental Sciences,https://you.ubc.ca/programs/environmental-sciences/,"Environmental Sciences concentrates on understanding the major environmental issues facing human societies and it adopts an integrative cross-disciplinary approach to the study of these issues. This program provides a significant background in physical sciences, earth…",False,[1710814996],[2228041040],[2863626295],"[3151545924, 1948821596, 2790669962, 3235814191]"
691,Film Production,https://you.ubc.ca/programs/film-production/,"Develop your intellectual, creative, and technical skills as you prepare to embark on a professional career in the film industry. Your coursework will provide you with core disciplines and filmic knowledge as well as practical…",False,[1710814996],[2718097467],[653776851],"[629128180, 3461931775, 1418100143, 3748041039]"
697,First Nations and Endangered Languages,https://you.ubc.ca/programs/first-nations-endangered-languages/,"Explore the processes and protocols for the documentation, conservation, revitalization, and reclamation of endangered languages, cultures, and Indigenous knowledge systems locally, regionally, and internationally. This interdisciplinary program offers courses in First Nations and Endangered languages…",False,[1710814996],[3151486684],"[3063730439, 2532969046]","[3541596877, 3714169496, 342941353, 444110842, 2644274870]"
699,First Nations and Indigenous Studies,https://you.ubc.ca/programs/first-nations-indigenous-studies/,"Gain an understanding of the histories, contemporary realities, and political concerns of Indigenous peoples in Canada and beyond. This interdisciplinary program reflects the belief that deep understanding and ethical engagement are central to the well-being…",False,[1710814996],[3151486684],"[3571831894, 2532969046]","[3541596877, 1248952799, 3714169496, 444110842, 2644274870]"
703,Food and Nutritional Sciences,https://you.ubc.ca/programs/food-nutritional-sciences/,"Food and Nutritional Sciences is a competitive double major, combining the core degree requirements of the Food Science and Nutritional Sciences programs. You’ll discover the chemistry and microbiology of food, its nutritional and sensory properties,…",False,[1710814996],[3989580303],[1166637932],"[1258829586, 2500499319, 1028682697]"
552201,Food Science,https://you.ubc.ca/programs/food-science/,"Take your passion for food to the next level in UBC’s Food Science program, where you will discover the chemistry and microbiology of food, its nutritional and sensory properties, and how it is engineered and…",False,[1710814996],[3989580303],[1166637932],"[1258829586, 2500499319, 1028682697, 1418100143]"
709,"Food, Nutrition, and Health",https://you.ubc.ca/programs/food-nutrition-and-health/,"Explore the economic, ecological, social, and technological components of managed landscapes, agrifood systems, and communities comprising the land, food, nutrition, and health continuum. In Food, Nutrition, and Health, you can customize your degree as you…",False,[1710814996],[3989580303],[1166637932],"[1258829586, 3151545924, 2500499319, 1028682697]"
569489,Forest Management,https://you.ubc.ca/programs/forest-management/,"If you love the outdoors and are excited by the challenge of planning and managing our forest lands, taking into account multiple resource users, then the Forest Management program, a major in the Bachelor of…",True,[1710814996],[1333869920],[2863626295],"[1433875987, 4207031876, 3151545924, 2769514293, 2790669962]"
711,Forest Operations,https://you.ubc.ca/programs/forest-operations/,"If you seek the challenge of applying technology and science to create environmentally and economically sound harvesting plans, then the Forest Operations program, a major in the Bachelor of Science in Nature Resources degree, may…",True,[1710814996],[1333869920],"[2016182884, 2863626295, 1785411973]","[4207031876, 3151545924, 2904271204, 1437986676, 2769514293, 2790669962]"
715,Forest Sciences,https://you.ubc.ca/programs/forest-sciences/,"Study scientific principles related to forests, forest organisms, and plant and animal ecology. Forest Sciences is based on the principle that forests are complex ecosystems made up of thousands of living organisms and non-living components,…",True,[1710814996],[1333869920],[2863626295],"[3985172586, 1433875987, 4207031876, 3151545924, 2790669962]"
721,French,https://you.ubc.ca/programs/french-vancouver/,"Enhance your spoken and written French skills as you study literature, culture, and linguistics. You&#8217;ll take courses that range from African and Caribbean literature to Quebecois literature, from fiction to cinema, and much more.",False,[1710814996],[3151486684],"[3063730439, 2532969046]","[3541596877, 1248952799, 342941353, 1640973582, 775837691]"
1037,"Gender, Race, Sexuality, and Social Justice",https://you.ubc.ca/programs/gender-race-sexuality-social-justice/,"This program incorporates research and theories from the social sciences, humanities, science, education, and law to provide you with an interdisciplinary understanding of global and local social justice issues. Areas of study include: critical race…",False,[1710814996],[3151486684],[2532969046],"[3957134255, 3714169496, 1030157987, 444110842]"
739,Geographical Sciences,https://you.ubc.ca/programs/geographical-sciences/,"Study the fundamental interactions between life – including human societies – and the Earth&#8217;s atmosphere, hydrosphere, and geosphere. You&#8217;ll build on a broad base in the basic sciences by completing course in areas such as biogeography, climatology,…",False,[1710814996],[2228041040],[2863626295],"[3151545924, 2790669962, 3235814191, 894689925]"
743,Geography: Environment and Sustainability,https://you.ubc.ca/programs/geo-environment-sustainability/,"Gain an integrated understanding of physical, ecological, economic, socio-cultural, and political systems, as they shape the world in which we live and influence the future of life on planet earth. This program is suitable if…",False,[1710814996],[3151486684],[2863626295],"[3151545924, 1481580292, 2790669962, 3235814191]"
745,Geography: Human Geography,https://you.ubc.ca/programs/human-geography/,"Human Geography covers a wide set of sub-disciplines that share in common the study of the human use and experience of the world. You&#8217;ll study such broad territory as the relations between nature and society,…",False,[1710814996],[3151486684],"[2863626295, 2532969046]","[3151545924, 3541596877, 1481580292, 2790669962]"
747,Geological Engineering,https://you.ubc.ca/programs/geological-engineering/,"Geological engineers assess the physical landscapes where dams, mines, roads, pipelines, railways, forestry, and other extractive operations are planned. Geological Engineering prepares you for an exciting career that often involves travel and on-site investigations in…",False,[1710814996],[2061173936],[1785411973],"[3151545924, 2790669962, 3235814191]"
749,Geology,https://you.ubc.ca/programs/geology/,"Geology is the study of planet Earth, its origin and evolution, its fundamental structure, the properties of minerals, rocks, and fluids of which it is composed, and the evolution of its biosphere. Studying geology at…",False,[1710814996],[2228041040],[2863626295],"[3151545924, 1948821596, 3235814191]"
751,Geophysics,https://you.ubc.ca/programs/geophysics/,"Geophysics is an interdisciplinary physical science of the planets and their environments, in particular the Earth. Geophysics applies the knowledge and techniques of physics, mathematics, and chemistry to understand planetary structure, dynamic behaviour, and evolution…",False,[1710814996],[2228041040],"[2863626295, 3669867392]","[3151545924, 2769514293, 3235814191, 894689925, 1418100143]"
753,German,https://you.ubc.ca/programs/german/,"The German Studies program is made up of courses on Germanophone culture, film, history, language, linguistics, literature, media, philosophy, society and thought. Our courses represent the historically and socially diverse lives and communities that make…",False,[1710814996],[3151486684],[3063730439],"[1248952799, 342941353, 775837691]"
757,Global Resource Systems,https://you.ubc.ca/programs/global-resource-systems/,"Explore solutions to complex resource problems as you delve into global food systems and their link to human and environmental health, agrifood systems, and more. You’ll have the opportunity to design your own degree and…",False,[1710814996],[2438908168],[2863626295],"[3151545924, 1028682697, 2904271204, 342941353, 3865147129]"
767,History,https://you.ubc.ca/programs/history-vancouver/,"The History program will take you through a series of stages in developing knowledge, skills, and practice of history. You can choose from a wide range of courses on Asian, Canadian, European, Latin American, and…",False,[1710814996],[3151486684],[3571831894],"[1248952799, 1640973582, 775837691, 2644274870]"
569692,Indigenous Land Stewardship,https://you.ubc.ca/programs/indigenous-land-stewardship/,"The Bachelor of Indigenous Land Stewardship program will help train the next generation of land stewards alongside Indigenous scholars, well-prepared allies, Elders, and knowledge keepers in culturally appropriate ways.",True,[1710814996],[3299506018],[2863626295],"[3151545924, 3714169496, 2790669962, 1640973582]"
779,Integrated Computer Science,https://you.ubc.ca/programs/integrated-computer-science/,"This 20-month second-degree program is designed for university graduates interested in making a career transition into information technology, or combining their own field with computer science. Integrated Computer Science can help you discover a wonderful…",False,[1710814996],[2410736660],[1785411973],"[3941838386, 460031769, 1418100143]"
781,Integrated Engineering,https://you.ubc.ca/programs/integrated-engineering/,"Integrated Engineering offers the broadest education of the engineering disciplines by allowing you to tailor your degree to your interests, giving you precisely the level of focus that you desire.",False,[1710814996],[2061173936],[1785411973],"[3941838386, 460031769, 1418100143]"
783,Integrated Sciences,https://you.ubc.ca/programs/integrated-sciences/,"Create your own degree in science with this highly flexible, highly interactive program that stresses active learning, group discussion, and collaborative research.",False,[1710814996],[2228041040],"[2863626295, 1166637932, 3669867392]","[3212285637, 1825348589, 3068714876]"
787,Interdisciplinary Studies,https://you.ubc.ca/programs/interdisciplinary-studies/,"In Interdisciplinary Studies, you&#8217;ll design a cross-disciplinary program of study out of courses that are drawn from two of four broad categories – the Creative and Performing Arts, the Humanities, the Physical and Life Sciences,…",False,[1710814996],[3151486684],"[2016182884, 2863626295, 1166637932, 3571831894, 3063730439, 653776851, 2532969046]","[795810186, 3957134255, 1248952799, 1640973582, 775837691]"
791,International Economics,https://you.ubc.ca/programs/international-economics/,"Gain a deep understanding of how the global economy works, as well as strong technical training that will allow you to go on to a career in business, government, or academia. This rigorous and challenging…",False,[1710814996],[4200618361],[2016182884],"[1909354164, 3151545924, 1481580292, 1640973582, 3865147129]"
795,International Relations,https://you.ubc.ca/programs/international-relations-vancouver/,"Gain a deeper understanding of pertinent world issues such as international diplomacy, global economics, security, and much more. Your coursework will span myriad subjects, from geography, anthropology, and Asian studies, to political science, sociology, and…",False,[1710814996],[3151486684],[3571831894],"[3541596877, 1248952799, 1640973582, 4083978177]"
801,Journalism,https://you.ubc.ca/programs/journalism/,"UBC Journalism is a unique, boutique journalism master&#8217;s program, and the only graduate journalism program in western Canada. It is designed to provide you with professional experience and academic grounding, to help you succeed as…",False,[1710814996],[3548287224],[653776851],"[1640973582, 3461931775, 775837691, 3865147129, 3748041039]"
805,Kinesiology: Multidisciplinary Science,https://you.ubc.ca/programs/kinesiology-multidisciplinary-science/,"Build a foundation of knowledge in kinesiology and pursue courses that suit your unique interests and career goals in the Multidisciplinary Science stream. You&#8217;ll explore topics such as leisure and sport in society, biomechanics, anatomy,…",False,[1710814996],[3322079241],[1166637932],"[2500499319, 501643338, 1825348589, 546992826]"
807,Kinesiology: Neuromechanical and Physiological Sciences,https://you.ubc.ca/programs/kinesiology-neuromechanical-physiological-sciences/,"Strengthen your knowledge in human structure and function responsible for movement. You&#8217;ll study core courses in general health, biomechanics, anatomy, physiology, motor learning, psychology, sociology, and physical education, before specializing in the final two years…",False,[1710814996],[3322079241],[1166637932],"[2500499319, 501643338, 1825348589, 546992826]"
809,Kinesiology: Social and Behavioural Sciences,https://you.ubc.ca/programs/kinesiology-social-behavioural-sciences/,"Prepare for leadership and instructional careers in a variety of physical activity and sport settings in both public and private agencies. You&#8217;ll cover topics such as adapted physical education, research methods in kinesiology, exercise prescription,…",False,[1710814996],[3322079241],[1166637932],"[2500499319, 501643338, 1825348589, 546992826, 514922210]"
817,Latin American Studies,https://you.ubc.ca/programs/latin-american-studies-vancouver/,"Build a broad foundation of knowledge in the peoples and places of Latin America. This interdisciplinary program includes courses in anthropology, art history, geography, history, and political science as well as language instruction in Spanish…",False,[1710814996],[3151486684],"[3571831894, 2532969046]","[3541596877, 1248952799, 342941353, 1640973582]"
819,Law,https://you.ubc.ca/programs/law/,"At the Peter A. Allard School of Law, you&#8217;ll receive a first-rate legal education that balances traditional areas of practice with emerging fields of specialization. Your first year will cover common curriculum – with classes in…",False,[1710814996],[206431322],[3571831894],"[501643338, 1481580292, 1640973582, 460031769, 3068714876, 444110842]"
823,Linguistics,https://you.ubc.ca/programs/linguistics/,"Linguistics is a highly interdisciplinary field that combines research methods from the humanities and the social, natural, and mathematical sciences to study human language. Linguists are interested in questions such as: What are the structural…",False,[1710814996],[3151486684],[3063730439],"[4106025904, 3941838386, 501643338, 1481580292, 342941353]"
560625,Manufacturing Engineering,https://you.ubc.ca/programs/manufacturing-engineering-vancouver/,"Learn how to design, operate, and optimize advanced manufacturing environments in UBC&#8217;s Manufacturing Engineering program.",False,[1710814996],[2061173936],"[2016182884, 1785411973]","[3212285637, 1418100143]"
831,Materials Engineering,https://you.ubc.ca/programs/materials-engineering/,"From the smallest nano-particles to massive mining challenges – materials engineering expertise is sought after in multiple industries worldwide. You&#8217;ll start with the core material groups: metals, ceramics, polymers. and composites. By fourth year, you’ll be…",False,[1710814996],[2061173936],[1785411973],"[3212285637, 3941838386, 1192414939]"
835,Mathematical Sciences,https://you.ubc.ca/programs/mathematical-sciences-vancouver/,"Study subjects such as differential calculus, mathematical proof, matrix algebra, and much more as you establish a solid foundation in the mathematical sciences. You can emphasize mathematics, statistics, computer science, or any combination of the…",False,[1710814996],[2228041040],[3669867392],"[4106025904, 3941838386, 460031769, 582946604]"
845,Mathematics (BA),https://you.ubc.ca/programs/mathematics-vancouver-ba/,"Mathematics majors apply math, probability, statistics, and the principles of business and finance to analyze statistical data and assess business risks. Mathematics at UBC provides an excellent balance of pure and applied mathematics and is…",False,[1710814996],[3151486684],[3669867392],"[4106025904, 3941838386, 460031769, 582946604]"
847,Mathematics (BSc),https://you.ubc.ca/programs/mathematics-vancouver-bsc/,"Mathematics is more than just numbers and rules for calculating with them – it&#8217;s a powerful tool for solving practical problems and a highly creative field of study, combining logic and precision with intuition and imagination.",False,[1710814996],[2228041040],[3669867392],"[2605208591, 3941838386, 460031769, 582946604]"
837,Mathematics and Economics,https://you.ubc.ca/programs/mathematics-economics/,"This combined major will give you a solid foundation in mathematics and an understanding of key economics principles. You&#8217;ll examine subjects such as microeconomics, empirical economics, differential calculus, mathematical proof, and more.",False,[1710814996],[2228041040],"[2016182884, 3669867392]","[2605208591, 3941838386, 1640973582, 460031769, 582946604]"
853,Mechanical Engineering,https://you.ubc.ca/programs/mechanical-engineering-vancouver/,"Mechanical Engineering is a diverse field that applies physics and mathematics to analyze, design, and maintain mechanical systems. Mechanical Engineers continuously innovate, then refine and simplify solutions to the problems we face in our everyday…",False,[1710814996],[2061173936],[1785411973],"[3212285637, 4214343119, 1418100143]"
149747,Media Studies,https://you.ubc.ca/programs/media-studies/,"Gain experience in the creation and critical dissection of media across forms, and its multifaceted influence on society, while becoming a member of a collaborative community of students, scholars, and creative professionals. This cohort-based interdisciplinary…",False,[1710814996],[877900534],[653776851],"[296644452, 3461931775, 1486153115, 1418100143, 4213596847]"
552197,Medical Laboratory Science,https://you.ubc.ca/programs/medical-laboratory-science/,"Whether you’re interested in pursuing a career in research or biotechnology, considering entering a health profession, or looking to advance your career as a medical laboratory technologist, the Medical Laboratory Science program could be for…",False,[1710814996],[1475458738],[1166637932],"[501643338, 1825348589, 460031769]"
555222,Medicine,https://you.ubc.ca/programs/medicine/,"UBC’s Doctor of Medicine (MD) undergraduate program equips you with the knowledge, training, and experience you need to meet the health care challenges of today and tomorrow. As an MD student, you&#8217;ll work alongside faculty…",False,"[3867375191, 1710814996]",[1508390991],[1166637932],"[2500499319, 501643338, 1825348589, 1481580292]"
863,Medieval Studies,https://you.ubc.ca/programs/medieval-studies/,"Through a study of the medieval period, you can come to an understanding of a civilization as a whole in both its unity and diversity. Study of the Middle Ages teaches you to critically evaluate…",False,[1710814996],[3151486684],[3571831894],"[795810186, 3541596877, 1248952799, 1481580292, 775837691, 2644274870]"
865,Microbiology and Immunology,https://you.ubc.ca/programs/microbiology-immunology/,"UBC&#8217;s department of Microbiology and Immunology is a leading centre for the study of bacteria, fungi, and viruses, and their roles in human health and disease, agriculture, natural ecosystems, energy, and global sustainability. The department…",False,[1710814996],[2228041040],[1166637932],"[501643338, 1825348589, 460031769, 2461791673]"
871,Midwifery,https://you.ubc.ca/programs/midwifery/,"The Midwifery Program at UBC has been preparing midwives since 2002 and provides a high-quality, clinically-based educational experience that allows you to enter directly into practice following registration. UBC Midwifery graduates are working as midwives…",False,[1710814996],[3735190584],[1166637932],"[3957134255, 501643338, 1825348589]"
875,Mining Engineering,https://you.ubc.ca/programs/mining-engineering/,"Mining engineers focus on finding ways to extract minerals or metals from the earth. Their expertise in mining, mineral processing, and mine waste management is highly sought after around the world, wherever mines are located.…",False,[1710814996],[2061173936],[1785411973],"[3151545924, 2790669962, 3235814191]"
877,Modern European Studies,https://you.ubc.ca/programs/modern-european-studies/,"Study European languages, history, art, music, literature, philosophy, geography, sociology, anthropology, politics, and economics in a broadly based concentration that will extend and deepen your knowledge of European issues.",False,[1710814996],[3151486684],"[3571831894, 3063730439, 2532969046]","[1248952799, 342941353, 1640973582, 3461931775, 2644274870]"
883,Museum Studies,https://you.ubc.ca/programs/museum-studies/,"Learn about the history of museum collecting, debate the public role of museums, address questions of ownership and repatriation of collections, and explore the complex relationship between museums and the individuals and communities that originally…",False,[1710814996],[3151486684],[2532969046],"[795810186, 3541596877, 1248952799, 3015131076]"
893,Music,https://you.ubc.ca/programs/music/,"Music is a rich, diverse, and universal art that is profoundly rewarding to study and to perform. Prepare for music-related careers in elementary education, broadcasting and journalism, music therapy, and business by integrating the study…",False,[1710814996],[3151486684],[653776851],"[795810186, 4162136220, 2677821396, 2876509881, 346360044]"
885,Music: Advanced Performance,https://you.ubc.ca/programs/music-advanced-performance/,"Study music theory and technology, musicianship, and more alongside four years of private instruction in piano, opera, a standard orchestral instrument, voice, guitar, harpsichord, or organ.",False,[1710814996],[3773949241],[653776851],"[795810186, 3541596877, 2677821396, 2876509881, 346360044]"
887,Music: Composition,https://you.ubc.ca/programs/music-composition/,"UBC Composition provides an array of opportunities for the creation, exploration, and performance of contemporary music. The School of Music houses a state-of-the-art electronic music studio for students interested in creating works which involve sound…",False,[1710814996],[3773949241],[653776851],"[795810186, 2677821396, 2876509881, 346360044, 3748041039]"
889,Music: General Studies,https://you.ubc.ca/programs/music-general-studies/,"Music: General Studies is designed to provide a broad, flexible, and general higher education in music, including private lessons on the instrument that you play best. You&#8217;ll have the freedom to choose many elective courses,…",False,[1710814996],[3773949241],[653776851],"[795810186, 2677821396, 2876509881, 346360044, 514922210]"
891,Music: Scholarship,https://you.ubc.ca/programs/music-scholarship/,"Music Scholarship is for students who have a special aptitude for research in music history, music theory, or ethnomusicology.",False,[1710814996],[3773949241],[653776851],"[795810186, 3541596877, 1248952799, 2677821396, 2876509881]"
568741,Neuroscience,https://you.ubc.ca/programs/neuroscience/,"Neuroscience is the multidisciplinary study of the brain and the nervous system. Methodologies from many disciplines including cellular and molecular biology, behavioural sciences, cognitive psychology, physiology and anatomy are used to investigate neural function and behaviour.",False,[1710814996],[2228041040],[1166637932],"[501643338, 1825348589, 1481580292]"
913,Nursing,https://you.ubc.ca/programs/nursing-vancouver/,"Nurses make a real difference to the health and well-being of individuals, families, communities, and populations – in Canada and globally. You&#8217;ll learn from faculty members who are continually recognized for groundbreaking and dedicated work to…",False,[1710814996],[1897306707],[1166637932],"[501643338, 1825348589, 1030157987]"
915,Nutritional Sciences,https://you.ubc.ca/programs/nutritional-sciences/,"Build a strong foundation in basic and applied human nutrition as you delve into a broad range of topics, from community nutrition to how our bodies actually metabolize and use nutrients. You’ll explore rich opportunities…",False,[1710814996],[3989580303],[1166637932],"[2500499319, 1825348589, 2790669962]"
921,Oceanography,https://you.ubc.ca/programs/oceanography/,"Oceanography is the study of our oceans, including their circulation, physical and chemical properties, and life. Physical, biological, and chemical oceanographers often work together in this richly interdisciplinary science to better understand how the ocean…",False,[1710814996],[2228041040],[2863626295],"[3151545924, 1948821596, 2461791673]"
561295,Pharmaceutical Sciences,https://you.ubc.ca/programs/pharmaceutical-sciences/,"Study the sciences behind drug discovery and development, including pharmacology, formulations, nanomedicine, diagnostics, and analytical chemistry. You&#8217;ll graduate ready for grad school or a technical position in pharmaceuticals, life sciences, or biotechnology.",False,[1710814996],[3417730641],[1166637932],"[1825348589, 3068714876, 2461791673]"
927,Pharmacology,https://you.ubc.ca/programs/pharmacology/,"This program emphasizes the experimental and laboratory aspects of pharmacology. You will learn both whole-animal and isolated-tissue techniques, as well as biochemical and chemical procedures, that will be relevant in both pre-clinical and clinical research…",False,[1710814996],[2228041040],[1166637932],"[501643338, 1825348589, 2461791673]"
929,Pharmacy,https://you.ubc.ca/programs/pharmacy/,"Pharmacists have specialized knowledge of medicines, ranging from their discovery, chemistry, synthesis, and manufacture to how they work in the body, how they can improve or cure disease, and how to determine if they are…",False,[1710814996],[565541134],[1166637932],"[501643338, 2461791673, 1418100143]"
931,Philosophy,https://you.ubc.ca/programs/philosophy-vancouver/,"Philosophy covers everything from fundamental questions about knowledge, the meaning of life and how to live it, to questions about how to design intelligent robots, the ethics of scientific and technological innovation, and how to…",False,[1710814996],[3151486684],[2532969046],"[1909469088, 460031769, 775837691, 3068714876, 3748041039]"
943,Physics,https://you.ubc.ca/programs/physics-vancouver/,"Physicists study the material world and the energy that drives it, from the smallest particles like neutrinos and Higgs bosons, to the very largest structures in the universe, and ultimately the universe itself.",False,[1710814996],[2228041040],[3669867392],"[3941838386, 1192414939, 460031769, 1418100143]"
949,Political Science,https://you.ubc.ca/programs/political-science-vancouver/,"Political Science is the study of the nature, causes, and consequences of collective decisions and actions taken by groups of people embedded in cultures and institutions that structure power and authority. In this program you&#8217;ll…",False,[1710814996],[3151486684],[3571831894],"[3541596877, 1248952799, 1481580292, 1640973582, 3068714876]"
957,Psychology,https://you.ubc.ca/programs/psychology-vancouver-ba/,"Study human and animal behaviour using scientific methods and from a variety of perspectives including behavioural neuroscience, cognition, clinical, health, developmental, social and personality psychology, and quantitative methods.",False,[1710814996],[3151486684],"[1166637932, 2532969046]","[3541596877, 501643338, 1825348589, 1481580292]"
967,Religion,https://you.ubc.ca/programs/religion/,The Program in the Study of Religion provides a solid education in a variety of religions from a number of disciplinary perspectives. It incorporates different regions and historical periods while allowing you to focus on…,False,[1710814996],[3151486684],"[3571831894, 2532969046]","[795810186, 3541596877, 775837691, 2644274870]"
971,Romance Studies,https://you.ubc.ca/programs/romance-studies/,"Romance languages are vehicles of communication and exchange across Europe, North and South America, the Caribbean, the Middle East, Africa, and Southeast Asia. You&#8217;ll study the literatures, languages, and cultures of the Romance World.",False,[1710814996],[3151486684],"[3063730439, 2532969046]","[3541596877, 1248952799, 342941353, 2644274870]"
989,Social Work,https://you.ubc.ca/programs/social-work/,"Social work is a profession working for social justice at individual, family, organization, community, and societal levels. You&#8217;ll gain the necessary skills, knowledge, ethics, and values to work in the different areas of social work…",False,[1710814996],[1498669825],[2532969046],"[501643338, 1481580292, 3714169496, 1030157987, 444110842]"
993,Sociology,https://you.ubc.ca/programs/sociology-vancouver/,"Sociology examines the processes of social and cultural life in human societies past and present, near and far. You&#8217;ll study the lives of individuals with participation in social groups and networks, explore the linkages between…",False,[1710814996],[3151486684],[2532969046],"[3541596877, 3957134255, 1481580292, 775837691, 444110842]"
997,Spanish,https://you.ubc.ca/programs/spanish-hispanic-studies/,"The Spanish program offers a variety of courses in Spanish language at all levels, and in Hispanic literature, culture, and civilization. Language courses focus on the development of oral, grammar, writing, and communicative skills, while…",False,[1710814996],[3151486684],"[3063730439, 2532969046]","[3541596877, 1248952799, 342941353]"
999,Speech Sciences,https://you.ubc.ca/programs/speech-sciences/,"Speech Sciences is an interdisciplinary program with courses from Linguistics, Psychology, and the School of Audiology and Speech Sciences. You&#8217;ll study research methods, language structure, child development and language acquisition, anatomy and physiology, experimental psychology,…",False,[1710814996],[3151486684],"[1166637932, 3063730439]","[1825348589, 1481580292, 342941353, 775837691]"
1003,Statistics,https://you.ubc.ca/programs/statistics-vancouver/,"This program emphasizes the role of statistics within the general framework of problem solving, and helps you develop an understanding of the concepts of observation, hypothesis, evidence, and validation. You&#8217;ll learn more about critical statistical…",False,[1710814996],[2228041040],[3669867392],"[4106025904, 2605208591, 1640973582, 582946604]"
555107,Sustainable Agriculture and Environment,https://you.ubc.ca/programs/sustainable-agriculture-environment/,"Learn how to produce food in a way that protects our soils, water, and air; how to manage biodiversity and habitat for the organisms we rely on to help us grow our food; and how…",False,[1710814996],[786632702],[2863626295],"[3985172586, 3151545924, 1028682697, 2904271204, 1437986676]"
1009,Theatre Studies,https://you.ubc.ca/programs/theatre/,"Studying Theatre Studies at UBC exposes you to a wide array of methodologies for analyzing theatre and performance. Some methodologies involve close textual analysis, examining a play&#8217;s form, style, and narrative in detail. Others focus…",False,[1710814996],[3151486684],[653776851],"[1979775749, 4214343119, 3541596877, 1481580292, 4114175820]"
1013,Theatre: Acting,https://you.ubc.ca/programs/theatre-acting/,"Receive rigorous actor training from UBC&#8217;s renowned BFA program. Your studies will straddle studio practice and lecture/discussion, spanning a broad range of performance modalities and theoretical approaches in order to develop the actors instrument and…",False,[1710814996],[2718097467],[653776851],"[3948976845, 1979775749, 4162136220, 4083978177, 4114175820]"
1015,Theatre: Design and Production,https://you.ubc.ca/programs/theatre-design-production/,"While studying Design and Production for Theatre, you’ll develop important skills and practical experience while also taking courses in play analysis, storytelling foundations, elements of design, collaborative thinking, research methods, and theatre history &amp; theory.",False,[1710814996],[2718097467],[653776851],"[3948976845, 1979775749, 4162136220, 4083978177, 4114175820]"
1021,United States Studies,https://you.ubc.ca/programs/united-states-studies/,"This program will significantly increase your understanding of the United States and its institutions and policies. Your coursework will span topics in economics, political science, history, and more.",False,[1710814996],[3151486684],"[3571831894, 2532969046]","[3541596877, 1248952799, 1640973582]"
341396,Urban Forestry,https://you.ubc.ca/programs/urban-forestry/,"Develop your passion for the urban environment as you learn more about sustainability, green space planning, and nature in the city. Urban Forestry is the first undergraduate degree in Canada dedicated to the planning and…",False,[1710814996],[1100830481],"[2863626295, 1166637932]","[4214343119, 1437986676, 2790669962, 4181312913, 1418100143]"
568680,Urban Studies,https://you.ubc.ca/programs/urbanstudies/,"Now, more than ever, we need people who are trained to understand and shape urbanization from the public, private, and civic sectors. Urban Studies provides a comprehensive conceptual and applied foundation for those who seek…",False,[1710814996],[3151486684],[2863626295],"[4214343119, 3151545924, 2790669962, 4181312913]"
547511,Vantage One: Applied Science (Engineering),https://you.ubc.ca/programs/vantage-one-applied-science/,"Prepare for UBC’s Engineering programs by choosing the Applied Science stream at UBC Vantage College. You’ll complete foundational coursework in engineering, chemistry, math, and physics, plus you’ll participate in an engineering design project that culminates…",False,"[3867375191, 1710814996]",[],[1785411973],"[3212285637, 3941838386, 1192414939]"
572165,Vantage One: Arts,https://you.ubc.ca/programs/vantage-one-arts/,"The UBC Vantage One Arts program includes courses in history, sociology, geography, political science, psychology, research, and writing, to give you a solid foundation of knowledge in the arts and to strengthen your communication skills.",False,[1710814996],[],"[3571831894, 2532969046]","[795810186, 3541596877, 501643338, 1248952799, 1481580292, 342941353, 3748041039]"
547517,Vantage One: Science,https://you.ubc.ca/programs/vantage-one-science/,The Science stream at UBC Vantage College establishes a foundation of knowledge through a core set of science courses that range from chemistry to calculus to programming. You will have the option of selecting either…,False,[1710814996],[],"[1785411973, 1166637932, 3669867392]","[3941838386, 342941353, 3068714876]"
1029,Visual Art (BA),https://you.ubc.ca/programs/visual-art-ba/,"This program is similar to a general liberal arts degree with an emphasis on the practice of visual art. Held in studio environments, visual art classes foster individual creative production and visual literacy in a…",False,[1710814996],[3151486684],[653776851],"[3779456605, 296644452, 3497688324, 376630936, 3496947283]"
1031,Visual Art (BFA),https://you.ubc.ca/programs/visual-art-bfa/,"The BFA Visual Art program focuses on visual art practice, critical theory, and art history while providing an excellent foundation in a variety of fields involving the making and understanding of visual art and contemporary…",False,[1710814996],[2718097467],[653776851],"[3779456605, 4055149110, 3497688324, 376630936, 3496947283]"
1039,Wood Products,https://you.ubc.ca/programs/wood-products/,"If you&#8217;re innovative, and you enjoy engineering and problem solving, Wood Products could be for you. This award-winning program fuses science, engineering, and business and is a major in the Bachelor of Science in Nature…",True,[1710814996],[1333869920],"[2016182884, 2863626295, 1785411973]","[3212285637, 3151545924, 2769514293, 2790669962, 1731601707]"
