id,author,status,date,date_utc,modified,modified_utc,url,venue,slug,address,city,country,province,zip,website,stateprovince,show_map,show_map_link,global_id,global_id_lineage,phone
79166,79,publish,2026-05-06 16:46:53,2026-05-06 23:46:53,2026-05-06 16:46:53,2026-05-06 23:46:53,https://events.ubc.ca/venue/bc-childrens-hospital-research-institute/,BC Children&#8217;s Hospital Research Institute,bc-childrens-hospital-research-institute,938 W 28th Avenue,Vancouver,Canada,British Columbia,V5Z 4H4,https://www.bcchr.ca/,British Columbia,True,True,events.ubc.ca?id=79166,"[""events.ubc.ca?id=79166""]",
78775,79,publish,2026-04-28 14:27:30,2026-04-28 21:27:30,2026-04-28 14:27:30,2026-04-28 21:27:30,https://events.ubc.ca/venue/gateway-health-building/,Gateway Health Building,gateway-health-building,5955 University Blvd,Vancouver,Canada,BC,V6T 1Z3,,BC,True,True,events.ubc.ca?id=78775,"[""events.ubc.ca?id=78775""]",
75338,90,publish,2026-02-18 07:40:51,2026-02-18 15:40:51,2026-02-18 07:40:51,2026-02-18 15:40:51,https://events.ubc.ca/venue/gordon-leslie-diamond-health-care-centre/,Gordon &#038; Leslie Diamond Health Care Centre,gordon-leslie-diamond-health-care-centre,2775 Laurel St,Vancouver,Canada,British Columbia,V5Z 1M9,,British Columbia,True,True,events.ubc.ca?id=75338,"[""events.ubc.ca?id=75338""]",(604) 875-4111
75191,79,publish,2026-02-13 12:34:24,2026-02-13 20:34:24,2026-02-13 12:34:24,2026-02-13 20:34:24,https://events.ubc.ca/venue/place-vanier-ballroom/,Place Vanier Ballroom,place-vanier-ballroom,1935 Lower Mall,Vancouver,Canada,BC,V6T 1X1,,BC,True,True,events.ubc.ca?id=75191,"[""events.ubc.ca?id=75191""]",
74766,90,publish,2026-02-06 10:40:58,2026-02-06 18:40:58,2026-02-06 10:40:58,2026-02-06 18:40:58,https://events.ubc.ca/venue/fairmont-pacific-rim/,Fairmont Pacific Rim,fairmont-pacific-rim,1038 Canada Pl,Vancouver,Canada,British Columbia,V6C0B9,,British Columbia,True,True,events.ubc.ca?id=74766,"[""events.ubc.ca?id=74766""]",
70597,90,publish,2025-10-29 11:06:24,2025-10-29 18:06:24,2025-10-29 11:17:46,2025-10-29 18:17:46,https://events.ubc.ca/venue/black-student-space/,Black Student Space,black-student-space,5960 Student Union Boulevard,Vancouver,Canada,British Columbia,V6T 1Z1,https://students.ubc.ca/about-student-services/black-student-space/,British Columbia,True,True,events.ubc.ca?id=70597,"[""events.ubc.ca?id=70597""]",
64125,88,publish,2025-04-30 15:19:00,2025-04-30 22:19:00,2025-04-30 15:19:00,2025-04-30 22:19:00,https://events.ubc.ca/venue/university-boulevard/,University Boulevard,university-boulevard,6015 University Boulevard,Vancouver,,BC,,,BC,True,True,events.ubc.ca?id=64125,"[""events.ubc.ca?id=64125""]",
64087,4,publish,2025-04-29 09:22:29,2025-04-29 16:22:29,2025-04-29 09:22:29,2025-04-29 16:22:29,https://events.ubc.ca/venue/money-and-raymond-m-c-lee-square/,Money and Raymond M.C. Lee Square,money-and-raymond-m-c-lee-square,6163 University Blvd,Vancouver,Canada,British Columbia,,,British Columbia,True,True,events.ubc.ca?id=64087,"[""events.ubc.ca?id=64087""]",
63158,88,publish,2025-03-26 14:14:02,2025-03-26 21:14:02,2025-03-26 14:14:02,2025-03-26 21:14:02,https://events.ubc.ca/venue/school-of-biomedical-engineering/,School of Biomedical Engineering,school-of-biomedical-engineering,6088 University Blvd,Vancouver,Canada,British Columbia,,,British Columbia,True,True,events.ubc.ca?id=63158,"[""events.ubc.ca?id=63158""]",
60318,88,publish,2025-01-07 09:45:01,2025-01-07 17:45:01,2025-01-07 09:45:01,2025-01-07 17:45:01,https://events.ubc.ca/venue/applied-sciences-third-space/,Applied Sciences Third Space,applied-sciences-third-space,2332 Main Mall,Vancouver,Canada,BC,V6T 1Z4,,BC,False,False,events.ubc.ca?id=60318,"[""events.ubc.ca?id=60318""]",
58701,88,publish,2024-11-12 12:31:30,2024-11-12 20:31:30,2024-11-12 12:31:30,2024-11-12 20:31:30,https://events.ubc.ca/venue/sage-at-the-university-centre/,Sage at The University Centre,sage-at-the-university-centre,6331 Crescent Road,Vancouver,Canada,BC,V6T 1Z2,,BC,False,False,events.ubc.ca?id=58701,"[""events.ubc.ca?id=58701""]",
57821,88,publish,2024-10-21 11:47:09,2024-10-21 18:47:09,2024-10-21 11:47:09,2024-10-21 18:47:09,https://events.ubc.ca/venue/viff-theatre/,VIFF Theatre,viff-theatre,1181 Seymour St,Vancouver,Canada,BC,,,BC,False,False,events.ubc.ca?id=57821,"[""events.ubc.ca?id=57821""]",
57613,88,publish,2024-10-18 09:57:35,2024-10-18 16:57:35,2024-10-18 09:57:35,2024-10-18 16:57:35,https://events.ubc.ca/venue/the-norm-theatre/,The Norm Theatre,the-norm-theatre,6138 Student Union Blvd,Vancouver,,BC,,,BC,False,False,events.ubc.ca?id=57613,"[""events.ubc.ca?id=57613""]",
57452,4,publish,2024-10-16 08:17:40,2024-10-16 15:17:40,2024-10-16 08:17:40,2024-10-16 15:17:40,https://events.ubc.ca/venue/waterfront-theatre/,Waterfront Theatre,waterfront-theatre,1412 Cartwright Street,Vancouver,Canada,British Columbia,V6H 3R7,https://gitd.ca/pages/waterfront-theatre,British Columbia,False,False,events.ubc.ca?id=57452,"[""events.ubc.ca?id=57452""]",
56482,4,publish,2024-09-23 16:18:51,2024-09-23 23:18:51,2024-09-23 16:18:51,2024-09-23 23:18:51,https://events.ubc.ca/venue/vancouver-convention-centre/,Vancouver Convention Centre,vancouver-convention-centre,1055 Canada Pl,Vancouver,Canada,British Columbia,V6C 0C3,,British Columbia,True,True,events.ubc.ca?id=56482,"[""events.ubc.ca?id=56482""]",
55827,4,publish,2024-09-11 12:18:11,2024-09-11 19:18:11,2024-09-11 12:18:11,2024-09-11 19:18:11,https://events.ubc.ca/venue/west-mall-annex/,West Mall Annex,west-mall-annex,1933 West Mall,Vancouver,Canada,British Columbia,V6T 1Z2,,British Columbia,True,True,events.ubc.ca?id=55827,"[""events.ubc.ca?id=55827""]",
54794,79,publish,2024-08-16 09:31:10,2024-08-16 16:31:10,2024-08-16 09:31:10,2024-08-16 16:31:10,https://events.ubc.ca/venue/ubc-studios/,UBC Studios,ubc-studios,0110 – 2329 West Mall,Vancouver,Canada,British Columbia,V6T 1Z4,https://ubcstudios.ubc.ca/,British Columbia,True,True,events.ubc.ca?id=54794,"[""events.ubc.ca?id=54794""]",
51583,4,publish,2024-04-26 18:59:04,2024-04-27 01:59:04,2024-04-26 18:59:04,2024-04-27 01:59:04,https://events.ubc.ca/venue/st-pauls-hospital/,St Paul’s Hospital,st-pauls-hospital,1081 Burrard St,Vancouver,,British Columbia,V6Z 1Y6,,British Columbia,True,True,events.ubc.ca?id=51583,"[""events.ubc.ca?id=51583""]",
50616,79,publish,2024-03-08 15:54:44,2024-03-08 23:54:44,2024-03-08 15:54:44,2024-03-08 23:54:44,https://events.ubc.ca/venue/ubc-school-of-kinesiology/,UBC School of Kinesiology,ubc-school-of-kinesiology,,,,,,,,True,True,events.ubc.ca?id=50616,"[""events.ubc.ca?id=50616""]",
44475,4,publish,2023-05-03 14:54:42,2023-05-03 21:54:42,2023-05-03 14:54:42,2023-05-03 21:54:42,https://events.ubc.ca/venue/museum-of-vancouver-mov/,Museum of Vancouver (MOV),museum-of-vancouver-mov,1100 Chestnut Street,Vancouver,,British Columbia,V6J 3J9,https://museumofvancouver.ca,British Columbia,True,True,events.ubc.ca?id=44475,"[""events.ubc.ca?id=44475""]",
41857,4,publish,2023-01-04 09:03:06,2023-01-04 17:03:06,2023-01-04 09:03:06,2023-01-04 17:03:06,https://events.ubc.ca/venue/roy-barnett-recital-hall/,Roy Barnett Recital Hall (Music Building),roy-barnett-recital-hall,6361 Memorial Road,Vancouver,Canada,British Columbia,V6T1Z2,,British Columbia,True,True,events.ubc.ca?id=41857,"[""events.ubc.ca?id=41857""]",
41300,4,publish,2022-11-09 13:53:41,2022-11-09 21:53:41,2022-11-09 13:58:00,2022-11-09 21:58:00,https://events.ubc.ca/venue/sfu-goldcorp-centre-for-the-arts/,SFU Goldcorp Centre for the Arts,sfu-goldcorp-centre-for-the-arts,149 West Hastings St,Vancouver,Canada,British Columbia,V6B 5K3,https://www.sfu.ca/vancouver/welcome/about-us/contact/goldcorp-centre-for-the-arts.html,British Columbia,True,True,events.ubc.ca?id=41300,"[""events.ubc.ca?id=41300""]",
41223,79,publish,2022-11-04 09:27:43,2022-11-04 16:27:43,2022-11-04 09:27:43,2022-11-04 16:27:43,https://events.ubc.ca/venue/frederic-wood-theatre/,Frederic Wood Theatre,frederic-wood-theatre,6354 Crescent Rd,Vancouver,,BC,V6T 1Z2,,BC,True,True,events.ubc.ca?id=41223,"[""events.ubc.ca?id=41223""]",
38476,33,publish,2022-04-12 11:49:55,2022-04-12 18:49:55,2022-04-12 11:49:55,2022-04-12 18:49:55,https://events.ubc.ca/venue/orpheum-theatre/,Orpheum Theatre,orpheum-theatre,601 Smithe Street,Vancouver,Canada,British Columbia,V6B 3L4,,British Columbia,True,True,events.ubc.ca?id=38476,"[""events.ubc.ca?id=38476""]",
38473,33,publish,2022-04-12 11:44:04,2022-04-12 18:44:04,2022-04-12 11:44:04,2022-04-12 18:44:04,https://events.ubc.ca/venue/kelowna-community-theatre/,Kelowna Community Theatre,kelowna-community-theatre,1375 Water Street,Kelowna,Canada,British Columbia,V1Y 0B4,theatre.kelowna.ca,British Columbia,True,True,events.ubc.ca?id=38473,"[""events.ubc.ca?id=38473""]",
38467,33,publish,2022-04-12 11:05:11,2022-04-12 18:05:11,2022-04-12 11:05:11,2022-04-12 18:05:11,https://events.ubc.ca/venue/vancouver-playhouse/,Vancouver Playhouse,vancouver-playhouse,600 Hamilton Street,Vancouver,Canada,British Columbia,V6B 2P1,vancouvercivictheatres,British Columbia,True,True,events.ubc.ca?id=38467,"[""events.ubc.ca?id=38467""]",
36575,4,publish,2021-12-15 21:26:41,2021-12-16 05:26:41,2021-12-15 21:26:41,2021-12-16 05:26:41,https://events.ubc.ca/venue/vancouver-marriott-pinnacle-downtown-hotel/,Vancouver Marriott Pinnacle Downtown Hotel,vancouver-marriott-pinnacle-downtown-hotel,1128 West Hastings Street,Vancouver,Canada,British Columbia,V6E4J6,,British Columbia,True,True,events.ubc.ca?id=36575,"[""events.ubc.ca?id=36575""]",
36312,4,publish,2021-12-10 11:35:04,2021-12-10 19:35:04,2021-12-10 11:35:04,2021-12-10 19:35:04,https://events.ubc.ca/venue/university-hospital-of-northern-bc/,University Hospital of Northern BC,university-hospital-of-northern-bc,1475 Edmonton Street,Prince George,Canada,British Columbia,V2M1S2,,British Columbia,True,True,events.ubc.ca?id=36312,"[""events.ubc.ca?id=36312""]",
36311,4,publish,2021-12-10 11:34:22,2021-12-10 19:34:22,2021-12-10 11:34:22,2021-12-10 19:34:22,https://events.ubc.ca/venue/university-of-northern-british-columbia/,University of Northern British Columbia,university-of-northern-british-columbia,3333 University Way,Prince George,Canada,British Columbia,V2N4Z9,,British Columbia,True,True,events.ubc.ca?id=36311,"[""events.ubc.ca?id=36311""]",
36310,4,publish,2021-12-10 11:33:51,2021-12-10 19:33:51,2021-12-10 11:33:51,2021-12-10 19:33:51,https://events.ubc.ca/venue/surrey-memorial-hospital/,Surrey Memorial Hospital,surrey-memorial-hospital,13750 96 Avenue,Surrey,Canada,British Columbia,V3V1Z2,,British Columbia,True,True,events.ubc.ca?id=36310,"[""events.ubc.ca?id=36310""]",
36308,4,publish,2021-12-10 11:32:45,2021-12-10 19:32:45,2021-12-10 11:32:45,2021-12-10 19:32:45,https://events.ubc.ca/venue/vancouver-general-hospital-vgh/,Vancouver General Hospital (VGH),vancouver-general-hospital-vgh,899 W 12th Avenue,Vancouver,Canada,British Columbia,V5Z1M9,,British Columbia,True,True,events.ubc.ca?id=36308,"[""events.ubc.ca?id=36308""]",
36307,4,publish,2021-12-10 11:32:14,2021-12-10 19:32:14,2021-12-10 11:32:14,2021-12-10 19:32:14,https://events.ubc.ca/venue/medical-science-building-university-of-victoria/,Medical Science Building &#8211; University of Victoria,medical-science-building-university-of-victoria,PO Box 1700 STN CSC,Victoria,Canada,British Columbia,V8W2Y2,,British Columbia,False,False,events.ubc.ca?id=36307,"[""events.ubc.ca?id=36307""]",
36293,4,publish,2021-12-09 15:52:57,2021-12-09 23:52:57,2021-12-09 15:52:57,2021-12-09 23:52:57,https://events.ubc.ca/venue/arts-student-centre/,Arts Student Centre,arts-student-centre,1860 East Mall,Vancouver,Canada,British Columbia,V6T1Z1,,British Columbia,True,True,events.ubc.ca?id=36293,"[""events.ubc.ca?id=36293""]",
36292,4,publish,2021-12-09 15:47:24,2021-12-09 23:47:24,2021-12-09 15:47:24,2021-12-09 23:47:24,https://events.ubc.ca/venue/thunderbird-park/,Thunderbird Park,thunderbird-park,2700 East Mall,Vancouver,Canada,British Columbia,V6T1Z1,,British Columbia,True,True,events.ubc.ca?id=36292,"[""events.ubc.ca?id=36292""]",
36291,4,publish,2021-12-09 15:46:49,2021-12-09 23:46:49,2021-12-09 15:46:49,2021-12-09 23:46:49,https://events.ubc.ca/venue/john-m-s-lecky-ubc-boathouse/,John M.S. Lecky UBC Boathouse,john-m-s-lecky-ubc-boathouse,7277 River Rd,Richmond,Canada,British Columbia,V6X1X5,https://sportfacilities.ubc.ca/ubc-boathouse/,British Columbia,True,True,events.ubc.ca?id=36291,"[""events.ubc.ca?id=36291""]",
36289,4,publish,2021-12-09 15:44:02,2021-12-09 23:44:02,2021-12-09 15:44:02,2021-12-09 23:44:02,https://events.ubc.ca/venue/gerald-mcgavin-ubc-rugby-centre/,Gerald McGavin UBC Rugby Centre,gerald-mcgavin-ubc-rugby-centre,2765 Wesbrook Mall,Vancouver,Canada,British Columbia,V6T1Z1,,British Columbia,True,True,events.ubc.ca?id=36289,"[""events.ubc.ca?id=36289""]",
36287,4,publish,2021-12-09 15:42:48,2021-12-09 23:42:48,2021-12-09 15:42:48,2021-12-09 23:42:48,https://events.ubc.ca/venue/national-soccer-development-centre-nsdc/,National Soccer Development Centre (NSDC),national-soccer-development-centre-nsdc,3065 Wesbrook Mall,Vancouver,Canada,British Columbia,V6T1Z3,,British Columbia,True,True,events.ubc.ca?id=36287,"[""events.ubc.ca?id=36287""]",
36286,4,publish,2021-12-09 15:41:39,2021-12-09 23:41:39,2021-12-09 15:41:39,2021-12-09 23:41:39,https://events.ubc.ca/venue/indian-residential-school-history-and-dialogue-centre-irshdc/,Indian Residential School History and Dialogue Centre (IRSHDC),indian-residential-school-history-and-dialogue-centre-irshdc,1985 Learners' Walk,Vancouver,Canada,British Columbia,V6T1Z1,,British Columbia,True,True,events.ubc.ca?id=36286,"[""events.ubc.ca?id=36286""]",
36284,4,publish,2021-12-09 15:39:57,2021-12-09 23:39:57,2021-12-09 15:39:57,2021-12-09 23:39:57,https://events.ubc.ca/venue/triumf/,TRIUMF,triumf,4004 Wesbrook Mall,Vancouver,Canada,British Columbia,V6T2A3,,British Columbia,True,True,events.ubc.ca?id=36284,"[""events.ubc.ca?id=36284""]",
36283,4,publish,2021-12-09 15:38:33,2021-12-09 23:38:33,2021-12-09 15:38:33,2021-12-09 23:38:33,https://events.ubc.ca/venue/brock-commons-tallwood-house/,Brock Commons &#8211; Tallwood House,brock-commons-tallwood-house,6088 Walter Gage Road,Vancouver,Canada,British Columbia,V6T1Z1,,British Columbia,True,True,events.ubc.ca?id=36283,"[""events.ubc.ca?id=36283""]",
36281,4,publish,2021-12-09 15:36:53,2021-12-09 23:36:53,2021-12-09 15:36:53,2021-12-09 23:36:53,https://events.ubc.ca/venue/woodward-library/,Woodward Library,woodward-library,2198 Health Sciences Mall,Vancouver,Canada,British Columbia,V6S0C8,,British Columbia,True,True,events.ubc.ca?id=36281,"[""events.ubc.ca?id=36281""]",
36280,4,publish,2021-12-09 15:35:08,2021-12-09 23:35:08,2021-12-09 15:35:08,2021-12-09 23:35:08,https://events.ubc.ca/venue/william-a-webber-medical-student-alumni-centre/,William A. Webber Medical Student &#038; Alumni Centre,william-a-webber-medical-student-alumni-centre,2750 Heather Street,Vancouver,Canada,British Columbia,V5Z4M2,,British Columbia,True,True,events.ubc.ca?id=36280,"[""events.ubc.ca?id=36280""]",
36279,4,publish,2021-12-09 15:33:57,2021-12-09 23:33:57,2021-12-09 15:33:57,2021-12-09 23:33:57,https://events.ubc.ca/venue/west-mall-swing-space-building/,West Mall Swing Space Building,west-mall-swing-space-building,2175 West Mall,Vancouver,Canada,British Columbia,V6T1Z4,,British Columbia,True,True,events.ubc.ca?id=36279,"[""events.ubc.ca?id=36279""]",
36278,4,publish,2021-12-09 15:33:37,2021-12-09 23:33:37,2021-12-09 15:33:37,2021-12-09 23:33:37,https://events.ubc.ca/venue/wesbrook-village/,Wesbrook Village,wesbrook-village,,Vancouver,Canada,British Columbia,,http://www.discoverwesbrook.com/,British Columbia,False,False,events.ubc.ca?id=36278,"[""events.ubc.ca?id=36278""]",
36277,4,publish,2021-12-09 15:32:37,2021-12-09 23:32:37,2021-12-09 15:32:37,2021-12-09 23:32:37,https://events.ubc.ca/venue/wesbrook-community-centre/,Wesbrook Community Centre,wesbrook-community-centre,3335 Webber Lane,Vancouver,Canada,British Columbia,V6S0H3,,British Columbia,True,True,events.ubc.ca?id=36277,"[""events.ubc.ca?id=36277""]",
36276,4,publish,2021-12-09 15:32:18,2021-12-09 23:32:18,2021-12-09 15:32:18,2021-12-09 23:32:18,https://events.ubc.ca/venue/wesbrook-building/,Wesbrook Building,wesbrook-building,6174 University Boulevard,Vancouver,Canada,British Columbia,V6T1Z3,,British Columbia,True,True,events.ubc.ca?id=36276,"[""events.ubc.ca?id=36276""]",
36275,4,publish,2021-12-09 15:31:57,2021-12-09 23:31:57,2021-12-09 15:31:57,2021-12-09 23:31:57,https://events.ubc.ca/venue/wayne-and-william-white-engineering-design-centre-edc/,Wayne and William White Engineering Design Centre (EDC),wayne-and-william-white-engineering-design-centre-edc,2345 East Mall,Vancouver,Canada,British Columbia,V6T1Z4,,British Columbia,True,True,events.ubc.ca?id=36275,"[""events.ubc.ca?id=36275""]",
36274,4,publish,2021-12-09 15:31:36,2021-12-09 23:31:36,2021-12-09 15:31:36,2021-12-09 23:31:36,https://events.ubc.ca/venue/war-memorial-gymnasium/,War Memorial Gymnasium,war-memorial-gymnasium,6081 University Boulevard,Vancouver,Canada,British Columbia,V6T1Z1,,British Columbia,True,True,events.ubc.ca?id=36274,"[""events.ubc.ca?id=36274""]",
36273,4,publish,2021-12-09 15:31:09,2021-12-09 23:31:09,2021-12-09 15:31:09,2021-12-09 23:31:09,https://events.ubc.ca/venue/walter-h-gage-residence/,Walter H. Gage Residence,walter-h-gage-residence,5959 Student Union Boulevard,Vancouver,Canada,British Columbia,V6T1K2,,British Columbia,True,True,events.ubc.ca?id=36273,"[""events.ubc.ca?id=36273""]",
36272,4,publish,2021-12-09 15:30:40,2021-12-09 23:30:40,2021-12-09 15:30:40,2021-12-09 23:30:40,https://events.ubc.ca/venue/walter-c-koerner-library/,Walter C. Koerner Library,walter-c-koerner-library,1958 Main Mall,Vancouver,Canada,British Columbia,V6T1Z2,,British Columbia,True,True,events.ubc.ca?id=36272,"[""events.ubc.ca?id=36272""]",
36271,4,publish,2021-12-09 15:30:04,2021-12-09 23:30:04,2021-12-09 15:30:04,2021-12-09 23:30:04,https://events.ubc.ca/venue/university-services-building-usb/,University Services Building (USB),university-services-building-usb,2329 West Mall,Vancouver,Canada,British Columbia,V6T1Z4,,British Columbia,True,True,events.ubc.ca?id=36271,"[""events.ubc.ca?id=36271""]",
36270,4,publish,2021-12-09 15:29:12,2021-12-09 23:29:12,2021-12-09 15:29:12,2021-12-09 23:29:12,https://events.ubc.ca/venue/ubc-tennis-centre/,UBC Tennis Centre,ubc-tennis-centre,6160 Thunderbird Boulevard,Vancouver,Canada,British Columbia,V6T1Z3,,British Columbia,True,True,events.ubc.ca?id=36270,"[""events.ubc.ca?id=36270""]",
36269,4,publish,2021-12-09 15:28:48,2021-12-09 23:28:48,2021-12-09 15:28:48,2021-12-09 23:28:48,https://events.ubc.ca/venue/ubc-robson-square/,UBC Robson Square,ubc-robson-square,800 Robson Street,Vancouver,Canada,British Columbia,V6Z3B7,,British Columbia,True,True,events.ubc.ca?id=36269,"[""events.ubc.ca?id=36269""]",
36268,4,publish,2021-12-09 15:27:39,2021-12-09 23:27:39,2021-12-09 15:27:39,2021-12-09 23:27:39,https://events.ubc.ca/venue/ubc-life-building-old-sub/,UBC Life Building (Old SUB),ubc-life-building-old-sub,6138 Student Union Boulevard,Vancouver,Canada,British Columbia,V6T1Z1,,British Columbia,True,True,events.ubc.ca?id=36268,"[""events.ubc.ca?id=36268""]",
36267,4,publish,2021-12-09 15:27:08,2021-12-09 23:27:08,2021-12-09 15:27:08,2021-12-09 23:27:08,https://events.ubc.ca/venue/ubc-learning-exchange/,UBC Learning Exchange,ubc-learning-exchange,612 Main St,Vancouver,Canada,British Columbia,V6A2V3,https://learningexchange.ubc.ca/,British Columbia,True,True,events.ubc.ca?id=36267,"[""events.ubc.ca?id=36267""]",
36266,4,publish,2021-12-09 15:26:10,2021-12-09 23:26:10,2021-12-09 15:26:10,2021-12-09 23:26:10,https://events.ubc.ca/venue/ubc-farm/,UBC Farm,ubc-farm,3461 Ross Drive,Vancouver,Canada,British Columbia,V6T1W5,,British Columbia,True,True,events.ubc.ca?id=36266,"[""events.ubc.ca?id=36266""]",
36265,4,publish,2021-12-09 15:25:37,2021-12-09 23:25:37,2021-12-09 15:25:37,2021-12-09 23:25:37,https://events.ubc.ca/venue/ubc-dairy-education-and-research-centre/,UBC Dairy Education and Research Centre,ubc-dairy-education-and-research-centre,6947 Lougheed Hwy,Agassiz,Canada,British Columbia,V0M1A1,,British Columbia,True,True,events.ubc.ca?id=36265,"[""events.ubc.ca?id=36265""]",
36264,4,publish,2021-12-09 15:24:39,2021-12-09 23:24:39,2021-12-09 15:24:39,2021-12-09 23:24:39,https://events.ubc.ca/venue/ubc-botanical-garden-and-centre-for-plant-research/,UBC Botanical Garden and Centre for Plant Research,ubc-botanical-garden-and-centre-for-plant-research,6804 SW Marine Drive,Vancouver,Canada,British Columbia,V6T1Z4,,British Columbia,True,True,events.ubc.ca?id=36264,"[""events.ubc.ca?id=36264""]",
36263,4,publish,2021-12-09 15:24:01,2021-12-09 23:24:01,2021-12-09 15:24:01,2021-12-09 23:24:01,https://events.ubc.ca/venue/totem-park-residence/,Totem Park Residence,totem-park-residence,2525 West Mall,Vancouver,Canada,British Columbia,V6T1W9,,British Columbia,True,True,events.ubc.ca?id=36263,"[""events.ubc.ca?id=36263""]",
36262,4,publish,2021-12-09 15:23:35,2021-12-09 23:23:35,2021-12-09 15:23:35,2021-12-09 23:23:35,https://events.ubc.ca/venue/totem-field-studios/,Totem Field Studios,totem-field-studios,2613 West Mall,Vancouver,Canada,British Columbia,V6T1Z4,,British Columbia,True,True,events.ubc.ca?id=36262,"[""events.ubc.ca?id=36262""]",
36261,4,publish,2021-12-09 15:23:11,2021-12-09 23:23:11,2021-12-09 15:23:11,2021-12-09 23:23:11,https://events.ubc.ca/venue/thunderbird-stadium/,Thunderbird Stadium,thunderbird-stadium,6288 Stadium Road,Vancouver,Canada,British Columbia,V6T1Z4,,British Columbia,True,True,events.ubc.ca?id=36261,"[""events.ubc.ca?id=36261""]",
36259,4,publish,2021-12-09 15:22:32,2021-12-09 23:22:32,2021-12-09 15:22:32,2021-12-09 23:22:32,https://events.ubc.ca/venue/robert-h-lee-alumni-centre/,Robert H. Lee Alumni Centre,robert-h-lee-alumni-centre,6163 University Boulevard,Vancouver,Canada,British Columbia,V6T1Z1,,British Columbia,True,True,events.ubc.ca?id=36259,"[""events.ubc.ca?id=36259""]",
36258,4,publish,2021-12-09 15:22:01,2021-12-09 23:22:01,2021-12-09 15:22:01,2021-12-09 23:22:01,https://events.ubc.ca/venue/the-leonard-s-klinck-building/,The Leonard S. Klinck Building,the-leonard-s-klinck-building,6356 Agricultural Road,Vancouver,Canada,British Columbia,V6T1Z2,,British Columbia,True,True,events.ubc.ca?id=36258,"[""events.ubc.ca?id=36258""]",
36257,4,publish,2021-12-09 15:14:28,2021-12-09 23:14:28,2021-12-09 15:14:28,2021-12-09 23:14:28,https://events.ubc.ca/venue/fred-kaiser-building/,Fred Kaiser Building,fred-kaiser-building,2332 Main Mall,Vancouver,Canada,British Columbia,V6T1Z4,,British Columbia,True,True,events.ubc.ca?id=36257,"[""events.ubc.ca?id=36257""]",
36255,4,publish,2021-12-09 15:13:51,2021-12-09 23:13:51,2021-12-09 15:13:51,2021-12-09 23:13:51,https://events.ubc.ca/venue/the-brimacombe-building/,The Brimacombe Building,the-brimacombe-building,2355 East Mall,Vancouver,Canada,British Columbia,V6T1Z4,,British Columbia,True,True,events.ubc.ca?id=36255,"[""events.ubc.ca?id=36255""]",
36254,4,publish,2021-12-09 15:13:30,2021-12-09 23:13:30,2021-12-09 15:13:30,2021-12-09 23:13:30,https://events.ubc.ca/venue/theatre-film-production-building/,Theatre-Film Production Building,theatre-film-production-building,6358 University Boulevard,Vancouver,Canada,British Columbia,V6T1Z4,,British Columbia,True,True,events.ubc.ca?id=36254,"[""events.ubc.ca?id=36254""]",
36253,4,publish,2021-12-09 15:13:06,2021-12-09 23:13:06,2021-12-09 15:13:06,2021-12-09 23:13:06,https://events.ubc.ca/venue/thea-koerner-house-graduate-student-centre/,Thea Koerner House (Graduate Student Centre),thea-koerner-house-graduate-student-centre,6371 Crescent Road,Vancouver,Canada,British Columbia,V6T1Z2,,British Columbia,True,True,events.ubc.ca?id=36253,"[""events.ubc.ca?id=36253""]",
36252,4,publish,2021-12-09 15:12:35,2021-12-09 23:12:35,2021-12-09 15:12:35,2021-12-09 23:12:35,https://events.ubc.ca/venue/student-recreation-centre-src/,Student Recreation Centre (SRC),student-recreation-centre-src,6000 Student Union Boulevard,Vancouver,Canada,British Columbia,V6T1Z1,,British Columbia,True,True,events.ubc.ca?id=36252,"[""events.ubc.ca?id=36252""]",
36251,4,publish,2021-12-09 15:11:40,2021-12-09 23:11:40,2021-12-09 15:11:40,2021-12-09 23:11:40,https://events.ubc.ca/venue/st-marks-college/,St. Mark&#8217;s College,st-marks-college,5935 Iona Drive,Vancouver,Canada,British Columbia,V6T1J7,,British Columbia,True,True,events.ubc.ca?id=36251,"[""events.ubc.ca?id=36251""]",
36250,4,publish,2021-12-09 15:11:11,2021-12-09 23:11:11,2021-12-09 15:11:11,2021-12-09 23:11:11,https://events.ubc.ca/venue/st-johns-college/,St. John&#8217;s College,st-johns-college,2111 Lower Mall,Vancouver,Canada,British Columbia,V6T1Z4,,British Columbia,True,True,events.ubc.ca?id=36250,"[""events.ubc.ca?id=36250""]",
36249,4,publish,2021-12-09 15:10:37,2021-12-09 23:10:37,2021-12-09 15:10:37,2021-12-09 23:10:37,https://events.ubc.ca/venue/st-andrews-hall/,St. Andrew&#8217;s Hall,st-andrews-hall,6040 Iona Drive,Vancouver,Canada,British Columbia,V6T2E8,,British Columbia,True,True,events.ubc.ca?id=36249,"[""events.ubc.ca?id=36249""]",
36248,4,publish,2021-12-09 15:09:19,2021-12-09 23:09:19,2021-12-09 15:09:19,2021-12-09 23:09:19,https://events.ubc.ca/venue/sing-tao-building/,Sing Tao Building,sing-tao-building,6388 Crescent Road,Vancouver,Canada,British Columbia,V6T1Z2,,British Columbia,True,True,events.ubc.ca?id=36248,"[""events.ubc.ca?id=36248""]",
36247,4,publish,2021-12-09 14:00:08,2021-12-09 22:00:08,2021-12-09 14:00:08,2021-12-09 22:00:08,https://events.ubc.ca/venue/simon-k-y-lee-global-lounge-and-resource-centre/,Simon K. Y. Lee Global Lounge and Resource Centre,simon-k-y-lee-global-lounge-and-resource-centre,2205 Wesbrook Mall,Vancouver,Canada,British Columbia,V6T1Z3,,British Columbia,True,True,events.ubc.ca?id=36247,"[""events.ubc.ca?id=36247""]",
36246,4,publish,2021-12-09 13:59:04,2021-12-09 21:59:04,2021-12-09 13:59:04,2021-12-09 21:59:04,https://events.ubc.ca/venue/school-of-population-and-public-health-spph/,School of Population and Public Health (SPPH),school-of-population-and-public-health-spph,2206 East Mall,Vancouver,Canada,British Columbia,V6T1Z3,,British Columbia,True,True,events.ubc.ca?id=36246,"[""events.ubc.ca?id=36246""]",
36245,4,publish,2021-12-09 13:58:39,2021-12-09 21:58:39,2021-12-09 13:58:39,2021-12-09 21:58:39,https://events.ubc.ca/venue/rose-garden/,Rose Garden,rose-garden,6301 Crescent Road,Vancouver,Canada,British Columbia,,,British Columbia,True,True,events.ubc.ca?id=36245,"[""events.ubc.ca?id=36245""]",
36244,4,publish,2021-12-09 13:58:01,2021-12-09 21:58:01,2021-12-09 13:58:01,2021-12-09 21:58:01,https://events.ubc.ca/venue/hybrid-online-virtual-and-in-person-see-description/,Hybrid Online/Virtual and In-Person &#8211; See Description,hybrid-online-virtual-and-in-person-see-description,,Vancouver,Canada,British Columbia,,,British Columbia,True,True,events.ubc.ca?id=36244,"[""events.ubc.ca?id=36244""]",
36243,4,publish,2021-12-09 13:57:25,2021-12-09 21:57:25,2021-12-10 19:38:05,2021-12-11 03:38:05,https://events.ubc.ca/venue/online-virtual-event/,Online/Virtual Event,online-virtual-event,,,,,,,,False,False,events.ubc.ca?id=36243,"[""events.ubc.ca?id=36243""]",
36241,4,publish,2021-12-09 13:56:35,2021-12-09 21:56:35,2021-12-09 13:56:35,2021-12-09 21:56:35,https://events.ubc.ca/venue/see-description/,See Description,see-description,,,,,,,,False,False,events.ubc.ca?id=36241,"[""events.ubc.ca?id=36241""]",
36239,4,publish,2021-12-09 13:44:37,2021-12-09 21:44:37,2021-12-09 13:44:37,2021-12-09 21:44:37,https://events.ubc.ca/venue/rodney-graham-millennium-sculpture-pavilion/,Rodney Graham Millennium Sculpture Pavilion,rodney-graham-millennium-sculpture-pavilion,1940 Main Mall,Vancouver,Canada,British Columbia,V6T1Z1,,British Columbia,True,True,events.ubc.ca?id=36239,"[""events.ubc.ca?id=36239""]",
36238,4,publish,2021-12-09 11:29:08,2021-12-09 19:29:08,2021-12-09 11:29:08,2021-12-09 19:29:08,https://events.ubc.ca/venue/robert-f-osborne-centre/,Robert F. Osborne Centre,robert-f-osborne-centre,6108 Thunderbird Boulevard,Vancouver,Canada,British Columbia,V6T1Z3,,British Columbia,True,True,events.ubc.ca?id=36238,"[""events.ubc.ca?id=36238""]",
36237,4,publish,2021-12-09 11:28:37,2021-12-09 19:28:37,2021-12-09 11:28:37,2021-12-09 19:28:37,https://events.ubc.ca/venue/regent-college/,Regent College,regent-college,5800 University Blvd,Vancouver,Canada,British Columbia,V6T2E4,,British Columbia,True,True,events.ubc.ca?id=36237,"[""events.ubc.ca?id=36237""]",
36236,4,publish,2021-12-09 11:27:57,2021-12-09 19:27:57,2021-12-09 11:27:57,2021-12-09 19:27:57,https://events.ubc.ca/venue/pulp-and-paper-centre/,Pulp and Paper Centre,pulp-and-paper-centre,2385 East Mall,Vancouver,Canada,British Columbia,V6T1Z4,,British Columbia,True,True,events.ubc.ca?id=36236,"[""events.ubc.ca?id=36236""]",
36235,4,publish,2021-12-09 11:27:20,2021-12-09 19:27:20,2021-12-09 11:27:20,2021-12-09 19:27:20,https://events.ubc.ca/venue/ponderosa-commons-east-audain-art-centre-and-spruce-house/,Ponderosa Commons East (Audain Art Centre and Spruce House),ponderosa-commons-east-audain-art-centre-and-spruce-house,6398 University Boulevard,Vancouver,Canada,British Columbia,V6T1Z4,,British Columbia,True,True,events.ubc.ca?id=36235,"[""events.ubc.ca?id=36235""]",
36234,4,publish,2021-12-09 11:26:59,2021-12-09 19:26:59,2021-12-09 11:26:59,2021-12-09 19:26:59,https://events.ubc.ca/venue/ponderosa-commons-west-arbutus-and-maple-houses/,Ponderosa Commons West (Arbutus and Maple Houses),ponderosa-commons-west-arbutus-and-maple-houses,6448 University Boulevard,Vancouver,Canada,British Columbia,V6T1Z4,,British Columbia,True,True,events.ubc.ca?id=36234,"[""events.ubc.ca?id=36234""]",
36233,4,publish,2021-12-09 11:26:45,2021-12-09 19:26:45,2021-12-09 11:26:45,2021-12-09 19:26:45,https://events.ubc.ca/venue/ponderosa-commons-north-oak-and-cedar-houses/,Ponderosa Commons North (Oak and Cedar Houses),ponderosa-commons-north-oak-and-cedar-houses,6445 University Boulevard,Vancouver,Canada,British Columbia,V6T1Z2,,British Columbia,True,True,events.ubc.ca?id=36233,"[""events.ubc.ca?id=36233""]",
36232,4,publish,2021-12-09 11:26:04,2021-12-09 19:26:04,2021-12-09 11:26:04,2021-12-09 19:26:04,https://events.ubc.ca/venue/ponderosa-office-annex-g/,Ponderosa Office Annex G,ponderosa-office-annex-g,2044 Lower Mall,Vancouver,Canada,British Columbia,V6T1Z2,,British Columbia,True,True,events.ubc.ca?id=36232,"[""events.ubc.ca?id=36232""]",
36231,4,publish,2021-12-09 11:25:46,2021-12-09 19:25:46,2021-12-09 11:25:46,2021-12-09 19:25:46,https://events.ubc.ca/venue/ponderosa-office-annex-f/,Ponderosa Office Annex F,ponderosa-office-annex-f,2008 Lower Mall,Vancouver,Canada,British Columbia,V6T1Z2,,British Columbia,True,True,events.ubc.ca?id=36231,"[""events.ubc.ca?id=36231""]",
36230,4,publish,2021-12-09 11:25:31,2021-12-09 19:25:31,2021-12-09 11:25:31,2021-12-09 19:25:31,https://events.ubc.ca/venue/ponderosa-office-annex-e/,Ponderosa Office Annex E,ponderosa-office-annex-e,2034 Lower Mall,Vancouver,Canada,British Columbia,V6T1Z2,,British Columbia,True,True,events.ubc.ca?id=36230,"[""events.ubc.ca?id=36230""]",
36229,4,publish,2021-12-09 11:25:18,2021-12-09 19:25:18,2021-12-09 11:25:18,2021-12-09 19:25:18,https://events.ubc.ca/venue/ponderosa-office-annex-c/,Ponderosa Office Annex C,ponderosa-office-annex-c,2021 West Mall,Vancouver,Canada,British Columbia,V6T1Z2,,British Columbia,True,True,events.ubc.ca?id=36229,"[""events.ubc.ca?id=36229""]",
36228,4,publish,2021-12-09 11:25:03,2021-12-09 19:25:03,2021-12-09 11:25:03,2021-12-09 19:25:03,https://events.ubc.ca/venue/ponderosa-office-annex-b/,Ponderosa Office Annex B,ponderosa-office-annex-b,2029 West Mall,Vancouver,Canada,British Columbia,V6T1Z2,,British Columbia,True,True,events.ubc.ca?id=36228,"[""events.ubc.ca?id=36228""]",
36227,4,publish,2021-12-09 11:24:44,2021-12-09 19:24:44,2021-12-09 11:24:44,2021-12-09 19:24:44,https://events.ubc.ca/venue/ponderosa-office-annex-a/,Ponderosa Office Annex A,ponderosa-office-annex-a,2011 West Mall,Vancouver,Canada,British Columbia,V6T1Z2,,British Columbia,True,True,events.ubc.ca?id=36227,"[""events.ubc.ca?id=36227""]",
36226,4,publish,2021-12-09 11:13:48,2021-12-09 19:13:48,2021-12-09 11:13:48,2021-12-09 19:13:48,https://events.ubc.ca/venue/place-vanier-residence/,Place Vanier Residence,place-vanier-residence,1935 Lower Mall,Vancouver,Canada,British Columbia,V6T1X1,,British Columbia,True,True,events.ubc.ca?id=36226,"[""events.ubc.ca?id=36226""]",
36225,4,publish,2021-12-09 11:13:20,2021-12-09 19:13:20,2021-12-09 11:13:20,2021-12-09 19:13:20,https://events.ubc.ca/venue/pharmaceutical-sciences-building/,Pharmaceutical Sciences Building,pharmaceutical-sciences-building,2405 Wesbrook Mall,Vancouver,Canada,British Columbia,V6T1Z3,,British Columbia,True,True,events.ubc.ca?id=36225,"[""events.ubc.ca?id=36225""]",
36224,4,publish,2021-12-09 11:11:09,2021-12-09 19:11:09,2021-12-09 11:11:09,2021-12-09 19:11:09,https://events.ubc.ca/venue/peter-wall-institute-for-advanced-studies-pwias/,Peter Wall Institute for Advanced Studies (PWIAS),peter-wall-institute-for-advanced-studies-pwias,6331 Crescent Road,Vancouver,Canada,British Columbia,V6T1Z2,,British Columbia,True,True,events.ubc.ca?id=36224,"[""events.ubc.ca?id=36224""]",
36223,4,publish,2021-12-09 11:10:35,2021-12-09 19:10:35,2021-12-09 11:10:35,2021-12-09 19:10:35,https://events.ubc.ca/venue/panhellenic-house/,Panhellenic House,panhellenic-house,2770 Wesbrook Mall,Vancouver,Canada,British Columbia,V6T2B7,,British Columbia,True,True,events.ubc.ca?id=36223,"[""events.ubc.ca?id=36223""]",
36222,4,publish,2021-12-09 11:10:01,2021-12-09 19:10:01,2021-12-09 11:10:01,2021-12-09 19:10:01,https://events.ubc.ca/venue/cordula-and-gunter-paetzold-health-education-centre/,Cordula and Gunter Paetzold Health Education Centre,cordula-and-gunter-paetzold-health-education-centre,899 West 12th Avenue,Vancouver,Canada,British Columbia,V5Z1M9,,British Columbia,True,True,events.ubc.ca?id=36222,"[""events.ubc.ca?id=36222""]",
36221,4,publish,2021-12-09 11:08:09,2021-12-09 19:08:09,2021-12-09 11:08:09,2021-12-09 19:08:09,https://events.ubc.ca/venue/p-a-woodward-instructional-resources-centre-woodward-irc/,P. A. Woodward Instructional Resources Centre (Woodward IRC),p-a-woodward-instructional-resources-centre-woodward-irc,2194 Health Sciences Mall,Vancouver,Canada,British Columbia,V6T1Z3,,British Columbia,True,True,events.ubc.ca?id=36221,"[""events.ubc.ca?id=36221""]",
36220,4,publish,2021-12-09 11:07:38,2021-12-09 19:07:38,2021-12-09 11:07:38,2021-12-09 19:07:38,https://events.ubc.ca/venue/orchard-commons/,Orchard Commons,orchard-commons,6363 Agronomy Road,Vancouver,Canada,British Columbia,V6T1Z4,,British Columbia,True,True,events.ubc.ca?id=36220,"[""events.ubc.ca?id=36220""]",
36219,4,publish,2021-12-09 11:07:06,2021-12-09 19:07:06,2021-12-09 11:07:06,2021-12-09 19:07:06,https://events.ubc.ca/venue/old-barn-community-centre/,Old Barn Community Centre,old-barn-community-centre,6308 Thunderbird Boulevard,Vancouver,Canada,British Columbia,V6T1Z4,,British Columbia,True,True,events.ubc.ca?id=36219,"[""events.ubc.ca?id=36219""]",
36218,4,publish,2021-12-09 11:06:35,2021-12-09 19:06:35,2021-12-09 11:06:35,2021-12-09 19:06:35,https://events.ubc.ca/venue/old-administration-building/,Old Administration Building,old-administration-building,6328 Memorial Road,Vancouver,Canada,British Columbia,V6T1Z2,,British Columbia,True,True,events.ubc.ca?id=36218,"[""events.ubc.ca?id=36218""]",
36217,4,publish,2021-12-09 11:05:13,2021-12-09 19:05:13,2021-12-09 11:05:13,2021-12-09 19:05:13,https://events.ubc.ca/venue/norman-mackenzie-house/,Norman MacKenzie House,norman-mackenzie-house,6565 NW Marine Drive,Vancouver,Canada,British Columbia,V6T1A7,,British Columbia,True,True,events.ubc.ca?id=36217,"[""events.ubc.ca?id=36217""]",
36216,4,publish,2021-12-09 11:04:28,2021-12-09 19:04:28,2021-12-09 11:04:28,2021-12-09 19:04:28,https://events.ubc.ca/venue/nitobe-memorial-garden/,Nitobe Memorial Garden,nitobe-memorial-garden,1895 Lower Mall,Vancouver,Canada,British Columbia,V6T1Z2,,British Columbia,True,True,events.ubc.ca?id=36216,"[""events.ubc.ca?id=36216""]",
36215,4,publish,2021-12-09 11:03:12,2021-12-09 19:03:12,2021-12-09 11:03:12,2021-12-09 19:03:12,https://events.ubc.ca/venue/neville-scarfe-building/,Neville Scarfe Building,neville-scarfe-building,2125 Main Mall,Vancouver,Canada,British Columbia,V6T1Z4,,British Columbia,True,True,events.ubc.ca?id=36215,"[""events.ubc.ca?id=36215""]",
36214,4,publish,2021-12-09 11:00:33,2021-12-09 19:00:33,2021-12-09 11:00:33,2021-12-09 19:00:33,https://events.ubc.ca/venue/networks-of-centres-of-excellence-nce/,Networks of Centres of Excellence (NCE),networks-of-centres-of-excellence-nce,2125 East Mall,Vancouver,Canada,British Columbia,V6T1Z4,,British Columbia,True,True,events.ubc.ca?id=36214,"[""events.ubc.ca?id=36214""]",
36213,4,publish,2021-12-09 10:58:58,2021-12-09 18:58:58,2021-12-09 10:58:58,2021-12-09 18:58:58,https://events.ubc.ca/venue/music-building/,Music Building,music-building,6361 Memorial Road,Vancouver,Canada,British Columbia,V6T1Z2,,British Columbia,True,True,events.ubc.ca?id=36213,"[""events.ubc.ca?id=36213""]",
36212,4,publish,2021-12-09 10:58:27,2021-12-09 18:58:27,2021-12-09 10:58:27,2021-12-09 18:58:27,https://events.ubc.ca/venue/museum-of-anthropology-moa/,Museum of Anthropology (MOA),museum-of-anthropology-moa,6393 NW Marine Drive,Vancouver,Canada,British Columbia,V6T1Z2,,British Columbia,True,True,events.ubc.ca?id=36212,"[""events.ubc.ca?id=36212""]",
36211,4,publish,2021-12-09 10:58:00,2021-12-09 18:58:00,2021-12-09 10:58:00,2021-12-09 18:58:00,https://events.ubc.ca/venue/morris-and-helen-belkin-art-gallery/,Morris and Helen Belkin Art Gallery,morris-and-helen-belkin-art-gallery,1825 Main Mall,Vancouver,Canada,British Columbia,V6T1Z2,,British Columbia,True,True,events.ubc.ca?id=36211,"[""events.ubc.ca?id=36211""]",
36209,4,publish,2021-12-09 10:57:35,2021-12-09 18:57:35,2021-12-09 10:57:35,2021-12-09 18:57:35,https://events.ubc.ca/venue/michael-smith-laboratories/,Michael Smith Laboratories,michael-smith-laboratories,2185 East Mall,Vancouver,Canada,British Columbia,V6T1Z4,,British Columbia,True,True,events.ubc.ca?id=36209,"[""events.ubc.ca?id=36209""]",
36190,4,publish,2021-12-08 13:52:44,2021-12-08 21:52:44,2021-12-08 13:52:44,2021-12-08 21:52:44,https://events.ubc.ca/venue/mathematics-building/,Mathematics Building,mathematics-building,1984 Mathematics Road,Vancouver,Canada,British Columbia,V6T1Z2,,British Columbia,True,True,events.ubc.ca?id=36190,"[""events.ubc.ca?id=36190""]",
36189,4,publish,2021-12-08 13:52:22,2021-12-08 21:52:22,2021-12-08 13:52:22,2021-12-08 21:52:22,https://events.ubc.ca/venue/mathematics-annex/,Mathematics Annex,mathematics-annex,1986 Mathematics Road,Vancouver,Canada,British Columbia,V6T1Z2,,British Columbia,True,True,events.ubc.ca?id=36189,"[""events.ubc.ca?id=36189""]",
36188,4,publish,2021-12-08 13:51:40,2021-12-08 21:51:40,2021-12-08 13:51:40,2021-12-08 21:51:40,https://events.ubc.ca/venue/mary-bollert-hall/,Mary Bollert Hall,mary-bollert-hall,6253 NW Marine Drive,Vancouver,Canada,British Columbia,V6T1Z1,,British Columbia,True,True,events.ubc.ca?id=36188,"[""events.ubc.ca?id=36188""]",
36187,4,publish,2021-12-08 13:51:10,2021-12-08 21:51:10,2021-12-08 13:51:10,2021-12-08 21:51:10,https://events.ubc.ca/venue/martha-piper-plaza/,Martha Piper Plaza,martha-piper-plaza,University Blvd,Vancouver,Canada,British Columbia,,,British Columbia,False,False,events.ubc.ca?id=36187,"[""events.ubc.ca?id=36187""]",
36186,4,publish,2021-12-08 13:49:00,2021-12-08 21:49:00,2021-12-08 13:49:00,2021-12-08 21:49:00,https://events.ubc.ca/venue/macleod-building/,MacLeod Building,macleod-building,2356 Main Mall,Vancouver,Canada,British Columbia,V6T1Z4,,British Columbia,True,True,events.ubc.ca?id=36186,"[""events.ubc.ca?id=36186""]",
36185,4,publish,2021-12-08 13:47:22,2021-12-08 21:47:22,2021-12-08 13:47:22,2021-12-08 21:47:22,https://events.ubc.ca/venue/macinnes-field/,MacInnes Field,macinnes-field,6131 University Blvd,Vancouver,Canada,British Columbia,V6T2A1,,British Columbia,True,True,events.ubc.ca?id=36185,"[""events.ubc.ca?id=36185""]",
36184,4,publish,2021-12-08 13:46:01,2021-12-08 21:46:01,2021-12-08 13:46:01,2021-12-08 21:46:01,https://events.ubc.ca/venue/lower-mall-research-station/,Lower Mall Research Station,lower-mall-research-station,2259 Lower Mall,Vancouver,Canada,British Columbia,V6T1Z4,,British Columbia,True,True,events.ubc.ca?id=36184,"[""events.ubc.ca?id=36184""]",
36183,4,publish,2021-12-08 13:43:41,2021-12-08 21:43:41,2021-12-08 13:43:41,2021-12-08 21:43:41,https://events.ubc.ca/venue/liu-institute-for-global-issues/,Liu Institute for Global Issues,liu-institute-for-global-issues,6476 NW Marine Drive,Vancouver,Canada,British Columbia,V6T1Z2,,British Columbia,True,True,events.ubc.ca?id=36183,"[""events.ubc.ca?id=36183""]",
36182,4,publish,2021-12-08 13:43:01,2021-12-08 21:43:01,2021-12-08 13:43:01,2021-12-08 21:43:01,https://events.ubc.ca/venue/leon-and-thea-koerner-university-centre/,Leon and Thea Koerner University Centre,leon-and-thea-koerner-university-centre,6331 Crescent Road,Vancouver,Canada,British Columbia,V6T1Z1,,British Columbia,True,True,events.ubc.ca?id=36182,"[""events.ubc.ca?id=36182""]",
36181,4,publish,2021-12-08 13:42:31,2021-12-08 21:42:31,2021-12-08 13:42:31,2021-12-08 21:42:31,https://events.ubc.ca/venue/life-sciences-centre/,Life Sciences Centre,life-sciences-centre,2350 Health Sciences Mall,Vancouver,Canada,British Columbia,V6T1Z3,,British Columbia,True,True,events.ubc.ca?id=36181,"[""events.ubc.ca?id=36181""]",
36180,4,publish,2021-12-08 13:42:01,2021-12-08 21:42:01,2021-12-08 13:42:01,2021-12-08 21:42:01,https://events.ubc.ca/venue/stephen-toope-gardens/,Stephen Toope Gardens,stephen-toope-gardens,1900 Block Main Mall,Vancouver,Canada,British Columbia,,,British Columbia,True,True,events.ubc.ca?id=36180,"[""events.ubc.ca?id=36180""]",
36179,4,publish,2021-12-08 13:41:35,2021-12-08 21:41:35,2021-12-08 13:41:35,2021-12-08 21:41:35,https://events.ubc.ca/venue/ladner-clock-tower/,Ladner Clock Tower,ladner-clock-tower,1956 Main Mall,Vancouver,Canada,British Columbia,V6T1Z1,,British Columbia,True,True,events.ubc.ca?id=36179,"[""events.ubc.ca?id=36179""]",
36178,4,publish,2021-12-08 13:40:37,2021-12-08 21:40:37,2021-12-08 13:40:37,2021-12-08 21:40:37,https://events.ubc.ca/venue/koerner-plaza/,Koerner Plaza,koerner-plaza,1958 Main Mall,Vancouver,Canada,British Columbia,V6T1Z2,,British Columbia,True,True,events.ubc.ca?id=36178,"[""events.ubc.ca?id=36178""]",
36177,4,publish,2021-12-08 13:37:54,2021-12-08 21:37:54,2021-12-08 13:37:54,2021-12-08 21:37:54,https://events.ubc.ca/venue/jack-bell-building-for-the-school-of-social-work/,Jack Bell Building for the School of Social Work,jack-bell-building-for-the-school-of-social-work,2080 West Mall,Vancouver,Canada,British Columbia,V6T1Z2,,British Columbia,True,True,events.ubc.ca?id=36177,"[""events.ubc.ca?id=36177""]",
36176,4,publish,2021-12-08 13:37:28,2021-12-08 21:37:28,2021-12-08 13:37:28,2021-12-08 21:37:28,https://events.ubc.ca/venue/jb-macdonald-building/,JB Macdonald Building,jb-macdonald-building,2199 Wesbrook Mall,Vancouver,Canada,British Columbia,V6T1Z3,,British Columbia,True,True,events.ubc.ca?id=36176,"[""events.ubc.ca?id=36176""]",
36175,4,publish,2021-12-08 13:36:58,2021-12-08 21:36:58,2021-12-08 13:36:58,2021-12-08 21:36:58,https://events.ubc.ca/venue/irving-k-barber-learning-centre/,Irving K. Barber Learning Centre,irving-k-barber-learning-centre,1961 East Mall,Vancouver,Canada,British Columbia,V6T1Z1,,British Columbia,True,True,events.ubc.ca?id=36175,"[""events.ubc.ca?id=36175""]",
36174,4,publish,2021-12-08 13:36:32,2021-12-08 21:36:32,2021-12-08 13:36:32,2021-12-08 21:36:32,https://events.ubc.ca/venue/iona-building/,Iona Building,iona-building,6000 Iona Drive,Vancouver,Canada,British Columbia,V6T1L4,,British Columbia,True,True,events.ubc.ca?id=36174,"[""events.ubc.ca?id=36174""]",
36173,4,publish,2021-12-08 13:35:38,2021-12-08 21:35:38,2021-12-08 13:35:38,2021-12-08 21:35:38,https://events.ubc.ca/venue/institute-for-computing-information-and-cognitive-systems-computer-science-icics-cs/,Institute for Computing Information and Cognitive Systems / Computer Science (ICICS/CS),institute-for-computing-information-and-cognitive-systems-computer-science-icics-cs,2366 Main Mall,Vancouver,Canada,British Columbia,V6T1Z4,,British Columbia,True,True,events.ubc.ca?id=36173,"[""events.ubc.ca?id=36173""]",
36172,4,publish,2021-12-08 13:35:02,2021-12-08 21:35:02,2021-12-08 13:35:02,2021-12-08 21:35:02,https://events.ubc.ca/venue/hugh-dempster-pavilion/,Hugh Dempster Pavilion,hugh-dempster-pavilion,6245 Agronomy Road,Vancouver,Canada,British Columbia,V6T1Z4,,British Columbia,True,True,events.ubc.ca?id=36172,"[""events.ubc.ca?id=36172""]",
36171,4,publish,2021-12-08 13:34:36,2021-12-08 21:34:36,2021-12-08 13:34:36,2021-12-08 21:34:36,https://events.ubc.ca/venue/horticulture-building/,Horticulture Building,horticulture-building,6394 Stores Roadv,Vancouver,Canada,British Columbia,V6T1Z4,,British Columbia,True,True,events.ubc.ca?id=36171,"[""events.ubc.ca?id=36171""]",
36170,4,publish,2021-12-08 13:34:04,2021-12-08 21:34:04,2021-12-08 13:34:04,2021-12-08 21:34:04,https://events.ubc.ca/venue/hillel-house-diamond-foundation-centre-for-jewish-campus-life/,Hillel House &#8211; Diamond Foundation Centre for Jewish Campus Life,hillel-house-diamond-foundation-centre-for-jewish-campus-life,6145 Student Union Boulevard,Vancouver,Canada,British Columbia,V6T1Z1,,British Columbia,True,True,events.ubc.ca?id=36170,"[""events.ubc.ca?id=36170""]",
36169,4,publish,2021-12-08 13:33:25,2021-12-08 21:33:25,2021-12-08 13:33:25,2021-12-08 21:33:25,https://events.ubc.ca/venue/henry-angus-building/,Henry Angus Building,henry-angus-building,2053 Main Mall,Vancouver,Canada,British Columbia,V6T1Z2,,British Columbia,True,True,events.ubc.ca?id=36169,"[""events.ubc.ca?id=36169""]",
36168,4,publish,2021-12-08 13:32:56,2021-12-08 21:32:56,2021-12-08 13:32:56,2021-12-08 21:32:56,https://events.ubc.ca/venue/hennings-building/,Hennings Building,hennings-building,6224 Agricultural Road,Vancouver,Canada,British Columbia,V6T1Z1,,British Columbia,True,True,events.ubc.ca?id=36168,"[""events.ubc.ca?id=36168""]",
36167,4,publish,2021-12-08 13:32:31,2021-12-08 21:32:31,2021-12-08 13:32:31,2021-12-08 21:32:31,https://events.ubc.ca/venue/hebb-building/,Hebb Building,hebb-building,2045 East Mall,Vancouver,Canada,British Columbia,V6T1Z1,,British Columbia,True,True,events.ubc.ca?id=36167,"[""events.ubc.ca?id=36167""]",
36166,4,publish,2021-12-08 13:31:55,2021-12-08 21:31:55,2021-12-08 13:31:55,2021-12-08 21:31:55,https://events.ubc.ca/venue/hr-macmillan-building/,HR MacMillan Building,hr-macmillan-building,2357 Main Mall,Vancouver,Canada,British Columbia,V6T1Z4,,British Columbia,True,True,events.ubc.ca?id=36166,"[""events.ubc.ca?id=36166""]",
36165,4,publish,2021-12-08 13:31:19,2021-12-08 21:31:19,2021-12-08 13:31:19,2021-12-08 21:31:19,https://events.ubc.ca/venue/centre-for-digital-media-great-northern-way/,Centre for Digital Media &#8211; Great Northern Way,centre-for-digital-media-great-northern-way,685 Great Northern Way,Vancouver,Canada,British Columbia,V5T0C6,https://thecdm.ca/,British Columbia,True,True,events.ubc.ca?id=36165,"[""events.ubc.ca?id=36165""]",
36164,4,publish,2021-12-08 13:28:14,2021-12-08 21:28:14,2021-12-08 13:28:14,2021-12-08 21:28:14,https://events.ubc.ca/venue/green-college/,Green College,green-college,6201 Cecil Green Park Road,Vancouver,Canada,British Columbia,V6T1Z1,,British Columbia,True,True,events.ubc.ca?id=36164,"[""events.ubc.ca?id=36164""]",
36163,4,publish,2021-12-08 13:26:20,2021-12-08 21:26:20,2021-12-08 13:26:20,2021-12-08 21:26:20,https://events.ubc.ca/venue/gordon-and-leslie-diamond-health-care-centre/,Gordon and Leslie Diamond Health Care Centre,gordon-and-leslie-diamond-health-care-centre,2775 Laurel St,Vancouver,Canada,British Columbia,V5Z1M9,,British Columbia,True,True,events.ubc.ca?id=36163,"[""events.ubc.ca?id=36163""]",
36162,4,publish,2021-12-08 13:25:21,2021-12-08 21:25:21,2021-12-08 13:25:21,2021-12-08 21:25:21,https://events.ubc.ca/venue/gerald-mcgavin-building/,Gerald McGavin Building,gerald-mcgavin-building,2386 East Mall,Vancouver,Canada,British Columbia,V6T1Z3,,British Columbia,True,True,events.ubc.ca?id=36162,"[""events.ubc.ca?id=36162""]",
36161,4,publish,2021-12-08 13:23:30,2021-12-08 21:23:30,2021-12-08 13:23:30,2021-12-08 21:23:30,https://events.ubc.ca/venue/george-cunningham-building/,George Cunningham Building,george-cunningham-building,2146 East Mall,Vancouver,Canada,British Columbia,V6T1Z3,,British Columbia,True,True,events.ubc.ca?id=36161,"[""events.ubc.ca?id=36161""]",
36160,4,publish,2021-12-08 13:23:05,2021-12-08 21:23:05,2021-12-08 13:23:05,2021-12-08 21:23:05,https://events.ubc.ca/venue/geography-building/,Geography Building,geography-building,1984 West Mall,Vancouver,Canada,British Columbia,V6T1Z2,,British Columbia,True,True,events.ubc.ca?id=36160,"[""events.ubc.ca?id=36160""]",
36159,4,publish,2021-12-08 13:22:43,2021-12-08 21:22:43,2021-12-08 13:22:43,2021-12-08 21:22:43,https://events.ubc.ca/venue/friedman-building/,Friedman Building,friedman-building,2177 Wesbrook Mall,Vancouver,Canada,British Columbia,V6T1Z3,,British Columbia,True,True,events.ubc.ca?id=36159,"[""events.ubc.ca?id=36159""]",
36158,4,publish,2021-12-08 13:22:15,2021-12-08 21:22:15,2021-12-08 13:22:15,2021-12-08 21:22:15,https://events.ubc.ca/venue/frederic-lasserre-building/,Frederic Lasserre Building,frederic-lasserre-building,6333 Memorial Road,Vancouver,Canada,British Columbia,V6T1Z2,,British Columbia,True,True,events.ubc.ca?id=36158,"[""events.ubc.ca?id=36158""]",
36157,4,publish,2021-12-08 13:21:50,2021-12-08 21:21:50,2021-12-08 13:21:50,2021-12-08 21:21:50,https://events.ubc.ca/venue/fraternity-village/,Fraternity Village,fraternity-village,2880 Wesbrook Mall,Vancouver,Canada,British Columbia,V6T2J3,,British Columbia,True,True,events.ubc.ca?id=36157,"[""events.ubc.ca?id=36157""]",
36156,4,publish,2021-12-08 13:21:25,2021-12-08 21:21:25,2021-12-08 13:21:25,2021-12-08 21:21:25,https://events.ubc.ca/venue/frank-forward-building/,Frank Forward Building,frank-forward-building,6350 Stores Road,Vancouver,Canada,British Columbia,V6T1Z4,,British Columbia,True,True,events.ubc.ca?id=36156,"[""events.ubc.ca?id=36156""]",
36155,4,publish,2021-12-08 13:20:54,2021-12-08 21:20:54,2021-12-08 13:20:54,2021-12-08 21:20:54,https://events.ubc.ca/venue/forest-engineering-research-institute-of-canada-feric/,Forest Engineering Research Institute of Canada (FERIC),forest-engineering-research-institute-of-canada-feric,2601 East Mall,Vancouver,Canada,British Columbia,V6T1Z2,,British Columbia,True,True,events.ubc.ca?id=36155,"[""events.ubc.ca?id=36155""]",
36154,4,publish,2021-12-08 13:17:56,2021-12-08 21:17:56,2021-12-08 13:17:56,2021-12-08 21:17:56,https://events.ubc.ca/venue/forest-sciences-centre/,Forest Sciences Centre,forest-sciences-centre,2424 Main Mall,Vancouver,Canada,British Columbia,V6T1Z4,,British Columbia,True,True,events.ubc.ca?id=36154,"[""events.ubc.ca?id=36154""]",
36153,4,publish,2021-12-08 13:17:29,2021-12-08 21:17:29,2021-12-08 13:17:29,2021-12-08 21:17:29,https://events.ubc.ca/venue/food-nutrition-and-health-building/,"Food, Nutrition and Health Building",food-nutrition-and-health-building,2205 East Mall,Vancouver,Canada,British Columbia,V6T1Z4,,British Columbia,True,True,events.ubc.ca?id=36153,"[""events.ubc.ca?id=36153""]",
36152,4,publish,2021-12-08 13:17:06,2021-12-08 21:17:06,2021-12-08 13:17:06,2021-12-08 21:17:06,https://events.ubc.ca/venue/flag-pole-plaza/,Flag Pole Plaza,flag-pole-plaza,6300 Crescent Road,Vancouver,Canada,British Columbia,V6T1Z2,,British Columbia,True,True,events.ubc.ca?id=36152,"[""events.ubc.ca?id=36152""]",
36151,4,publish,2021-12-08 13:13:49,2021-12-08 21:13:49,2021-12-08 13:13:49,2021-12-08 21:13:49,https://events.ubc.ca/venue/first-nations-longhouse/,First Nations Longhouse,first-nations-longhouse,1985 West Mall,Vancouver,Canada,British Columbia,V6T1Z2,,British Columbia,True,True,events.ubc.ca?id=36151,"[""events.ubc.ca?id=36151""]",
36150,4,publish,2021-12-08 13:13:08,2021-12-08 21:13:08,2021-12-08 13:13:08,2021-12-08 21:13:08,https://events.ubc.ca/venue/financial-operations-satellite-location-wesbrook-mall/,Financial Operations Satellite Location &#8211; Wesbrook Mall,financial-operations-satellite-location-wesbrook-mall,5958 Webber Lane,Vancouver,Canada,British Columbia,V6S0J9,,British Columbia,True,True,events.ubc.ca?id=36150,"[""events.ubc.ca?id=36150""]",
36149,4,publish,2021-12-08 13:11:13,2021-12-08 21:11:13,2021-12-08 13:11:13,2021-12-08 21:11:13,https://events.ubc.ca/venue/exchange-residence/,Exchange Residence,exchange-residence,5960 Student Union Boulevard,Vancouver,Canada,British Columbia,V6T1Z1,,British Columbia,True,True,events.ubc.ca?id=36149,"[""events.ubc.ca?id=36149""]",
36148,4,publish,2021-12-08 11:19:20,2021-12-08 19:19:20,2021-12-08 11:19:20,2021-12-08 19:19:20,https://events.ubc.ca/venue/earth-sciences-building-esb/,Earth Sciences Building (ESB),earth-sciences-building-esb,2207 Main Mall,Vancouver,Canada,British Columbia,V6T1Z4,,British Columbia,True,True,events.ubc.ca?id=36148,"[""events.ubc.ca?id=36148""]",
36147,4,publish,2021-12-08 11:19:05,2021-12-08 19:19:05,2021-12-08 11:19:05,2021-12-08 19:19:05,https://events.ubc.ca/venue/earth-and-ocean-sciences-eos/,Earth and Ocean Sciences (EOS),earth-and-ocean-sciences-eos,6339 Stores Road,Vancouver,Canada,British Columbia,V6T1Z4,,British Columbia,True,True,events.ubc.ca?id=36147,"[""events.ubc.ca?id=36147""]",
36146,4,publish,2021-12-08 11:18:42,2021-12-08 19:18:42,2021-12-08 11:18:42,2021-12-08 19:18:42,https://events.ubc.ca/venue/doug-mitchell-thunderbird-sports-centre/,Doug Mitchell Thunderbird Sports Centre,doug-mitchell-thunderbird-sports-centre,6066 Thunderbird Boulevard,Vancouver,Canada,British Columbia,V6T1Z3,,British Columbia,True,True,events.ubc.ca?id=36146,"[""events.ubc.ca?id=36146""]",
36145,4,publish,2021-12-08 11:18:23,2021-12-08 19:18:23,2021-12-08 11:18:23,2021-12-08 19:18:23,https://events.ubc.ca/venue/douglas-t-kenny-building/,Douglas T. Kenny Building,douglas-t-kenny-building,2136 West Mall,Vancouver,Canada,British Columbia,V6T1Z4,,British Columbia,True,True,events.ubc.ca?id=36145,"[""events.ubc.ca?id=36145""]",
36144,4,publish,2021-12-08 11:18:03,2021-12-08 19:18:03,2021-12-08 11:18:03,2021-12-08 19:18:03,https://events.ubc.ca/venue/dorothy-somerset-studios/,Dorothy Somerset Studios,dorothy-somerset-studios,6361 University Boulevard,Vancouver,Canada,British Columbia,V6T1Z2,,British Columbia,True,True,events.ubc.ca?id=36144,"[""events.ubc.ca?id=36144""]",
36143,4,publish,2021-12-08 11:17:42,2021-12-08 19:17:42,2021-12-08 11:17:42,2021-12-08 19:17:42,https://events.ubc.ca/venue/donald-rix-building/,Donald Rix Building,donald-rix-building,2389 Health Sciences Mall,Vancouver,Canada,British Columbia,V6T1Z3,,British Columbia,True,True,events.ubc.ca?id=36143,"[""events.ubc.ca?id=36143""]",
36142,4,publish,2021-12-08 09:57:22,2021-12-08 17:57:22,2021-12-08 09:57:22,2021-12-08 17:57:22,https://events.ubc.ca/venue/djavad-mowafaghian-centre-for-brain-health-cbh/,Djavad Mowafaghian Centre for Brain Health (CBH),djavad-mowafaghian-centre-for-brain-health-cbh,2215 Wesbrook Mall,Vancouver,Canada,British Columbia,V6T1Z3,,British Columbia,True,True,events.ubc.ca?id=36142,"[""events.ubc.ca?id=36142""]",
36141,4,publish,2021-12-08 09:56:54,2021-12-08 17:56:54,2021-12-08 09:56:54,2021-12-08 17:56:54,https://events.ubc.ca/venue/ubc-hospital-purdy-pavilion/,UBC Hospital &#8211; Purdy Pavilion,ubc-hospital-purdy-pavilion,2221 Wesbrook Mall,Vancouver,Canada,British Columbia,V6T1Z9,,British Columbia,True,True,events.ubc.ca?id=36141,"[""events.ubc.ca?id=36141""]",
36140,4,publish,2021-12-08 09:56:34,2021-12-08 17:56:34,2021-12-08 09:56:34,2021-12-08 17:56:34,https://events.ubc.ca/venue/ubc-hospital-koerner-pavilion/,UBC Hospital &#8211; Koerner Pavilion,ubc-hospital-koerner-pavilion,2211 Wesbrook Mall,Vancouver,Canada,British Columbia,V6T1Z3,,British Columbia,True,True,events.ubc.ca?id=36140,"[""events.ubc.ca?id=36140""]",
36139,4,publish,2021-12-08 09:56:19,2021-12-08 17:56:19,2021-12-08 09:56:19,2021-12-08 17:56:19,https://events.ubc.ca/venue/ubc-hospital-detwiller-pavilion/,UBC Hospital &#8211; Detwiller Pavilion,ubc-hospital-detwiller-pavilion,2255 Wesbrook Mall,Vancouver,Canada,British Columbia,V6T1Z3,,British Columbia,True,True,events.ubc.ca?id=36139,"[""events.ubc.ca?id=36139""]",
36138,4,publish,2021-12-08 09:55:39,2021-12-08 17:55:39,2021-12-08 09:55:39,2021-12-08 17:55:39,https://events.ubc.ca/venue/david-strangway-building/,David Strangway Building,david-strangway-building,5950 University Boulevard,Vancouver,Canada,British Columbia,V6T1Z3,,British Columbia,True,True,events.ubc.ca?id=36138,"[""events.ubc.ca?id=36138""]",
36137,4,publish,2021-12-08 09:53:17,2021-12-08 17:53:17,2021-12-08 09:53:17,2021-12-08 17:53:17,https://events.ubc.ca/venue/david-lam-management-research-centre/,David Lam Management Research Centre,david-lam-management-research-centre,2033 Main Mall,Vancouver,Canada,British Columbia,V6T1Z2,,British Columbia,True,True,events.ubc.ca?id=36137,"[""events.ubc.ca?id=36137""]",
36136,4,publish,2021-12-08 09:53:03,2021-12-08 17:53:03,2021-12-08 09:53:03,2021-12-08 17:53:03,https://events.ubc.ca/venue/david-lam-learning-centre/,David Lam Learning Centre,david-lam-learning-centre,6326 Agricultural Road,Vancouver,Canada,British Columbia,V6T1Z2,,British Columbia,True,True,events.ubc.ca?id=36136,"[""events.ubc.ca?id=36136""]",
36135,4,publish,2021-12-08 09:52:34,2021-12-08 17:52:34,2021-12-08 09:52:34,2021-12-08 17:52:34,https://events.ubc.ca/venue/d-h-copp-building/,D.H. Copp Building,d-h-copp-building,2146 Health Sciences Mall,Vancouver,Canada,British Columbia,V6T1Z3,,British Columbia,True,True,events.ubc.ca?id=36135,"[""events.ubc.ca?id=36135""]",
36134,4,publish,2021-12-08 09:51:13,2021-12-08 17:51:13,2021-12-08 09:51:13,2021-12-08 17:51:13,https://events.ubc.ca/venue/continuing-studies-building/,Continuing Studies Building,continuing-studies-building,2121 West Mall,Vancouver,Canada,British Columbia,V6T1Z4,,British Columbia,True,True,events.ubc.ca?id=36134,"[""events.ubc.ca?id=36134""]",
36133,4,publish,2021-12-08 09:50:49,2021-12-08 17:50:49,2021-12-08 09:50:49,2021-12-08 17:50:49,https://events.ubc.ca/venue/coal-and-mineral-processing-lab/,Coal and Mineral Processing Lab,coal-and-mineral-processing-lab,2332 West Mall,Vancouver,Canada,British Columbia,V6T1Z4,,British Columbia,True,True,events.ubc.ca?id=36133,"[""events.ubc.ca?id=36133""]",
36131,4,publish,2021-12-08 09:49:18,2021-12-08 17:49:18,2021-12-08 09:49:18,2021-12-08 17:49:18,https://events.ubc.ca/venue/chemistry-physics-building/,Chemistry Physics Building,chemistry-physics-building,6221 University Boulevard,Vancouver,Canada,British Columbia,V6T1Z1,,British Columbia,True,True,events.ubc.ca?id=36131,"[""events.ubc.ca?id=36131""]",
36130,4,publish,2021-12-08 09:48:44,2021-12-08 17:48:44,2021-12-08 09:48:44,2021-12-08 17:48:44,https://events.ubc.ca/venue/chemistry/,Chemistry,chemistry,2036 Main Mall,Vancouver,Canada,British Columbia,V6T1Z1,,British Columbia,True,True,events.ubc.ca?id=36130,"[""events.ubc.ca?id=36130""]",
36129,4,publish,2021-12-08 09:48:14,2021-12-08 17:48:14,2021-12-08 09:48:14,2021-12-08 17:48:14,https://events.ubc.ca/venue/earthquake-engineering-research-facility-eerf/,Earthquake Engineering Research Facility (EERF),earthquake-engineering-research-facility-eerf,2235 East Mall,Vancouver,Canada,British Columbia,V6T1Z4,,British Columbia,True,True,events.ubc.ca?id=36129,"[""events.ubc.ca?id=36129""]",
36128,4,publish,2021-12-08 09:47:52,2021-12-08 17:47:52,2021-12-08 09:47:52,2021-12-08 17:47:52,https://events.ubc.ca/venue/civil-and-mechanical-engineering-building-ceme/,Civil and Mechanical Engineering Building (CEME),civil-and-mechanical-engineering-building-ceme,6250 Applied Science Lane,Vancouver,Canada,British Columbia,V6T1Z4,,British Columbia,True,True,events.ubc.ca?id=36128,"[""events.ubc.ca?id=36128""]",
36127,4,publish,2021-12-08 09:47:30,2021-12-08 17:47:30,2021-12-08 09:47:30,2021-12-08 17:47:30,https://events.ubc.ca/venue/chemical-and-biological-engineering-building-chbe/,Chemical and Biological Engineering Building (CHBE),chemical-and-biological-engineering-building-chbe,2360 East Mall,Vancouver,Canada,British Columbia,V6T1Z3,,British Columbia,True,True,events.ubc.ca?id=36127,"[""events.ubc.ca?id=36127""]",
36126,4,publish,2021-12-08 09:47:00,2021-12-08 17:47:00,2021-12-08 09:47:00,2021-12-08 17:47:00,https://events.ubc.ca/venue/engineering-cairn/,Engineering Cairn,engineering-cairn,2350 Main Mall,Vancouver,Canada,British Columbia,,,British Columbia,True,True,events.ubc.ca?id=36126,"[""events.ubc.ca?id=36126""]",
36125,4,publish,2021-12-08 09:46:29,2021-12-08 17:46:29,2021-12-08 09:46:29,2021-12-08 17:46:29,https://events.ubc.ca/venue/engineering-student-centre-esc/,Engineering Student Centre (ESC),engineering-student-centre-esc,2335 Engineering Road,Vancouver,Canada,British Columbia,V6T1Z4,,British Columbia,True,True,events.ubc.ca?id=36125,"[""events.ubc.ca?id=36125""]",
36124,4,publish,2021-12-08 09:45:54,2021-12-08 17:45:54,2021-12-08 09:45:54,2021-12-08 17:45:54,https://events.ubc.ca/venue/chapel-of-the-epiphany/,Chapel of the Epiphany,chapel-of-the-epiphany,6030 Chancellor Boulevard,Vancouver,Canada,British Columbia,V6T1X3,,British Columbia,True,True,events.ubc.ca?id=36124,"[""events.ubc.ca?id=36124""]",
36123,4,publish,2021-12-08 09:45:20,2021-12-08 17:45:20,2021-12-08 09:45:20,2021-12-08 17:45:20,https://events.ubc.ca/venue/chan-centre-for-the-performing-arts/,Chan Centre for the Performing Arts,chan-centre-for-the-performing-arts,6265 Crescent Road,Vancouver,Canada,British Columbia,V6T1Z1,,British Columbia,True,True,events.ubc.ca?id=36123,"[""events.ubc.ca?id=36123""]",
36122,4,publish,2021-12-08 09:44:55,2021-12-08 17:44:55,2021-12-08 09:44:55,2021-12-08 17:44:55,https://events.ubc.ca/venue/centre-for-interactive-research-on-sustainability-cirs/,Centre for Interactive Research on Sustainability (CIRS),centre-for-interactive-research-on-sustainability-cirs,2260 West Mall,Vancouver,Canada,British Columbia,V6T1Z4,,British Columbia,True,True,events.ubc.ca?id=36122,"[""events.ubc.ca?id=36122""]",
36121,4,publish,2021-12-08 09:44:31,2021-12-08 17:44:31,2021-12-08 09:44:31,2021-12-08 17:44:31,https://events.ubc.ca/venue/cecil-green-park-house/,Cecil Green Park House,cecil-green-park-house,6251 Cecil Green Park Road,Vancouver,Canada,British Columbia,V6T1Z1,,British Columbia,True,True,events.ubc.ca?id=36121,"[""events.ubc.ca?id=36121""]",
36120,4,publish,2021-12-08 09:44:01,2021-12-08 17:44:01,2021-12-08 09:44:01,2021-12-08 17:44:01,https://events.ubc.ca/venue/carey-centre/,Carey Centre,carey-centre,5920 Iona Drive,Vancouver,Canada,British Columbia,V6T1J6,,British Columbia,True,True,events.ubc.ca?id=36120,"[""events.ubc.ca?id=36120""]",
36118,4,publish,2021-12-08 09:42:01,2021-12-08 17:42:01,2021-12-08 09:42:01,2021-12-08 17:42:01,https://events.ubc.ca/venue/buchanan-tower/,Buchanan Tower,buchanan-tower,1873 East Mall,Vancouver,Canada,British Columbia,V6T1Z1,,British Columbia,True,True,events.ubc.ca?id=36118,"[""events.ubc.ca?id=36118""]",
36117,4,publish,2021-12-08 09:41:45,2021-12-08 17:41:45,2021-12-08 09:41:45,2021-12-08 17:41:45,https://events.ubc.ca/venue/buchanan-building/,Buchanan Building,buchanan-building,1866 Main Mall,Vancouver,Canada,British Columbia,V6T1Z1,,British Columbia,True,True,events.ubc.ca?id=36117,"[""events.ubc.ca?id=36117""]",
36116,4,publish,2021-12-08 09:41:14,2021-12-08 17:41:14,2021-12-08 09:41:14,2021-12-08 17:41:14,https://events.ubc.ca/venue/brock-hall/,Brock Hall,brock-hall,1874 East Mall,Vancouver,Canada,British Columbia,V6T1Z1,,British Columbia,True,True,events.ubc.ca?id=36116,"[""events.ubc.ca?id=36116""]",
36115,4,publish,2021-12-08 09:40:29,2021-12-08 17:40:29,2021-12-08 09:40:29,2021-12-08 17:40:29,https://events.ubc.ca/venue/ubc-bookstore/,UBC Bookstore,ubc-bookstore,6200 University Boulevard,Vancouver,Canada,British Columbia,V6T1Z4,,British Columbia,True,True,events.ubc.ca?id=36115,"[""events.ubc.ca?id=36115""]",
36114,4,publish,2021-12-08 09:40:05,2021-12-08 17:40:05,2021-12-08 09:40:05,2021-12-08 17:40:05,https://events.ubc.ca/venue/biomedical-research-centre/,Biomedical Research Centre,biomedical-research-centre,2222 Health Sciences Mall,Vancouver,Canada,British Columbia,V6T1Z3,,British Columbia,True,True,events.ubc.ca?id=36114,"[""events.ubc.ca?id=36114""]",
36113,4,publish,2021-12-08 09:39:32,2021-12-08 17:39:32,2021-12-08 09:39:32,2021-12-08 17:39:32,https://events.ubc.ca/venue/biological-sciences-building/,Biological Sciences Building,biological-sciences-building,6270 University Boulevard,Vancouver,Canada,British Columbia,V6T1Z4,,British Columbia,True,True,events.ubc.ca?id=36113,"[""events.ubc.ca?id=36113""]",
36112,4,publish,2021-12-07 14:38:22,2021-12-07 22:38:22,2021-12-07 14:38:22,2021-12-07 22:38:22,https://events.ubc.ca/venue/beaty-biodiversity-centre/,Beaty Biodiversity Centre,beaty-biodiversity-centre,2212 Main Mall,Vancouver,Canada,British Columbia,V6T1Z4,,British Columbia,True,True,events.ubc.ca?id=36112,"[""events.ubc.ca?id=36112""]",
36111,4,publish,2021-12-07 14:33:52,2021-12-07 22:33:52,2021-12-07 14:33:52,2021-12-07 22:33:52,https://events.ubc.ca/venue/ubc-baseball-indoor-training-centre/,UBC Baseball Indoor Training Centre,ubc-baseball-indoor-training-centre,3085 Wesbrook Mall,Vancouver,Canada,British Columbia,V6T1Z4,,British Columbia,True,True,events.ubc.ca?id=36111,"[""events.ubc.ca?id=36111""]",
36110,4,publish,2021-12-07 14:33:24,2021-12-07 22:33:24,2021-12-07 14:33:24,2021-12-07 22:33:24,https://events.ubc.ca/venue/b-c-binning-studios/,B.C. Binning Studios,b-c-binning-studios,6373 University Boulevard,Vancouver,Canada,British Columbia,V6T1Z2,,British Columbia,True,True,events.ubc.ca?id=36110,"[""events.ubc.ca?id=36110""]",
36109,4,publish,2021-12-07 14:23:33,2021-12-07 22:23:33,2021-12-07 14:23:33,2021-12-07 22:23:33,https://events.ubc.ca/venue/old-auditorium/,Old Auditorium,old-auditorium,6344 Memorial Road,Vancouver,Canada,British Columbia,V6T1Z2,,British Columbia,True,True,events.ubc.ca?id=36109,"[""events.ubc.ca?id=36109""]",
36108,4,publish,2021-12-07 14:19:46,2021-12-07 22:19:46,2021-12-07 14:19:46,2021-12-07 22:19:46,https://events.ubc.ca/venue/audain-art-centre/,Audain Art Centre,audain-art-centre,2118 West Mall,Vancouver,Canada,British Columbia,V6T1Z4,,British Columbia,True,True,events.ubc.ca?id=36108,"[""events.ubc.ca?id=36108""]",
36107,4,publish,2021-12-07 14:18:18,2021-12-07 22:18:18,2021-12-07 14:18:18,2021-12-07 22:18:18,https://events.ubc.ca/venue/c-k-choi-building-for-the-institute-of-asian-research/,C. K. Choi Building for the Institute of Asian Research,c-k-choi-building-for-the-institute-of-asian-research,1855 West Mall,Vancouver,Canada,British Columbia,V6T1Z2,,British Columbia,True,True,events.ubc.ca?id=36107,"[""events.ubc.ca?id=36107""]",
36106,4,publish,2021-12-07 14:17:35,2021-12-07 22:17:35,2021-12-07 14:17:35,2021-12-07 22:17:35,https://events.ubc.ca/venue/asian-centre/,Asian Centre,asian-centre,1871 West Mall,Vancouver,Canada,British Columbia,V6T1Z2,,British Columbia,True,True,events.ubc.ca?id=36106,"[""events.ubc.ca?id=36106""]",
36105,4,publish,2021-12-07 14:17:04,2021-12-07 22:17:04,2021-12-07 14:17:04,2021-12-07 22:17:04,https://events.ubc.ca/venue/aquatic-ecosystems-research-laboratory-aerl/,Aquatic Ecosystems Research Laboratory (AERL),aquatic-ecosystems-research-laboratory-aerl,2202 Main Mall,Vancouver,Canada,British Columbia,V6T1Z1,,British Columbia,True,True,events.ubc.ca?id=36105,"[""events.ubc.ca?id=36105""]",
36104,4,publish,2021-12-07 14:13:08,2021-12-07 22:13:08,2021-12-07 14:13:08,2021-12-07 22:13:08,https://events.ubc.ca/venue/ubc-aquatic-centre/,UBC Aquatic Centre,ubc-aquatic-centre,6080 Student Union Boulevard,Vancouver,Canada,British Columbia,V6T1Z1,,British Columbia,True,True,events.ubc.ca?id=36104,"[""events.ubc.ca?id=36104""]",
36103,4,publish,2021-12-07 14:12:12,2021-12-07 22:12:12,2021-12-07 14:12:12,2021-12-07 22:12:12,https://events.ubc.ca/venue/anthropology-and-sociology-building/,Anthropology and Sociology Building,anthropology-and-sociology-building,6303 NW Marine Drive,Vancouver,Canada,British Columbia,V6T1Z1,,British Columbia,True,True,events.ubc.ca?id=36103,"[""events.ubc.ca?id=36103""]",
36102,4,publish,2021-12-07 14:11:26,2021-12-07 22:11:26,2021-12-07 14:11:26,2021-12-07 22:11:26,https://events.ubc.ca/venue/ams-nest/,AMS Nest,ams-nest,6133 University Boulevard,Vancouver,Canada,British Columbia,V6T1Z1,https://www.ams.ubc.ca/the-nest/,British Columbia,True,True,events.ubc.ca?id=36102,"[""events.ubc.ca?id=36102""]",
36101,4,publish,2021-12-07 14:10:35,2021-12-07 22:10:35,2021-12-07 14:10:35,2021-12-07 22:10:35,https://events.ubc.ca/venue/allard-hall/,Allard Hall,allard-hall,1822 East Mall,Vancouver,Canada,British Columbia,V6T1Z1,,British Columbia,True,True,events.ubc.ca?id=36101,"[""events.ubc.ca?id=36101""]",
36100,4,publish,2021-12-07 14:09:57,2021-12-07 22:09:57,2021-12-07 14:09:57,2021-12-07 22:09:57,https://events.ubc.ca/venue/acadia-community-centre/,Acadia Community Centre,acadia-community-centre,2707 Tennis Crescent,Vancouver,Canada,British Columbia,V6T2E5,,British Columbia,True,True,events.ubc.ca?id=36100,"[""events.ubc.ca?id=36100""]",
36099,4,publish,2021-12-07 14:08:38,2021-12-07 22:08:38,2021-12-07 14:08:38,2021-12-07 22:08:38,https://events.ubc.ca/venue/abdul-ladha-science-student-centre/,Abdul Ladha Science Student Centre,abdul-ladha-science-student-centre,2055 East Mall,Vancouver,Canada,British Columbia,V6T1Z1,,British Columbia,True,True,events.ubc.ca?id=36099,"[""events.ubc.ca?id=36099""]",
36098,4,publish,2021-12-07 14:01:26,2021-12-07 22:01:26,2021-12-07 14:01:26,2021-12-07 22:01:26,https://events.ubc.ca/venue/ubc-vancouver-campus/,UBC Vancouver Campus,ubc-vancouver-campus,,Vancouver,Canada,British Columbia,V6T1Z1,https://www.ubc.ca/our-campuses/vancouver/,British Columbia,False,False,events.ubc.ca?id=36098,"[""events.ubc.ca?id=36098""]",
