id,date,date_gmt,guid,modified,modified_gmt,slug,status,type,link,title,content,excerpt,author,featured_media,parent,menu_order,comment_status,ping_status,template,meta,class_list,acf,_links
3455,2026-07-14T13:53:28,2026-07-14T20:53:28,"{""rendered"": ""https://pair.ubc.ca/?page_id=3455""}",2026-07-16T09:46:37,2026-07-16T16:46:37,course-section-schedule-heatmaps,publish,page,https://pair.ubc.ca/student-data-analytics/enrolment/course-section-schedule-heatmaps/,"{""rendered"": ""Course Section Schedule Heatmaps""}","{""rendered"": """", ""protected"": false}","{""rendered"": """", ""protected"": false}",1553,0,34,0,closed,closed,,"{""_acf_changed"": false, ""footnotes"": """"}","[""post-3455"", ""page"", ""type-page"", ""status-publish"", ""hentry""]",[],"{""self"": [{""href"": ""https://pair.ubc.ca/wp-json/wp/v2/pages/3455"", ""targetHints"": {""allow"": [""GET""]}}], ""collection"": [{""href"": ""https://pair.ubc.ca/wp-json/wp/v2/pages""}], ""about"": [{""href"": ""https://pair.ubc.ca/wp-json/wp/v2/types/page""}], ""author"": [{""embeddable"": true, ""href"": ""https://pair.ubc.ca/wp-json/wp/v2/users/1553""}], ""replies"": [{""embeddable"": true, ""href"": ""https://pair.ubc.ca/wp-json/wp/v2/comments?post=3455""}], ""version-history"": [{""count"": 4, ""href"": ""https://pair.ubc.ca/wp-json/wp/v2/pages/3455/revisions""}], ""predecessor-version"": [{""id"": 3462, ""href"": ""https://pair.ubc.ca/wp-json/wp/v2/pages/3455/revisions/3462""}], ""up"": [{""embeddable"": true, ""href"": ""https://pair.ubc.ca/wp-json/wp/v2/pages/34""}], ""wp:attachment"": [{""href"": ""https://pair.ubc.ca/wp-json/wp/v2/media?parent=3455""}], ""curies"": [{""name"": ""wp"", ""href"": ""https://api.w.org/{rel}"", ""templated"": true}]}"
3344,2026-04-28T15:48:26,2026-04-28T22:48:26,"{""rendered"": ""https://pair.ubc.ca/?page_id=3344""}",2026-05-26T14:59:49,2026-05-26T21:59:49,target-submission,publish,page,https://pair.ubc.ca/student-data-analytics/admissions-enrolment-planning/target-submission/,"{""rendered"": ""Target Submission""}","{""rendered"": """", ""protected"": false}","{""rendered"": """", ""protected"": false}",1553,0,30,0,closed,closed,,"{""_acf_changed"": false, ""footnotes"": """"}","[""post-3344"", ""page"", ""type-page"", ""status-publish"", ""hentry""]",[],"{""self"": [{""href"": ""https://pair.ubc.ca/wp-json/wp/v2/pages/3344"", ""targetHints"": {""allow"": [""GET""]}}], ""collection"": [{""href"": ""https://pair.ubc.ca/wp-json/wp/v2/pages""}], ""about"": [{""href"": ""https://pair.ubc.ca/wp-json/wp/v2/types/page""}], ""author"": [{""embeddable"": true, ""href"": ""https://pair.ubc.ca/wp-json/wp/v2/users/1553""}], ""replies"": [{""embeddable"": true, ""href"": ""https://pair.ubc.ca/wp-json/wp/v2/comments?post=3344""}], ""version-history"": [{""count"": 7, ""href"": ""https://pair.ubc.ca/wp-json/wp/v2/pages/3344/revisions""}], ""predecessor-version"": [{""id"": 3376, ""href"": ""https://pair.ubc.ca/wp-json/wp/v2/pages/3344/revisions/3376""}], ""up"": [{""embeddable"": true, ""href"": ""https://pair.ubc.ca/wp-json/wp/v2/pages/30""}], ""wp:attachment"": [{""href"": ""https://pair.ubc.ca/wp-json/wp/v2/media?parent=3344""}], ""curies"": [{""name"": ""wp"", ""href"": ""https://api.w.org/{rel}"", ""templated"": true}]}"
3341,2026-04-28T15:44:59,2026-04-28T22:44:59,"{""rendered"": ""https://pair.ubc.ca/?page_id=3341""}",2026-06-08T12:02:23,2026-06-08T19:02:23,enrolment-planning,publish,page,https://pair.ubc.ca/student-data-analytics/admissions-enrolment-planning/enrolment-planning/,"{""rendered"": ""Enrolment Planning""}","{""rendered"": """", ""protected"": false}","{""rendered"": """", ""protected"": false}",1553,0,30,0,closed,closed,,"{""_acf_changed"": false, ""footnotes"": """"}","[""post-3341"", ""page"", ""type-page"", ""status-publish"", ""hentry""]",[],"{""self"": [{""href"": ""https://pair.ubc.ca/wp-json/wp/v2/pages/3341"", ""targetHints"": {""allow"": [""GET""]}}], ""collection"": [{""href"": ""https://pair.ubc.ca/wp-json/wp/v2/pages""}], ""about"": [{""href"": ""https://pair.ubc.ca/wp-json/wp/v2/types/page""}], ""author"": [{""embeddable"": true, ""href"": ""https://pair.ubc.ca/wp-json/wp/v2/users/1553""}], ""replies"": [{""embeddable"": true, ""href"": ""https://pair.ubc.ca/wp-json/wp/v2/comments?post=3341""}], ""version-history"": [{""count"": 5, ""href"": ""https://pair.ubc.ca/wp-json/wp/v2/pages/3341/revisions""}], ""predecessor-version"": [{""id"": 3406, ""href"": ""https://pair.ubc.ca/wp-json/wp/v2/pages/3341/revisions/3406""}], ""up"": [{""embeddable"": true, ""href"": ""https://pair.ubc.ca/wp-json/wp/v2/pages/30""}], ""wp:attachment"": [{""href"": ""https://pair.ubc.ca/wp-json/wp/v2/media?parent=3341""}], ""curies"": [{""name"": ""wp"", ""href"": ""https://api.w.org/{rel}"", ""templated"": true}]}"
3338,2026-04-28T15:40:39,2026-04-28T22:40:39,"{""rendered"": ""https://pair.ubc.ca/?page_id=3338""}",2026-06-08T12:02:05,2026-06-08T19:02:05,admissions-funnel,publish,page,https://pair.ubc.ca/student-data-analytics/admissions-enrolment-planning/admissions-funnel/,"{""rendered"": ""Admissions Funnel""}","{""rendered"": """", ""protected"": false}","{""rendered"": """", ""protected"": false}",1553,0,30,0,closed,closed,,"{""_acf_changed"": false, ""footnotes"": """"}","[""post-3338"", ""page"", ""type-page"", ""status-publish"", ""hentry""]",[],"{""self"": [{""href"": ""https://pair.ubc.ca/wp-json/wp/v2/pages/3338"", ""targetHints"": {""allow"": [""GET""]}}], ""collection"": [{""href"": ""https://pair.ubc.ca/wp-json/wp/v2/pages""}], ""about"": [{""href"": ""https://pair.ubc.ca/wp-json/wp/v2/types/page""}], ""author"": [{""embeddable"": true, ""href"": ""https://pair.ubc.ca/wp-json/wp/v2/users/1553""}], ""replies"": [{""embeddable"": true, ""href"": ""https://pair.ubc.ca/wp-json/wp/v2/comments?post=3338""}], ""version-history"": [{""count"": 6, ""href"": ""https://pair.ubc.ca/wp-json/wp/v2/pages/3338/revisions""}], ""predecessor-version"": [{""id"": 3405, ""href"": ""https://pair.ubc.ca/wp-json/wp/v2/pages/3338/revisions/3405""}], ""up"": [{""embeddable"": true, ""href"": ""https://pair.ubc.ca/wp-json/wp/v2/pages/30""}], ""wp:attachment"": [{""href"": ""https://pair.ubc.ca/wp-json/wp/v2/media?parent=3338""}], ""curies"": [{""name"": ""wp"", ""href"": ""https://api.w.org/{rel}"", ""templated"": true}]}"
3230,2026-01-27T15:27:14,2026-01-27T23:27:14,"{""rendered"": ""https://pair.ubc.ca/?page_id=3230""}",2026-06-03T16:02:41,2026-06-03T23:02:41,nsse,publish,page,https://pair.ubc.ca/nsse/,"{""rendered"": ""National Survey of Student Engagement""}","{""rendered"": """", ""protected"": false}","{""rendered"": """", ""protected"": false}",1553,0,0,0,closed,closed,,"{""_acf_changed"": false, ""footnotes"": """"}","[""post-3230"", ""page"", ""type-page"", ""status-publish"", ""hentry""]",[],"{""self"": [{""href"": ""https://pair.ubc.ca/wp-json/wp/v2/pages/3230"", ""targetHints"": {""allow"": [""GET""]}}], ""collection"": [{""href"": ""https://pair.ubc.ca/wp-json/wp/v2/pages""}], ""about"": [{""href"": ""https://pair.ubc.ca/wp-json/wp/v2/types/page""}], ""author"": [{""embeddable"": true, ""href"": ""https://pair.ubc.ca/wp-json/wp/v2/users/1553""}], ""replies"": [{""embeddable"": true, ""href"": ""https://pair.ubc.ca/wp-json/wp/v2/comments?post=3230""}], ""version-history"": [{""count"": 36, ""href"": ""https://pair.ubc.ca/wp-json/wp/v2/pages/3230/revisions""}], ""predecessor-version"": [{""id"": 3399, ""href"": ""https://pair.ubc.ca/wp-json/wp/v2/pages/3230/revisions/3399""}], ""wp:attachment"": [{""href"": ""https://pair.ubc.ca/wp-json/wp/v2/media?parent=3230""}], ""curies"": [{""name"": ""wp"", ""href"": ""https://api.w.org/{rel}"", ""templated"": true}]}"
3167,2025-08-27T13:37:35,2025-08-27T20:37:35,"{""rendered"": ""https://pair.ubc.ca/?page_id=3167""}",2026-06-08T12:02:41,2026-06-08T19:02:41,weekly-enrolment,publish,page,https://pair.ubc.ca/student-data-analytics/admissions-enrolment-planning/weekly-enrolment/,"{""rendered"": ""Weekly Enrolment""}","{""rendered"": """", ""protected"": false}","{""rendered"": """", ""protected"": false}",1553,0,30,0,closed,closed,,"{""_acf_changed"": false, ""footnotes"": """"}","[""post-3167"", ""page"", ""type-page"", ""status-publish"", ""hentry""]",[],"{""self"": [{""href"": ""https://pair.ubc.ca/wp-json/wp/v2/pages/3167"", ""targetHints"": {""allow"": [""GET""]}}], ""collection"": [{""href"": ""https://pair.ubc.ca/wp-json/wp/v2/pages""}], ""about"": [{""href"": ""https://pair.ubc.ca/wp-json/wp/v2/types/page""}], ""author"": [{""embeddable"": true, ""href"": ""https://pair.ubc.ca/wp-json/wp/v2/users/1553""}], ""replies"": [{""embeddable"": true, ""href"": ""https://pair.ubc.ca/wp-json/wp/v2/comments?post=3167""}], ""version-history"": [{""count"": 7, ""href"": ""https://pair.ubc.ca/wp-json/wp/v2/pages/3167/revisions""}], ""predecessor-version"": [{""id"": 3407, ""href"": ""https://pair.ubc.ca/wp-json/wp/v2/pages/3167/revisions/3407""}], ""up"": [{""embeddable"": true, ""href"": ""https://pair.ubc.ca/wp-json/wp/v2/pages/30""}], ""wp:attachment"": [{""href"": ""https://pair.ubc.ca/wp-json/wp/v2/media?parent=3167""}], ""curies"": [{""name"": ""wp"", ""href"": ""https://api.w.org/{rel}"", ""templated"": true}]}"
3158,2025-08-25T13:49:51,2025-08-25T20:49:51,"{""rendered"": ""https://pair.ubc.ca/?page_id=3158""}",2026-08-07T15:56:57,2026-08-07T22:56:57,sdc,publish,page,https://pair.ubc.ca/sdc/,"{""rendered"": ""Student Diversity Census""}","{""rendered"": """", ""protected"": false}","{""rendered"": """", ""protected"": false}",1553,0,0,0,closed,closed,,"{""_acf_changed"": false, ""footnotes"": """"}","[""post-3158"", ""page"", ""type-page"", ""status-publish"", ""hentry""]",[],"{""self"": [{""href"": ""https://pair.ubc.ca/wp-json/wp/v2/pages/3158"", ""targetHints"": {""allow"": [""GET""]}}], ""collection"": [{""href"": ""https://pair.ubc.ca/wp-json/wp/v2/pages""}], ""about"": [{""href"": ""https://pair.ubc.ca/wp-json/wp/v2/types/page""}], ""author"": [{""embeddable"": true, ""href"": ""https://pair.ubc.ca/wp-json/wp/v2/users/1553""}], ""replies"": [{""embeddable"": true, ""href"": ""https://pair.ubc.ca/wp-json/wp/v2/comments?post=3158""}], ""version-history"": [{""count"": 14, ""href"": ""https://pair.ubc.ca/wp-json/wp/v2/pages/3158/revisions""}], ""predecessor-version"": [{""id"": 3516, ""href"": ""https://pair.ubc.ca/wp-json/wp/v2/pages/3158/revisions/3516""}], ""wp:attachment"": [{""href"": ""https://pair.ubc.ca/wp-json/wp/v2/media?parent=3158""}], ""curies"": [{""name"": ""wp"", ""href"": ""https://api.w.org/{rel}"", ""templated"": true}]}"
3148,2025-08-21T15:45:49,2025-08-21T22:45:49,"{""rendered"": ""https://pair.ubc.ca/?page_id=3148""}",2025-08-21T15:55:01,2025-08-21T22:55:01,ues,publish,page,https://pair.ubc.ca/ues/,"{""rendered"": ""Undergraduate Experience Survey""}","{""rendered"": """", ""protected"": false}","{""rendered"": """", ""protected"": false}",1553,0,0,0,closed,closed,,"{""_acf_changed"": false, ""footnotes"": """"}","[""post-3148"", ""page"", ""type-page"", ""status-publish"", ""hentry""]",[],"{""self"": [{""href"": ""https://pair.ubc.ca/wp-json/wp/v2/pages/3148"", ""targetHints"": {""allow"": [""GET""]}}], ""collection"": [{""href"": ""https://pair.ubc.ca/wp-json/wp/v2/pages""}], ""about"": [{""href"": ""https://pair.ubc.ca/wp-json/wp/v2/types/page""}], ""author"": [{""embeddable"": true, ""href"": ""https://pair.ubc.ca/wp-json/wp/v2/users/1553""}], ""replies"": [{""embeddable"": true, ""href"": ""https://pair.ubc.ca/wp-json/wp/v2/comments?post=3148""}], ""version-history"": [{""count"": 1, ""href"": ""https://pair.ubc.ca/wp-json/wp/v2/pages/3148/revisions""}], ""predecessor-version"": [{""id"": 3149, ""href"": ""https://pair.ubc.ca/wp-json/wp/v2/pages/3148/revisions/3149""}], ""wp:attachment"": [{""href"": ""https://pair.ubc.ca/wp-json/wp/v2/media?parent=3148""}], ""curies"": [{""name"": ""wp"", ""href"": ""https://api.w.org/{rel}"", ""templated"": true}]}"
3129,2025-08-19T15:32:21,2025-08-19T22:32:21,"{""rendered"": ""https://pair.ubc.ca/?page_id=3129""}",2026-07-30T09:42:11,2026-07-30T16:42:11,nubc,publish,page,https://pair.ubc.ca/nubc/,"{""rendered"": ""New to UBC Survey""}","{""rendered"": """", ""protected"": false}","{""rendered"": """", ""protected"": false}",1553,0,0,0,closed,closed,,"{""_acf_changed"": false, ""footnotes"": """"}","[""post-3129"", ""page"", ""type-page"", ""status-publish"", ""hentry""]",[],"{""self"": [{""href"": ""https://pair.ubc.ca/wp-json/wp/v2/pages/3129"", ""targetHints"": {""allow"": [""GET""]}}], ""collection"": [{""href"": ""https://pair.ubc.ca/wp-json/wp/v2/pages""}], ""about"": [{""href"": ""https://pair.ubc.ca/wp-json/wp/v2/types/page""}], ""author"": [{""embeddable"": true, ""href"": ""https://pair.ubc.ca/wp-json/wp/v2/users/1553""}], ""replies"": [{""embeddable"": true, ""href"": ""https://pair.ubc.ca/wp-json/wp/v2/comments?post=3129""}], ""version-history"": [{""count"": 43, ""href"": ""https://pair.ubc.ca/wp-json/wp/v2/pages/3129/revisions""}], ""predecessor-version"": [{""id"": 3486, ""href"": ""https://pair.ubc.ca/wp-json/wp/v2/pages/3129/revisions/3486""}], ""wp:attachment"": [{""href"": ""https://pair.ubc.ca/wp-json/wp/v2/media?parent=3129""}], ""curies"": [{""name"": ""wp"", ""href"": ""https://api.w.org/{rel}"", ""templated"": true}]}"
3064,2025-03-28T09:57:55,2025-03-28T16:57:55,"{""rendered"": ""https://pair.ubc.ca/?page_id=3064""}",2026-02-06T09:08:34,2026-02-06T17:08:34,student-diversity-census,publish,page,https://pair.ubc.ca/student-data-analytics/demographics/student-diversity-census/,"{""rendered"": ""Student Diversity Census""}","{""rendered"": """", ""protected"": false}","{""rendered"": """", ""protected"": false}",1553,0,32,0,closed,closed,,"{""_acf_changed"": false, ""footnotes"": """"}","[""post-3064"", ""page"", ""type-page"", ""status-publish"", ""hentry""]",[],"{""self"": [{""href"": ""https://pair.ubc.ca/wp-json/wp/v2/pages/3064"", ""targetHints"": {""allow"": [""GET""]}}], ""collection"": [{""href"": ""https://pair.ubc.ca/wp-json/wp/v2/pages""}], ""about"": [{""href"": ""https://pair.ubc.ca/wp-json/wp/v2/types/page""}], ""author"": [{""embeddable"": true, ""href"": ""https://pair.ubc.ca/wp-json/wp/v2/users/1553""}], ""replies"": [{""embeddable"": true, ""href"": ""https://pair.ubc.ca/wp-json/wp/v2/comments?post=3064""}], ""version-history"": [{""count"": 5, ""href"": ""https://pair.ubc.ca/wp-json/wp/v2/pages/3064/revisions""}], ""predecessor-version"": [{""id"": 3249, ""href"": ""https://pair.ubc.ca/wp-json/wp/v2/pages/3064/revisions/3249""}], ""up"": [{""embeddable"": true, ""href"": ""https://pair.ubc.ca/wp-json/wp/v2/pages/32""}], ""wp:attachment"": [{""href"": ""https://pair.ubc.ca/wp-json/wp/v2/media?parent=3064""}], ""curies"": [{""name"": ""wp"", ""href"": ""https://api.w.org/{rel}"", ""templated"": true}]}"
3025,2025-03-13T15:02:28,2025-03-13T22:02:28,"{""rendered"": ""https://pair.ubc.ca/?page_id=3025""}",2026-06-11T14:42:01,2026-06-11T21:42:01,nsse,publish,page,https://pair.ubc.ca/surveys/nsse/,"{""rendered"": ""National Survey of Student Engagement""}","{""rendered"": """", ""protected"": false}","{""rendered"": """", ""protected"": false}",1553,0,12,0,closed,closed,,"{""_acf_changed"": false, ""footnotes"": """"}","[""post-3025"", ""page"", ""type-page"", ""status-publish"", ""hentry""]",[],"{""self"": [{""href"": ""https://pair.ubc.ca/wp-json/wp/v2/pages/3025"", ""targetHints"": {""allow"": [""GET""]}}], ""collection"": [{""href"": ""https://pair.ubc.ca/wp-json/wp/v2/pages""}], ""about"": [{""href"": ""https://pair.ubc.ca/wp-json/wp/v2/types/page""}], ""author"": [{""embeddable"": true, ""href"": ""https://pair.ubc.ca/wp-json/wp/v2/users/1553""}], ""replies"": [{""embeddable"": true, ""href"": ""https://pair.ubc.ca/wp-json/wp/v2/comments?post=3025""}], ""version-history"": [{""count"": 10, ""href"": ""https://pair.ubc.ca/wp-json/wp/v2/pages/3025/revisions""}], ""predecessor-version"": [{""id"": 3422, ""href"": ""https://pair.ubc.ca/wp-json/wp/v2/pages/3025/revisions/3422""}], ""up"": [{""embeddable"": true, ""href"": ""https://pair.ubc.ca/wp-json/wp/v2/pages/12""}], ""wp:attachment"": [{""href"": ""https://pair.ubc.ca/wp-json/wp/v2/media?parent=3025""}], ""curies"": [{""name"": ""wp"", ""href"": ""https://api.w.org/{rel}"", ""templated"": true}]}"
3023,2025-03-13T14:51:52,2025-03-13T21:51:52,"{""rendered"": ""https://pair.ubc.ca/?page_id=3023""}",2025-08-21T15:51:46,2025-08-21T22:51:46,ccws,publish,page,https://pair.ubc.ca/surveys/ccws/,"{""rendered"": ""Canadian Campus Wellbeing Survey""}","{""rendered"": """", ""protected"": false}","{""rendered"": """", ""protected"": false}",1553,0,12,0,closed,closed,,"{""_acf_changed"": false, ""footnotes"": """"}","[""post-3023"", ""page"", ""type-page"", ""status-publish"", ""hentry""]",[],"{""self"": [{""href"": ""https://pair.ubc.ca/wp-json/wp/v2/pages/3023"", ""targetHints"": {""allow"": [""GET""]}}], ""collection"": [{""href"": ""https://pair.ubc.ca/wp-json/wp/v2/pages""}], ""about"": [{""href"": ""https://pair.ubc.ca/wp-json/wp/v2/types/page""}], ""author"": [{""embeddable"": true, ""href"": ""https://pair.ubc.ca/wp-json/wp/v2/users/1553""}], ""replies"": [{""embeddable"": true, ""href"": ""https://pair.ubc.ca/wp-json/wp/v2/comments?post=3023""}], ""version-history"": [{""count"": 5, ""href"": ""https://pair.ubc.ca/wp-json/wp/v2/pages/3023/revisions""}], ""predecessor-version"": [{""id"": 3152, ""href"": ""https://pair.ubc.ca/wp-json/wp/v2/pages/3023/revisions/3152""}], ""up"": [{""embeddable"": true, ""href"": ""https://pair.ubc.ca/wp-json/wp/v2/pages/12""}], ""wp:attachment"": [{""href"": ""https://pair.ubc.ca/wp-json/wp/v2/media?parent=3023""}], ""curies"": [{""name"": ""wp"", ""href"": ""https://api.w.org/{rel}"", ""templated"": true}]}"
2994,2025-03-13T10:22:28,2025-03-13T17:22:28,"{""rendered"": ""https://pair.ubc.ca/?page_id=2994""}",2026-06-08T12:06:19,2026-06-08T19:06:19,ues,publish,page,https://pair.ubc.ca/surveys/ues/,"{""rendered"": ""Undergraduate Experience Survey""}","{""rendered"": """", ""protected"": false}","{""rendered"": """", ""protected"": false}",1553,0,12,0,closed,closed,,"{""_acf_changed"": false, ""footnotes"": """"}","[""post-2994"", ""page"", ""type-page"", ""status-publish"", ""hentry""]",[],"{""self"": [{""href"": ""https://pair.ubc.ca/wp-json/wp/v2/pages/2994"", ""targetHints"": {""allow"": [""GET""]}}], ""collection"": [{""href"": ""https://pair.ubc.ca/wp-json/wp/v2/pages""}], ""about"": [{""href"": ""https://pair.ubc.ca/wp-json/wp/v2/types/page""}], ""author"": [{""embeddable"": true, ""href"": ""https://pair.ubc.ca/wp-json/wp/v2/users/1553""}], ""replies"": [{""embeddable"": true, ""href"": ""https://pair.ubc.ca/wp-json/wp/v2/comments?post=2994""}], ""version-history"": [{""count"": 26, ""href"": ""https://pair.ubc.ca/wp-json/wp/v2/pages/2994/revisions""}], ""predecessor-version"": [{""id"": 3415, ""href"": ""https://pair.ubc.ca/wp-json/wp/v2/pages/2994/revisions/3415""}], ""up"": [{""embeddable"": true, ""href"": ""https://pair.ubc.ca/wp-json/wp/v2/pages/12""}], ""wp:attachment"": [{""href"": ""https://pair.ubc.ca/wp-json/wp/v2/media?parent=2994""}], ""curies"": [{""name"": ""wp"", ""href"": ""https://api.w.org/{rel}"", ""templated"": true}]}"
2924,2024-11-29T09:53:14,2024-11-29T17:53:14,"{""rendered"": ""https://pair.ubc.ca/?page_id=2924""}",2025-04-09T11:30:04,2025-04-09T18:30:04,access-information,publish,page,https://pair.ubc.ca/surveys/sei/access-information/,"{""rendered"": ""Access Information""}","{""rendered"": """", ""protected"": false}","{""rendered"": """", ""protected"": false}",1553,0,2248,0,closed,closed,,"{""_acf_changed"": false, ""footnotes"": """"}","[""post-2924"", ""page"", ""type-page"", ""status-publish"", ""hentry""]",[],"{""self"": [{""href"": ""https://pair.ubc.ca/wp-json/wp/v2/pages/2924"", ""targetHints"": {""allow"": [""GET""]}}], ""collection"": [{""href"": ""https://pair.ubc.ca/wp-json/wp/v2/pages""}], ""about"": [{""href"": ""https://pair.ubc.ca/wp-json/wp/v2/types/page""}], ""author"": [{""embeddable"": true, ""href"": ""https://pair.ubc.ca/wp-json/wp/v2/users/1553""}], ""replies"": [{""embeddable"": true, ""href"": ""https://pair.ubc.ca/wp-json/wp/v2/comments?post=2924""}], ""version-history"": [{""count"": 8, ""href"": ""https://pair.ubc.ca/wp-json/wp/v2/pages/2924/revisions""}], ""predecessor-version"": [{""id"": 3074, ""href"": ""https://pair.ubc.ca/wp-json/wp/v2/pages/2924/revisions/3074""}], ""up"": [{""embeddable"": true, ""href"": ""https://pair.ubc.ca/wp-json/wp/v2/pages/2248""}], ""wp:attachment"": [{""href"": ""https://pair.ubc.ca/wp-json/wp/v2/media?parent=2924""}], ""curies"": [{""name"": ""wp"", ""href"": ""https://api.w.org/{rel}"", ""templated"": true}]}"
2248,2021-06-08T12:17:45,2021-06-08T19:17:45,"{""rendered"": ""https://pair.ubc.ca/?page_id=2248""}",2026-06-08T12:07:09,2026-06-08T19:07:09,sei,publish,page,https://pair.ubc.ca/surveys/sei/,"{""rendered"": ""Student Experience of Instruction""}","{""rendered"": """", ""protected"": false}","{""rendered"": """", ""protected"": false}",1553,0,12,0,closed,closed,,"{""_acf_changed"": false, ""footnotes"": """"}","[""post-2248"", ""page"", ""type-page"", ""status-publish"", ""hentry""]",[],"{""self"": [{""href"": ""https://pair.ubc.ca/wp-json/wp/v2/pages/2248"", ""targetHints"": {""allow"": [""GET""]}}], ""collection"": [{""href"": ""https://pair.ubc.ca/wp-json/wp/v2/pages""}], ""about"": [{""href"": ""https://pair.ubc.ca/wp-json/wp/v2/types/page""}], ""author"": [{""embeddable"": true, ""href"": ""https://pair.ubc.ca/wp-json/wp/v2/users/1553""}], ""replies"": [{""embeddable"": true, ""href"": ""https://pair.ubc.ca/wp-json/wp/v2/comments?post=2248""}], ""version-history"": [{""count"": 21, ""href"": ""https://pair.ubc.ca/wp-json/wp/v2/pages/2248/revisions""}], ""predecessor-version"": [{""id"": 3417, ""href"": ""https://pair.ubc.ca/wp-json/wp/v2/pages/2248/revisions/3417""}], ""up"": [{""embeddable"": true, ""href"": ""https://pair.ubc.ca/wp-json/wp/v2/pages/12""}], ""wp:attachment"": [{""href"": ""https://pair.ubc.ca/wp-json/wp/v2/media?parent=2248""}], ""curies"": [{""name"": ""wp"", ""href"": ""https://api.w.org/{rel}"", ""templated"": true}]}"
2209,2021-05-11T10:36:33,2021-05-11T17:36:33,"{""rendered"": ""https://pair.ubc.ca/?page_id=2209""}",2026-06-08T12:04:18,2026-06-08T19:04:18,course-enrolments,publish,page,https://pair.ubc.ca/student-data-analytics/enrolment/course-enrolments/,"{""rendered"": ""Course Enrolments""}","{""rendered"": """", ""protected"": false}","{""rendered"": """", ""protected"": false}",1553,0,34,0,closed,closed,,"{""_acf_changed"": false, ""footnotes"": """"}","[""post-2209"", ""page"", ""type-page"", ""status-publish"", ""hentry""]",[],"{""self"": [{""href"": ""https://pair.ubc.ca/wp-json/wp/v2/pages/2209"", ""targetHints"": {""allow"": [""GET""]}}], ""collection"": [{""href"": ""https://pair.ubc.ca/wp-json/wp/v2/pages""}], ""about"": [{""href"": ""https://pair.ubc.ca/wp-json/wp/v2/types/page""}], ""author"": [{""embeddable"": true, ""href"": ""https://pair.ubc.ca/wp-json/wp/v2/users/1553""}], ""replies"": [{""embeddable"": true, ""href"": ""https://pair.ubc.ca/wp-json/wp/v2/comments?post=2209""}], ""version-history"": [{""count"": 6, ""href"": ""https://pair.ubc.ca/wp-json/wp/v2/pages/2209/revisions""}], ""predecessor-version"": [{""id"": 3410, ""href"": ""https://pair.ubc.ca/wp-json/wp/v2/pages/2209/revisions/3410""}], ""up"": [{""embeddable"": true, ""href"": ""https://pair.ubc.ca/wp-json/wp/v2/pages/34""}], ""wp:attachment"": [{""href"": ""https://pair.ubc.ca/wp-json/wp/v2/media?parent=2209""}], ""curies"": [{""name"": ""wp"", ""href"": ""https://api.w.org/{rel}"", ""templated"": true}]}"
2195,2021-05-07T11:55:22,2021-05-07T18:55:22,"{""rendered"": ""https://pair.ubc.ca/?page_id=2195""}",2026-06-08T12:04:01,2026-06-08T19:04:01,program-enrolments,publish,page,https://pair.ubc.ca/student-data-analytics/enrolment/program-enrolments/,"{""rendered"": ""Program Enrolments""}","{""rendered"": """", ""protected"": false}","{""rendered"": """", ""protected"": false}",1553,0,34,0,closed,closed,,"{""_acf_changed"": false, ""footnotes"": """"}","[""post-2195"", ""page"", ""type-page"", ""status-publish"", ""hentry""]",[],"{""self"": [{""href"": ""https://pair.ubc.ca/wp-json/wp/v2/pages/2195"", ""targetHints"": {""allow"": [""GET""]}}], ""collection"": [{""href"": ""https://pair.ubc.ca/wp-json/wp/v2/pages""}], ""about"": [{""href"": ""https://pair.ubc.ca/wp-json/wp/v2/types/page""}], ""author"": [{""embeddable"": true, ""href"": ""https://pair.ubc.ca/wp-json/wp/v2/users/1553""}], ""replies"": [{""embeddable"": true, ""href"": ""https://pair.ubc.ca/wp-json/wp/v2/comments?post=2195""}], ""version-history"": [{""count"": 6, ""href"": ""https://pair.ubc.ca/wp-json/wp/v2/pages/2195/revisions""}], ""predecessor-version"": [{""id"": 3409, ""href"": ""https://pair.ubc.ca/wp-json/wp/v2/pages/2195/revisions/3409""}], ""up"": [{""embeddable"": true, ""href"": ""https://pair.ubc.ca/wp-json/wp/v2/pages/34""}], ""wp:attachment"": [{""href"": ""https://pair.ubc.ca/wp-json/wp/v2/media?parent=2195""}], ""curies"": [{""name"": ""wp"", ""href"": ""https://api.w.org/{rel}"", ""templated"": true}]}"
2079,2021-04-26T10:49:17,2021-04-26T17:49:17,"{""rendered"": ""https://pair.ubc.ca/?page_id=2079""}",2025-03-13T14:50:26,2025-03-13T21:50:26,canadian-campus-wellbeing-survey-completion,publish,page,https://pair.ubc.ca/surveys/canadian-campus-wellbeing-survey-completion/,"{""rendered"": ""Canadian Campus Wellbeing Survey""}","{""rendered"": """", ""protected"": false}","{""rendered"": """", ""protected"": false}",1553,0,12,0,closed,closed,,"{""_acf_changed"": false, ""footnotes"": """"}","[""post-2079"", ""page"", ""type-page"", ""status-publish"", ""hentry""]",[],"{""self"": [{""href"": ""https://pair.ubc.ca/wp-json/wp/v2/pages/2079"", ""targetHints"": {""allow"": [""GET""]}}], ""collection"": [{""href"": ""https://pair.ubc.ca/wp-json/wp/v2/pages""}], ""about"": [{""href"": ""https://pair.ubc.ca/wp-json/wp/v2/types/page""}], ""author"": [{""embeddable"": true, ""href"": ""https://pair.ubc.ca/wp-json/wp/v2/users/1553""}], ""replies"": [{""embeddable"": true, ""href"": ""https://pair.ubc.ca/wp-json/wp/v2/comments?post=2079""}], ""version-history"": [{""count"": 11, ""href"": ""https://pair.ubc.ca/wp-json/wp/v2/pages/2079/revisions""}], ""predecessor-version"": [{""id"": 3022, ""href"": ""https://pair.ubc.ca/wp-json/wp/v2/pages/2079/revisions/3022""}], ""up"": [{""embeddable"": true, ""href"": ""https://pair.ubc.ca/wp-json/wp/v2/pages/12""}], ""wp:attachment"": [{""href"": ""https://pair.ubc.ca/wp-json/wp/v2/media?parent=2079""}], ""curies"": [{""name"": ""wp"", ""href"": ""https://api.w.org/{rel}"", ""templated"": true}]}"
2067,2021-04-26T10:12:13,2021-04-26T17:12:13,"{""rendered"": ""https://pair.ubc.ca/?page_id=2067""}",2024-05-06T09:46:12,2024-05-06T16:46:12,ccws-staff-faculty,publish,page,https://pair.ubc.ca/surveys/ccws-staff-faculty/,"{""rendered"": ""CCWS &#8211; Faculty and Staff""}","{""rendered"": """", ""protected"": false}","{""rendered"": """", ""protected"": false}",1553,0,12,0,closed,closed,,"{""_acf_changed"": false, ""footnotes"": """"}","[""post-2067"", ""page"", ""type-page"", ""status-publish"", ""hentry""]",[],"{""self"": [{""href"": ""https://pair.ubc.ca/wp-json/wp/v2/pages/2067"", ""targetHints"": {""allow"": [""GET""]}}], ""collection"": [{""href"": ""https://pair.ubc.ca/wp-json/wp/v2/pages""}], ""about"": [{""href"": ""https://pair.ubc.ca/wp-json/wp/v2/types/page""}], ""author"": [{""embeddable"": true, ""href"": ""https://pair.ubc.ca/wp-json/wp/v2/users/1553""}], ""replies"": [{""embeddable"": true, ""href"": ""https://pair.ubc.ca/wp-json/wp/v2/comments?post=2067""}], ""version-history"": [{""count"": 33, ""href"": ""https://pair.ubc.ca/wp-json/wp/v2/pages/2067/revisions""}], ""predecessor-version"": [{""id"": 2841, ""href"": ""https://pair.ubc.ca/wp-json/wp/v2/pages/2067/revisions/2841""}], ""up"": [{""embeddable"": true, ""href"": ""https://pair.ubc.ca/wp-json/wp/v2/pages/12""}], ""wp:attachment"": [{""href"": ""https://pair.ubc.ca/wp-json/wp/v2/media?parent=2067""}], ""curies"": [{""name"": ""wp"", ""href"": ""https://api.w.org/{rel}"", ""templated"": true}]}"
1978,2021-04-06T13:02:49,2021-04-06T20:02:49,"{""rendered"": ""https://pair.ok.ubc.ca/?page_id=1978""}",2021-04-26T14:31:17,2021-04-26T21:31:17,survey-guide,publish,page,https://pair.ubc.ca/surveys/survey-governance/survey-support/survey-guide/,"{""rendered"": ""A General Guide to Administering Surveys""}","{""rendered"": """", ""protected"": false}","{""rendered"": """", ""protected"": false}",1553,0,1532,0,closed,closed,,"{""_acf_changed"": false, ""footnotes"": """"}","[""post-1978"", ""page"", ""type-page"", ""status-publish"", ""hentry""]",[],"{""self"": [{""href"": ""https://pair.ubc.ca/wp-json/wp/v2/pages/1978"", ""targetHints"": {""allow"": [""GET""]}}], ""collection"": [{""href"": ""https://pair.ubc.ca/wp-json/wp/v2/pages""}], ""about"": [{""href"": ""https://pair.ubc.ca/wp-json/wp/v2/types/page""}], ""author"": [{""embeddable"": true, ""href"": ""https://pair.ubc.ca/wp-json/wp/v2/users/1553""}], ""replies"": [{""embeddable"": true, ""href"": ""https://pair.ubc.ca/wp-json/wp/v2/comments?post=1978""}], ""version-history"": [{""count"": 19, ""href"": ""https://pair.ubc.ca/wp-json/wp/v2/pages/1978/revisions""}], ""predecessor-version"": [{""id"": 2094, ""href"": ""https://pair.ubc.ca/wp-json/wp/v2/pages/1978/revisions/2094""}], ""up"": [{""embeddable"": true, ""href"": ""https://pair.ubc.ca/wp-json/wp/v2/pages/1532""}], ""wp:attachment"": [{""href"": ""https://pair.ubc.ca/wp-json/wp/v2/media?parent=1978""}], ""curies"": [{""name"": ""wp"", ""href"": ""https://api.w.org/{rel}"", ""templated"": true}]}"
1936,2021-03-08T15:59:51,2021-03-08T23:59:51,"{""rendered"": ""https://pair.ok.ubc.ca/?page_id=1936""}",2026-06-08T12:00:07,2026-06-08T19:00:07,ubc-at-a-glance,publish,page,https://pair.ubc.ca/ubc-data-analytics/ubc-at-a-glance/,"{""rendered"": ""UBC at a Glance""}","{""rendered"": """", ""protected"": false}","{""rendered"": """", ""protected"": false}",1553,0,8,1,closed,closed,,"{""_acf_changed"": false, ""footnotes"": """"}","[""post-1936"", ""page"", ""type-page"", ""status-publish"", ""hentry""]",[],"{""self"": [{""href"": ""https://pair.ubc.ca/wp-json/wp/v2/pages/1936"", ""targetHints"": {""allow"": [""GET""]}}], ""collection"": [{""href"": ""https://pair.ubc.ca/wp-json/wp/v2/pages""}], ""about"": [{""href"": ""https://pair.ubc.ca/wp-json/wp/v2/types/page""}], ""author"": [{""embeddable"": true, ""href"": ""https://pair.ubc.ca/wp-json/wp/v2/users/1553""}], ""replies"": [{""embeddable"": true, ""href"": ""https://pair.ubc.ca/wp-json/wp/v2/comments?post=1936""}], ""version-history"": [{""count"": 17, ""href"": ""https://pair.ubc.ca/wp-json/wp/v2/pages/1936/revisions""}], ""predecessor-version"": [{""id"": 3400, ""href"": ""https://pair.ubc.ca/wp-json/wp/v2/pages/1936/revisions/3400""}], ""up"": [{""embeddable"": true, ""href"": ""https://pair.ubc.ca/wp-json/wp/v2/pages/8""}], ""wp:attachment"": [{""href"": ""https://pair.ubc.ca/wp-json/wp/v2/media?parent=1936""}], ""curies"": [{""name"": ""wp"", ""href"": ""https://api.w.org/{rel}"", ""templated"": true}]}"
1624,2020-12-14T12:05:46,2020-12-14T20:05:46,"{""rendered"": ""https://pair.ok.ubc.ca/?page_id=1624""}",2025-03-20T08:48:07,2025-03-20T15:48:07,survey-calendar,publish,page,https://pair.ubc.ca/surveys/survey-governance/survey-calendar/,"{""rendered"": ""Survey Calendar""}","{""rendered"": """", ""protected"": false}","{""rendered"": """", ""protected"": false}",167,0,332,4,closed,closed,,"{""_acf_changed"": false, ""footnotes"": """"}","[""post-1624"", ""page"", ""type-page"", ""status-publish"", ""hentry""]",[],"{""self"": [{""href"": ""https://pair.ubc.ca/wp-json/wp/v2/pages/1624"", ""targetHints"": {""allow"": [""GET""]}}], ""collection"": [{""href"": ""https://pair.ubc.ca/wp-json/wp/v2/pages""}], ""about"": [{""href"": ""https://pair.ubc.ca/wp-json/wp/v2/types/page""}], ""author"": [{""embeddable"": true, ""href"": ""https://pair.ubc.ca/wp-json/wp/v2/users/167""}], ""replies"": [{""embeddable"": true, ""href"": ""https://pair.ubc.ca/wp-json/wp/v2/comments?post=1624""}], ""version-history"": [{""count"": 26, ""href"": ""https://pair.ubc.ca/wp-json/wp/v2/pages/1624/revisions""}], ""predecessor-version"": [{""id"": 3057, ""href"": ""https://pair.ubc.ca/wp-json/wp/v2/pages/1624/revisions/3057""}], ""up"": [{""embeddable"": true, ""href"": ""https://pair.ubc.ca/wp-json/wp/v2/pages/332""}], ""wp:attachment"": [{""href"": ""https://pair.ubc.ca/wp-json/wp/v2/media?parent=1624""}], ""curies"": [{""name"": ""wp"", ""href"": ""https://api.w.org/{rel}"", ""templated"": true}]}"
1532,2020-12-02T12:57:30,2020-12-02T20:57:30,"{""rendered"": ""https://pair.ok.ubc.ca/?page_id=1532""}",2021-04-23T14:11:13,2021-04-23T21:11:13,survey-support,publish,page,https://pair.ubc.ca/surveys/survey-governance/survey-support/,"{""rendered"": ""Survey Support""}","{""rendered"": """", ""protected"": false}","{""rendered"": """", ""protected"": false}",1553,0,332,5,closed,closed,,"{""_acf_changed"": false, ""footnotes"": """"}","[""post-1532"", ""page"", ""type-page"", ""status-publish"", ""hentry""]",[],"{""self"": [{""href"": ""https://pair.ubc.ca/wp-json/wp/v2/pages/1532"", ""targetHints"": {""allow"": [""GET""]}}], ""collection"": [{""href"": ""https://pair.ubc.ca/wp-json/wp/v2/pages""}], ""about"": [{""href"": ""https://pair.ubc.ca/wp-json/wp/v2/types/page""}], ""author"": [{""embeddable"": true, ""href"": ""https://pair.ubc.ca/wp-json/wp/v2/users/1553""}], ""replies"": [{""embeddable"": true, ""href"": ""https://pair.ubc.ca/wp-json/wp/v2/comments?post=1532""}], ""version-history"": [{""count"": 13, ""href"": ""https://pair.ubc.ca/wp-json/wp/v2/pages/1532/revisions""}], ""predecessor-version"": [{""id"": 1989, ""href"": ""https://pair.ubc.ca/wp-json/wp/v2/pages/1532/revisions/1989""}], ""up"": [{""embeddable"": true, ""href"": ""https://pair.ubc.ca/wp-json/wp/v2/pages/332""}], ""wp:attachment"": [{""href"": ""https://pair.ubc.ca/wp-json/wp/v2/media?parent=1532""}], ""curies"": [{""name"": ""wp"", ""href"": ""https://api.w.org/{rel}"", ""templated"": true}]}"
340,2020-07-22T22:55:41,2020-07-23T05:55:41,"{""rendered"": ""https://pair.ok.ubc.ca/?page_id=340""}",2026-08-06T15:58:35,2026-08-06T22:58:35,membership,publish,page,https://pair.ubc.ca/surveys/survey-governance/membership/,"{""rendered"": ""Membership""}","{""rendered"": """", ""protected"": false}","{""rendered"": """", ""protected"": false}",167,0,332,2,closed,closed,,"{""_acf_changed"": false, ""footnotes"": """"}","[""post-340"", ""page"", ""type-page"", ""status-publish"", ""hentry""]",[],"{""self"": [{""href"": ""https://pair.ubc.ca/wp-json/wp/v2/pages/340"", ""targetHints"": {""allow"": [""GET""]}}], ""collection"": [{""href"": ""https://pair.ubc.ca/wp-json/wp/v2/pages""}], ""about"": [{""href"": ""https://pair.ubc.ca/wp-json/wp/v2/types/page""}], ""author"": [{""embeddable"": true, ""href"": ""https://pair.ubc.ca/wp-json/wp/v2/users/167""}], ""replies"": [{""embeddable"": true, ""href"": ""https://pair.ubc.ca/wp-json/wp/v2/comments?post=340""}], ""version-history"": [{""count"": 50, ""href"": ""https://pair.ubc.ca/wp-json/wp/v2/pages/340/revisions""}], ""predecessor-version"": [{""id"": 3502, ""href"": ""https://pair.ubc.ca/wp-json/wp/v2/pages/340/revisions/3502""}], ""up"": [{""embeddable"": true, ""href"": ""https://pair.ubc.ca/wp-json/wp/v2/pages/332""}], ""wp:attachment"": [{""href"": ""https://pair.ubc.ca/wp-json/wp/v2/media?parent=340""}], ""curies"": [{""name"": ""wp"", ""href"": ""https://api.w.org/{rel}"", ""templated"": true}]}"
334,2020-07-22T22:54:27,2020-07-23T05:54:27,"{""rendered"": ""https://pair.ok.ubc.ca/?page_id=334""}",2025-10-27T11:51:28,2025-10-27T18:51:28,terms-of-reference,publish,page,https://pair.ubc.ca/surveys/survey-governance/terms-of-reference/,"{""rendered"": ""Terms of Reference""}","{""rendered"": """", ""protected"": false}","{""rendered"": """", ""protected"": false}",167,0,332,2,closed,closed,,"{""_acf_changed"": false, ""footnotes"": """"}","[""post-334"", ""page"", ""type-page"", ""status-publish"", ""hentry""]",[],"{""self"": [{""href"": ""https://pair.ubc.ca/wp-json/wp/v2/pages/334"", ""targetHints"": {""allow"": [""GET""]}}], ""collection"": [{""href"": ""https://pair.ubc.ca/wp-json/wp/v2/pages""}], ""about"": [{""href"": ""https://pair.ubc.ca/wp-json/wp/v2/types/page""}], ""author"": [{""embeddable"": true, ""href"": ""https://pair.ubc.ca/wp-json/wp/v2/users/167""}], ""replies"": [{""embeddable"": true, ""href"": ""https://pair.ubc.ca/wp-json/wp/v2/comments?post=334""}], ""version-history"": [{""count"": 36, ""href"": ""https://pair.ubc.ca/wp-json/wp/v2/pages/334/revisions""}], ""predecessor-version"": [{""id"": 3184, ""href"": ""https://pair.ubc.ca/wp-json/wp/v2/pages/334/revisions/3184""}], ""up"": [{""embeddable"": true, ""href"": ""https://pair.ubc.ca/wp-json/wp/v2/pages/332""}], ""wp:attachment"": [{""href"": ""https://pair.ubc.ca/wp-json/wp/v2/media?parent=334""}], ""curies"": [{""name"": ""wp"", ""href"": ""https://api.w.org/{rel}"", ""templated"": true}]}"
332,2020-07-22T22:53:21,2020-07-23T05:53:21,"{""rendered"": ""https://pair.ok.ubc.ca/?page_id=332""}",2026-01-06T09:12:12,2026-01-06T17:12:12,survey-governance,publish,page,https://pair.ubc.ca/surveys/survey-governance/,"{""rendered"": ""Survey Governance""}","{""rendered"": """", ""protected"": false}","{""rendered"": """", ""protected"": false}",167,0,12,4,closed,closed,,"{""_acf_changed"": false, ""footnotes"": """"}","[""post-332"", ""page"", ""type-page"", ""status-publish"", ""hentry""]",[],"{""self"": [{""href"": ""https://pair.ubc.ca/wp-json/wp/v2/pages/332"", ""targetHints"": {""allow"": [""GET""]}}], ""collection"": [{""href"": ""https://pair.ubc.ca/wp-json/wp/v2/pages""}], ""about"": [{""href"": ""https://pair.ubc.ca/wp-json/wp/v2/types/page""}], ""author"": [{""embeddable"": true, ""href"": ""https://pair.ubc.ca/wp-json/wp/v2/users/167""}], ""replies"": [{""embeddable"": true, ""href"": ""https://pair.ubc.ca/wp-json/wp/v2/comments?post=332""}], ""version-history"": [{""count"": 51, ""href"": ""https://pair.ubc.ca/wp-json/wp/v2/pages/332/revisions""}], ""predecessor-version"": [{""id"": 3224, ""href"": ""https://pair.ubc.ca/wp-json/wp/v2/pages/332/revisions/3224""}], ""up"": [{""embeddable"": true, ""href"": ""https://pair.ubc.ca/wp-json/wp/v2/pages/12""}], ""wp:attachment"": [{""href"": ""https://pair.ubc.ca/wp-json/wp/v2/media?parent=332""}], ""curies"": [{""name"": ""wp"", ""href"": ""https://api.w.org/{rel}"", ""templated"": true}]}"
239,2020-06-25T15:05:19,2020-06-25T22:05:19,"{""rendered"": ""https://pair.ok.ubc.ca/?page_id=239""}",2026-06-08T12:05:30,2026-06-08T19:05:30,credentials-awarded,publish,page,https://pair.ubc.ca/student-data-analytics/performance/credentials-awarded/,"{""rendered"": ""Credentials Awarded""}","{""rendered"": """", ""protected"": false}","{""rendered"": """", ""protected"": false}",167,0,36,3,closed,closed,,"{""_acf_changed"": false, ""footnotes"": """"}","[""post-239"", ""page"", ""type-page"", ""status-publish"", ""hentry""]",[],"{""self"": [{""href"": ""https://pair.ubc.ca/wp-json/wp/v2/pages/239"", ""targetHints"": {""allow"": [""GET""]}}], ""collection"": [{""href"": ""https://pair.ubc.ca/wp-json/wp/v2/pages""}], ""about"": [{""href"": ""https://pair.ubc.ca/wp-json/wp/v2/types/page""}], ""author"": [{""embeddable"": true, ""href"": ""https://pair.ubc.ca/wp-json/wp/v2/users/167""}], ""replies"": [{""embeddable"": true, ""href"": ""https://pair.ubc.ca/wp-json/wp/v2/comments?post=239""}], ""version-history"": [{""count"": 9, ""href"": ""https://pair.ubc.ca/wp-json/wp/v2/pages/239/revisions""}], ""predecessor-version"": [{""id"": 3413, ""href"": ""https://pair.ubc.ca/wp-json/wp/v2/pages/239/revisions/3413""}], ""up"": [{""embeddable"": true, ""href"": ""https://pair.ubc.ca/wp-json/wp/v2/pages/36""}], ""wp:attachment"": [{""href"": ""https://pair.ubc.ca/wp-json/wp/v2/media?parent=239""}], ""curies"": [{""name"": ""wp"", ""href"": ""https://api.w.org/{rel}"", ""templated"": true}]}"
237,2020-06-25T15:05:03,2020-06-25T22:05:03,"{""rendered"": ""https://pair.ok.ubc.ca/?page_id=237""}",2026-06-08T12:05:08,2026-06-08T19:05:08,retention-and-graduation,publish,page,https://pair.ubc.ca/student-data-analytics/performance/retention-and-graduation/,"{""rendered"": ""Retention and Graduation""}","{""rendered"": """", ""protected"": false}","{""rendered"": """", ""protected"": false}",167,0,36,2,closed,closed,,"{""_acf_changed"": false, ""footnotes"": """"}","[""post-237"", ""page"", ""type-page"", ""status-publish"", ""hentry""]",[],"{""self"": [{""href"": ""https://pair.ubc.ca/wp-json/wp/v2/pages/237"", ""targetHints"": {""allow"": [""GET""]}}], ""collection"": [{""href"": ""https://pair.ubc.ca/wp-json/wp/v2/pages""}], ""about"": [{""href"": ""https://pair.ubc.ca/wp-json/wp/v2/types/page""}], ""author"": [{""embeddable"": true, ""href"": ""https://pair.ubc.ca/wp-json/wp/v2/users/167""}], ""replies"": [{""embeddable"": true, ""href"": ""https://pair.ubc.ca/wp-json/wp/v2/comments?post=237""}], ""version-history"": [{""count"": 9, ""href"": ""https://pair.ubc.ca/wp-json/wp/v2/pages/237/revisions""}], ""predecessor-version"": [{""id"": 3412, ""href"": ""https://pair.ubc.ca/wp-json/wp/v2/pages/237/revisions/3412""}], ""up"": [{""embeddable"": true, ""href"": ""https://pair.ubc.ca/wp-json/wp/v2/pages/36""}], ""wp:attachment"": [{""href"": ""https://pair.ubc.ca/wp-json/wp/v2/media?parent=237""}], ""curies"": [{""name"": ""wp"", ""href"": ""https://api.w.org/{rel}"", ""templated"": true}]}"
231,2020-06-25T15:03:31,2020-06-25T22:03:31,"{""rendered"": ""https://pair.ok.ubc.ca/?page_id=231""}",2026-03-04T09:16:45,2026-03-04T17:16:45,annual-enrolment-reports,publish,page,https://pair.ubc.ca/student-data-analytics/enrolment/annual-enrolment-reports/,"{""rendered"": ""Annual Enrolment Reports""}","{""rendered"": """", ""protected"": false}","{""rendered"": """", ""protected"": false}",167,0,34,9,closed,closed,,"{""_acf_changed"": false, ""footnotes"": """"}","[""post-231"", ""page"", ""type-page"", ""status-publish"", ""hentry""]",[],"{""self"": [{""href"": ""https://pair.ubc.ca/wp-json/wp/v2/pages/231"", ""targetHints"": {""allow"": [""GET""]}}], ""collection"": [{""href"": ""https://pair.ubc.ca/wp-json/wp/v2/pages""}], ""about"": [{""href"": ""https://pair.ubc.ca/wp-json/wp/v2/types/page""}], ""author"": [{""embeddable"": true, ""href"": ""https://pair.ubc.ca/wp-json/wp/v2/users/167""}], ""replies"": [{""embeddable"": true, ""href"": ""https://pair.ubc.ca/wp-json/wp/v2/comments?post=231""}], ""version-history"": [{""count"": 30, ""href"": ""https://pair.ubc.ca/wp-json/wp/v2/pages/231/revisions""}], ""predecessor-version"": [{""id"": 3282, ""href"": ""https://pair.ubc.ca/wp-json/wp/v2/pages/231/revisions/3282""}], ""up"": [{""embeddable"": true, ""href"": ""https://pair.ubc.ca/wp-json/wp/v2/pages/34""}], ""wp:attachment"": [{""href"": ""https://pair.ubc.ca/wp-json/wp/v2/media?parent=231""}], ""curies"": [{""name"": ""wp"", ""href"": ""https://api.w.org/{rel}"", ""templated"": true}]}"
203,2020-06-25T14:57:49,2020-06-25T21:57:49,"{""rendered"": ""https://pair.ok.ubc.ca/?page_id=203""}",2026-06-08T12:04:51,2026-06-08T19:04:51,demographics-overview,publish,page,https://pair.ubc.ca/student-data-analytics/demographics/demographics-overview/,"{""rendered"": ""Demographics Overview""}","{""rendered"": """", ""protected"": false}","{""rendered"": """", ""protected"": false}",167,0,32,0,closed,closed,,"{""_acf_changed"": false, ""footnotes"": """"}","[""post-203"", ""page"", ""type-page"", ""status-publish"", ""hentry""]",[],"{""self"": [{""href"": ""https://pair.ubc.ca/wp-json/wp/v2/pages/203"", ""targetHints"": {""allow"": [""GET""]}}], ""collection"": [{""href"": ""https://pair.ubc.ca/wp-json/wp/v2/pages""}], ""about"": [{""href"": ""https://pair.ubc.ca/wp-json/wp/v2/types/page""}], ""author"": [{""embeddable"": true, ""href"": ""https://pair.ubc.ca/wp-json/wp/v2/users/167""}], ""replies"": [{""embeddable"": true, ""href"": ""https://pair.ubc.ca/wp-json/wp/v2/comments?post=203""}], ""version-history"": [{""count"": 18, ""href"": ""https://pair.ubc.ca/wp-json/wp/v2/pages/203/revisions""}], ""predecessor-version"": [{""id"": 3411, ""href"": ""https://pair.ubc.ca/wp-json/wp/v2/pages/203/revisions/3411""}], ""up"": [{""embeddable"": true, ""href"": ""https://pair.ubc.ca/wp-json/wp/v2/pages/32""}], ""wp:attachment"": [{""href"": ""https://pair.ubc.ca/wp-json/wp/v2/media?parent=203""}], ""curies"": [{""name"": ""wp"", ""href"": ""https://api.w.org/{rel}"", ""templated"": true}]}"
121,2020-06-18T15:52:26,2020-06-18T22:52:26,"{""rendered"": ""https://pair.ok.ubc.ca/?page_id=121""}",2026-06-08T12:03:04,2026-06-08T19:03:04,admissions-tracking-report,publish,page,https://pair.ubc.ca/student-data-analytics/admissions-enrolment-planning/admissions-tracking-report/,"{""rendered"": ""Admissions Tracking Report""}","{""rendered"": """", ""protected"": false}","{""rendered"": """", ""protected"": false}",167,0,30,0,closed,closed,,"{""_acf_changed"": false, ""footnotes"": """"}","[""post-121"", ""page"", ""type-page"", ""status-publish"", ""hentry""]",[],"{""self"": [{""href"": ""https://pair.ubc.ca/wp-json/wp/v2/pages/121"", ""targetHints"": {""allow"": [""GET""]}}], ""collection"": [{""href"": ""https://pair.ubc.ca/wp-json/wp/v2/pages""}], ""about"": [{""href"": ""https://pair.ubc.ca/wp-json/wp/v2/types/page""}], ""author"": [{""embeddable"": true, ""href"": ""https://pair.ubc.ca/wp-json/wp/v2/users/167""}], ""replies"": [{""embeddable"": true, ""href"": ""https://pair.ubc.ca/wp-json/wp/v2/comments?post=121""}], ""version-history"": [{""count"": 38, ""href"": ""https://pair.ubc.ca/wp-json/wp/v2/pages/121/revisions""}], ""predecessor-version"": [{""id"": 3408, ""href"": ""https://pair.ubc.ca/wp-json/wp/v2/pages/121/revisions/3408""}], ""up"": [{""embeddable"": true, ""href"": ""https://pair.ubc.ca/wp-json/wp/v2/pages/30""}], ""wp:attachment"": [{""href"": ""https://pair.ubc.ca/wp-json/wp/v2/media?parent=121""}], ""curies"": [{""name"": ""wp"", ""href"": ""https://api.w.org/{rel}"", ""templated"": true}]}"
50,2020-06-18T11:14:44,2020-06-18T18:14:44,"{""rendered"": ""https://pair.ok.ubc.ca/?page_id=50""}",2020-10-05T10:41:57,2020-10-05T17:41:57,news,publish,page,https://pair.ubc.ca/about/news/,"{""rendered"": ""News""}","{""rendered"": """", ""protected"": false}","{""rendered"": """", ""protected"": false}",167,0,14,2,closed,closed,page-news.php,"{""_acf_changed"": false, ""footnotes"": """"}","[""post-50"", ""page"", ""type-page"", ""status-publish"", ""hentry""]",[],"{""self"": [{""href"": ""https://pair.ubc.ca/wp-json/wp/v2/pages/50"", ""targetHints"": {""allow"": [""GET""]}}], ""collection"": [{""href"": ""https://pair.ubc.ca/wp-json/wp/v2/pages""}], ""about"": [{""href"": ""https://pair.ubc.ca/wp-json/wp/v2/types/page""}], ""author"": [{""embeddable"": true, ""href"": ""https://pair.ubc.ca/wp-json/wp/v2/users/167""}], ""replies"": [{""embeddable"": true, ""href"": ""https://pair.ubc.ca/wp-json/wp/v2/comments?post=50""}], ""version-history"": [{""count"": 1, ""href"": ""https://pair.ubc.ca/wp-json/wp/v2/pages/50/revisions""}], ""predecessor-version"": [{""id"": 51, ""href"": ""https://pair.ubc.ca/wp-json/wp/v2/pages/50/revisions/51""}], ""up"": [{""embeddable"": true, ""href"": ""https://pair.ubc.ca/wp-json/wp/v2/pages/14""}], ""wp:attachment"": [{""href"": ""https://pair.ubc.ca/wp-json/wp/v2/media?parent=50""}], ""curies"": [{""name"": ""wp"", ""href"": ""https://api.w.org/{rel}"", ""templated"": true}]}"
48,2020-06-18T11:14:15,2020-06-18T18:14:15,"{""rendered"": ""https://pair.ok.ubc.ca/?page_id=48""}",2026-07-13T15:15:40,2026-07-13T22:15:40,contact-us,publish,page,https://pair.ubc.ca/about/contact-us/,"{""rendered"": ""Contact Us""}","{""rendered"": """", ""protected"": false}","{""rendered"": """", ""protected"": false}",167,0,14,1,closed,closed,,"{""_acf_changed"": false, ""footnotes"": """"}","[""post-48"", ""page"", ""type-page"", ""status-publish"", ""hentry""]",[],"{""self"": [{""href"": ""https://pair.ubc.ca/wp-json/wp/v2/pages/48"", ""targetHints"": {""allow"": [""GET""]}}], ""collection"": [{""href"": ""https://pair.ubc.ca/wp-json/wp/v2/pages""}], ""about"": [{""href"": ""https://pair.ubc.ca/wp-json/wp/v2/types/page""}], ""author"": [{""embeddable"": true, ""href"": ""https://pair.ubc.ca/wp-json/wp/v2/users/167""}], ""replies"": [{""embeddable"": true, ""href"": ""https://pair.ubc.ca/wp-json/wp/v2/comments?post=48""}], ""version-history"": [{""count"": 51, ""href"": ""https://pair.ubc.ca/wp-json/wp/v2/pages/48/revisions""}], ""predecessor-version"": [{""id"": 3450, ""href"": ""https://pair.ubc.ca/wp-json/wp/v2/pages/48/revisions/3450""}], ""up"": [{""embeddable"": true, ""href"": ""https://pair.ubc.ca/wp-json/wp/v2/pages/14""}], ""wp:attachment"": [{""href"": ""https://pair.ubc.ca/wp-json/wp/v2/media?parent=48""}], ""curies"": [{""name"": ""wp"", ""href"": ""https://api.w.org/{rel}"", ""templated"": true}]}"
46,2020-06-18T11:14:02,2020-06-18T18:14:02,"{""rendered"": ""https://pair.ok.ubc.ca/?page_id=46""}",2026-02-26T10:26:19,2026-02-26T18:26:19,what-we-do,publish,page,https://pair.ubc.ca/about/what-we-do/,"{""rendered"": ""What We Do""}","{""rendered"": """", ""protected"": false}","{""rendered"": """", ""protected"": false}",167,541,14,0,closed,closed,,"{""_acf_changed"": false, ""footnotes"": """"}","[""post-46"", ""page"", ""type-page"", ""status-publish"", ""has-post-thumbnail"", ""hentry""]",[],"{""self"": [{""href"": ""https://pair.ubc.ca/wp-json/wp/v2/pages/46"", ""targetHints"": {""allow"": [""GET""]}}], ""collection"": [{""href"": ""https://pair.ubc.ca/wp-json/wp/v2/pages""}], ""about"": [{""href"": ""https://pair.ubc.ca/wp-json/wp/v2/types/page""}], ""author"": [{""embeddable"": true, ""href"": ""https://pair.ubc.ca/wp-json/wp/v2/users/167""}], ""replies"": [{""embeddable"": true, ""href"": ""https://pair.ubc.ca/wp-json/wp/v2/comments?post=46""}], ""version-history"": [{""count"": 50, ""href"": ""https://pair.ubc.ca/wp-json/wp/v2/pages/46/revisions""}], ""predecessor-version"": [{""id"": 3273, ""href"": ""https://pair.ubc.ca/wp-json/wp/v2/pages/46/revisions/3273""}], ""up"": [{""embeddable"": true, ""href"": ""https://pair.ubc.ca/wp-json/wp/v2/pages/14""}], ""wp:featuredmedia"": [{""embeddable"": true, ""href"": ""https://pair.ubc.ca/wp-json/wp/v2/media/541""}], ""wp:attachment"": [{""href"": ""https://pair.ubc.ca/wp-json/wp/v2/media?parent=46""}], ""curies"": [{""name"": ""wp"", ""href"": ""https://api.w.org/{rel}"", ""templated"": true}]}"
42,2020-06-18T11:12:48,2020-06-18T18:12:48,"{""rendered"": ""https://pair.ok.ubc.ca/?page_id=42""}",2025-03-13T15:24:32,2025-03-13T22:24:32,bgs,publish,page,https://pair.ubc.ca/surveys/bgs/,"{""rendered"": ""Baccalaureate Graduate Survey""}","{""rendered"": """", ""protected"": false}","{""rendered"": """", ""protected"": false}",167,0,12,2,closed,closed,,"{""_acf_changed"": false, ""footnotes"": """"}","[""post-42"", ""page"", ""type-page"", ""status-publish"", ""hentry""]",[],"{""self"": [{""href"": ""https://pair.ubc.ca/wp-json/wp/v2/pages/42"", ""targetHints"": {""allow"": [""GET""]}}], ""collection"": [{""href"": ""https://pair.ubc.ca/wp-json/wp/v2/pages""}], ""about"": [{""href"": ""https://pair.ubc.ca/wp-json/wp/v2/types/page""}], ""author"": [{""embeddable"": true, ""href"": ""https://pair.ubc.ca/wp-json/wp/v2/users/167""}], ""replies"": [{""embeddable"": true, ""href"": ""https://pair.ubc.ca/wp-json/wp/v2/comments?post=42""}], ""version-history"": [{""count"": 25, ""href"": ""https://pair.ubc.ca/wp-json/wp/v2/pages/42/revisions""}], ""predecessor-version"": [{""id"": 3036, ""href"": ""https://pair.ubc.ca/wp-json/wp/v2/pages/42/revisions/3036""}], ""up"": [{""embeddable"": true, ""href"": ""https://pair.ubc.ca/wp-json/wp/v2/pages/12""}], ""wp:attachment"": [{""href"": ""https://pair.ubc.ca/wp-json/wp/v2/media?parent=42""}], ""curies"": [{""name"": ""wp"", ""href"": ""https://api.w.org/{rel}"", ""templated"": true}]}"
38,2020-06-18T11:12:22,2020-06-18T18:12:22,"{""rendered"": ""https://pair.ok.ubc.ca/?page_id=38""}",2026-08-06T12:06:29,2026-08-06T19:06:29,nubc,publish,page,https://pair.ubc.ca/surveys/nubc/,"{""rendered"": ""New to UBC Survey""}","{""rendered"": """", ""protected"": false}","{""rendered"": """", ""protected"": false}",167,0,12,0,closed,closed,,"{""_acf_changed"": false, ""footnotes"": """"}","[""post-38"", ""page"", ""type-page"", ""status-publish"", ""hentry""]",[],"{""self"": [{""href"": ""https://pair.ubc.ca/wp-json/wp/v2/pages/38"", ""targetHints"": {""allow"": [""GET""]}}], ""collection"": [{""href"": ""https://pair.ubc.ca/wp-json/wp/v2/pages""}], ""about"": [{""href"": ""https://pair.ubc.ca/wp-json/wp/v2/types/page""}], ""author"": [{""embeddable"": true, ""href"": ""https://pair.ubc.ca/wp-json/wp/v2/users/167""}], ""replies"": [{""embeddable"": true, ""href"": ""https://pair.ubc.ca/wp-json/wp/v2/comments?post=38""}], ""version-history"": [{""count"": 50, ""href"": ""https://pair.ubc.ca/wp-json/wp/v2/pages/38/revisions""}], ""predecessor-version"": [{""id"": 3501, ""href"": ""https://pair.ubc.ca/wp-json/wp/v2/pages/38/revisions/3501""}], ""up"": [{""embeddable"": true, ""href"": ""https://pair.ubc.ca/wp-json/wp/v2/pages/12""}], ""wp:attachment"": [{""href"": ""https://pair.ubc.ca/wp-json/wp/v2/media?parent=38""}], ""curies"": [{""name"": ""wp"", ""href"": ""https://api.w.org/{rel}"", ""templated"": true}]}"
36,2020-06-18T11:12:01,2020-06-18T18:12:01,"{""rendered"": ""https://pair.ok.ubc.ca/?page_id=36""}",2026-04-16T13:34:36,2026-04-16T20:34:36,performance,publish,page,https://pair.ubc.ca/student-data-analytics/performance/,"{""rendered"": ""Performance""}","{""rendered"": """", ""protected"": false}","{""rendered"": """", ""protected"": false}",167,0,10,3,closed,closed,,"{""_acf_changed"": false, ""footnotes"": """"}","[""post-36"", ""page"", ""type-page"", ""status-publish"", ""hentry""]",[],"{""self"": [{""href"": ""https://pair.ubc.ca/wp-json/wp/v2/pages/36"", ""targetHints"": {""allow"": [""GET""]}}], ""collection"": [{""href"": ""https://pair.ubc.ca/wp-json/wp/v2/pages""}], ""about"": [{""href"": ""https://pair.ubc.ca/wp-json/wp/v2/types/page""}], ""author"": [{""embeddable"": true, ""href"": ""https://pair.ubc.ca/wp-json/wp/v2/users/167""}], ""replies"": [{""embeddable"": true, ""href"": ""https://pair.ubc.ca/wp-json/wp/v2/comments?post=36""}], ""version-history"": [{""count"": 24, ""href"": ""https://pair.ubc.ca/wp-json/wp/v2/pages/36/revisions""}], ""predecessor-version"": [{""id"": 3323, ""href"": ""https://pair.ubc.ca/wp-json/wp/v2/pages/36/revisions/3323""}], ""up"": [{""embeddable"": true, ""href"": ""https://pair.ubc.ca/wp-json/wp/v2/pages/10""}], ""wp:attachment"": [{""href"": ""https://pair.ubc.ca/wp-json/wp/v2/media?parent=36""}], ""curies"": [{""name"": ""wp"", ""href"": ""https://api.w.org/{rel}"", ""templated"": true}]}"
34,2020-06-18T11:11:43,2020-06-18T18:11:43,"{""rendered"": ""https://pair.ok.ubc.ca/?page_id=34""}",2026-07-14T13:54:21,2026-07-14T20:54:21,enrolment,publish,page,https://pair.ubc.ca/student-data-analytics/enrolment/,"{""rendered"": ""Enrolment""}","{""rendered"": """", ""protected"": false}","{""rendered"": """", ""protected"": false}",167,0,10,2,closed,closed,,"{""_acf_changed"": false, ""footnotes"": """"}","[""post-34"", ""page"", ""type-page"", ""status-publish"", ""hentry""]",[],"{""self"": [{""href"": ""https://pair.ubc.ca/wp-json/wp/v2/pages/34"", ""targetHints"": {""allow"": [""GET""]}}], ""collection"": [{""href"": ""https://pair.ubc.ca/wp-json/wp/v2/pages""}], ""about"": [{""href"": ""https://pair.ubc.ca/wp-json/wp/v2/types/page""}], ""author"": [{""embeddable"": true, ""href"": ""https://pair.ubc.ca/wp-json/wp/v2/users/167""}], ""replies"": [{""embeddable"": true, ""href"": ""https://pair.ubc.ca/wp-json/wp/v2/comments?post=34""}], ""version-history"": [{""count"": 35, ""href"": ""https://pair.ubc.ca/wp-json/wp/v2/pages/34/revisions""}], ""predecessor-version"": [{""id"": 3457, ""href"": ""https://pair.ubc.ca/wp-json/wp/v2/pages/34/revisions/3457""}], ""up"": [{""embeddable"": true, ""href"": ""https://pair.ubc.ca/wp-json/wp/v2/pages/10""}], ""wp:attachment"": [{""href"": ""https://pair.ubc.ca/wp-json/wp/v2/media?parent=34""}], ""curies"": [{""name"": ""wp"", ""href"": ""https://api.w.org/{rel}"", ""templated"": true}]}"
32,2020-06-18T11:11:27,2020-06-18T18:11:27,"{""rendered"": ""https://pair.ok.ubc.ca/?page_id=32""}",2026-04-16T13:35:13,2026-04-16T20:35:13,demographics,publish,page,https://pair.ubc.ca/student-data-analytics/demographics/,"{""rendered"": ""Demographics""}","{""rendered"": """", ""protected"": false}","{""rendered"": """", ""protected"": false}",167,0,10,1,closed,closed,,"{""_acf_changed"": false, ""footnotes"": """"}","[""post-32"", ""page"", ""type-page"", ""status-publish"", ""hentry""]",[],"{""self"": [{""href"": ""https://pair.ubc.ca/wp-json/wp/v2/pages/32"", ""targetHints"": {""allow"": [""GET""]}}], ""collection"": [{""href"": ""https://pair.ubc.ca/wp-json/wp/v2/pages""}], ""about"": [{""href"": ""https://pair.ubc.ca/wp-json/wp/v2/types/page""}], ""author"": [{""embeddable"": true, ""href"": ""https://pair.ubc.ca/wp-json/wp/v2/users/167""}], ""replies"": [{""embeddable"": true, ""href"": ""https://pair.ubc.ca/wp-json/wp/v2/comments?post=32""}], ""version-history"": [{""count"": 12, ""href"": ""https://pair.ubc.ca/wp-json/wp/v2/pages/32/revisions""}], ""predecessor-version"": [{""id"": 3324, ""href"": ""https://pair.ubc.ca/wp-json/wp/v2/pages/32/revisions/3324""}], ""up"": [{""embeddable"": true, ""href"": ""https://pair.ubc.ca/wp-json/wp/v2/pages/10""}], ""wp:attachment"": [{""href"": ""https://pair.ubc.ca/wp-json/wp/v2/media?parent=32""}], ""curies"": [{""name"": ""wp"", ""href"": ""https://api.w.org/{rel}"", ""templated"": true}]}"
30,2020-06-18T11:11:04,2020-06-18T18:11:04,"{""rendered"": ""https://pair.ok.ubc.ca/?page_id=30""}",2026-07-31T11:43:42,2026-07-31T18:43:42,admissions-enrolment-planning,publish,page,https://pair.ubc.ca/student-data-analytics/admissions-enrolment-planning/,"{""rendered"": ""Admissions &amp; Enrolment Planning""}","{""rendered"": """", ""protected"": false}","{""rendered"": """", ""protected"": false}",167,0,10,0,closed,closed,,"{""_acf_changed"": false, ""footnotes"": """"}","[""post-30"", ""page"", ""type-page"", ""status-publish"", ""hentry""]",[],"{""self"": [{""href"": ""https://pair.ubc.ca/wp-json/wp/v2/pages/30"", ""targetHints"": {""allow"": [""GET""]}}], ""collection"": [{""href"": ""https://pair.ubc.ca/wp-json/wp/v2/pages""}], ""about"": [{""href"": ""https://pair.ubc.ca/wp-json/wp/v2/types/page""}], ""author"": [{""embeddable"": true, ""href"": ""https://pair.ubc.ca/wp-json/wp/v2/users/167""}], ""replies"": [{""embeddable"": true, ""href"": ""https://pair.ubc.ca/wp-json/wp/v2/comments?post=30""}], ""version-history"": [{""count"": 51, ""href"": ""https://pair.ubc.ca/wp-json/wp/v2/pages/30/revisions""}], ""predecessor-version"": [{""id"": 3488, ""href"": ""https://pair.ubc.ca/wp-json/wp/v2/pages/30/revisions/3488""}], ""up"": [{""embeddable"": true, ""href"": ""https://pair.ubc.ca/wp-json/wp/v2/pages/10""}], ""wp:attachment"": [{""href"": ""https://pair.ubc.ca/wp-json/wp/v2/media?parent=30""}], ""curies"": [{""name"": ""wp"", ""href"": ""https://api.w.org/{rel}"", ""templated"": true}]}"
28,2020-06-18T11:10:11,2020-06-18T18:10:11,"{""rendered"": ""https://pair.ok.ubc.ca/?page_id=28""}",2026-06-08T12:01:32,2026-06-08T19:01:32,faculty-of-arts-profiles,publish,page,https://pair.ubc.ca/ubc-data-analytics/department-profiles/faculty-of-arts-profiles/,"{""rendered"": ""Faculty of Arts Profiles""}","{""rendered"": """", ""protected"": false}","{""rendered"": """", ""protected"": false}",167,0,22,1,closed,closed,,"{""_acf_changed"": false, ""footnotes"": """"}","[""post-28"", ""page"", ""type-page"", ""status-publish"", ""hentry""]",[],"{""self"": [{""href"": ""https://pair.ubc.ca/wp-json/wp/v2/pages/28"", ""targetHints"": {""allow"": [""GET""]}}], ""collection"": [{""href"": ""https://pair.ubc.ca/wp-json/wp/v2/pages""}], ""about"": [{""href"": ""https://pair.ubc.ca/wp-json/wp/v2/types/page""}], ""author"": [{""embeddable"": true, ""href"": ""https://pair.ubc.ca/wp-json/wp/v2/users/167""}], ""replies"": [{""embeddable"": true, ""href"": ""https://pair.ubc.ca/wp-json/wp/v2/comments?post=28""}], ""version-history"": [{""count"": 16, ""href"": ""https://pair.ubc.ca/wp-json/wp/v2/pages/28/revisions""}], ""predecessor-version"": [{""id"": 3404, ""href"": ""https://pair.ubc.ca/wp-json/wp/v2/pages/28/revisions/3404""}], ""up"": [{""embeddable"": true, ""href"": ""https://pair.ubc.ca/wp-json/wp/v2/pages/22""}], ""wp:attachment"": [{""href"": ""https://pair.ubc.ca/wp-json/wp/v2/media?parent=28""}], ""curies"": [{""name"": ""wp"", ""href"": ""https://api.w.org/{rel}"", ""templated"": true}]}"
26,2020-06-18T11:09:53,2020-06-18T18:09:53,"{""rendered"": ""https://pair.ok.ubc.ca/?page_id=26""}",2026-06-08T12:01:10,2026-06-08T19:01:10,vancouver-faculty-department-profiles,publish,page,https://pair.ubc.ca/ubc-data-analytics/department-profiles/vancouver-faculty-department-profiles/,"{""rendered"": ""Vancouver Faculty &amp; Department Profiles""}","{""rendered"": """", ""protected"": false}","{""rendered"": """", ""protected"": false}",167,0,22,0,closed,closed,,"{""_acf_changed"": false, ""footnotes"": """"}","[""post-26"", ""page"", ""type-page"", ""status-publish"", ""hentry""]",[],"{""self"": [{""href"": ""https://pair.ubc.ca/wp-json/wp/v2/pages/26"", ""targetHints"": {""allow"": [""GET""]}}], ""collection"": [{""href"": ""https://pair.ubc.ca/wp-json/wp/v2/pages""}], ""about"": [{""href"": ""https://pair.ubc.ca/wp-json/wp/v2/types/page""}], ""author"": [{""embeddable"": true, ""href"": ""https://pair.ubc.ca/wp-json/wp/v2/users/167""}], ""replies"": [{""embeddable"": true, ""href"": ""https://pair.ubc.ca/wp-json/wp/v2/comments?post=26""}], ""version-history"": [{""count"": 35, ""href"": ""https://pair.ubc.ca/wp-json/wp/v2/pages/26/revisions""}], ""predecessor-version"": [{""id"": 3403, ""href"": ""https://pair.ubc.ca/wp-json/wp/v2/pages/26/revisions/3403""}], ""up"": [{""embeddable"": true, ""href"": ""https://pair.ubc.ca/wp-json/wp/v2/pages/22""}], ""wp:attachment"": [{""href"": ""https://pair.ubc.ca/wp-json/wp/v2/media?parent=26""}], ""curies"": [{""name"": ""wp"", ""href"": ""https://api.w.org/{rel}"", ""templated"": true}]}"
24,2020-06-18T11:09:36,2020-06-18T18:09:36,"{""rendered"": ""https://pair.ok.ubc.ca/?page_id=24""}",2026-01-07T12:02:40,2026-01-07T20:02:40,comparative-metrics,publish,page,https://pair.ubc.ca/ubc-data-analytics/comparative-metrics/,"{""rendered"": ""Comparative Metrics""}","{""rendered"": """", ""protected"": false}","{""rendered"": """", ""protected"": false}",167,0,8,4,closed,closed,,"{""_acf_changed"": false, ""footnotes"": """"}","[""post-24"", ""page"", ""type-page"", ""status-publish"", ""hentry""]",[],"{""self"": [{""href"": ""https://pair.ubc.ca/wp-json/wp/v2/pages/24"", ""targetHints"": {""allow"": [""GET""]}}], ""collection"": [{""href"": ""https://pair.ubc.ca/wp-json/wp/v2/pages""}], ""about"": [{""href"": ""https://pair.ubc.ca/wp-json/wp/v2/types/page""}], ""author"": [{""embeddable"": true, ""href"": ""https://pair.ubc.ca/wp-json/wp/v2/users/167""}], ""replies"": [{""embeddable"": true, ""href"": ""https://pair.ubc.ca/wp-json/wp/v2/comments?post=24""}], ""version-history"": [{""count"": 19, ""href"": ""https://pair.ubc.ca/wp-json/wp/v2/pages/24/revisions""}], ""predecessor-version"": [{""id"": 3226, ""href"": ""https://pair.ubc.ca/wp-json/wp/v2/pages/24/revisions/3226""}], ""up"": [{""embeddable"": true, ""href"": ""https://pair.ubc.ca/wp-json/wp/v2/pages/8""}], ""wp:attachment"": [{""href"": ""https://pair.ubc.ca/wp-json/wp/v2/media?parent=24""}], ""curies"": [{""name"": ""wp"", ""href"": ""https://api.w.org/{rel}"", ""templated"": true}]}"
22,2020-06-18T11:09:15,2020-06-18T18:09:15,"{""rendered"": ""https://pair.ok.ubc.ca/?page_id=22""}",2023-05-25T16:31:20,2023-05-25T23:31:20,department-profiles,publish,page,https://pair.ubc.ca/ubc-data-analytics/department-profiles/,"{""rendered"": ""Department Profiles""}","{""rendered"": """", ""protected"": false}","{""rendered"": """", ""protected"": false}",167,0,8,3,closed,closed,,"{""_acf_changed"": false, ""footnotes"": """"}","[""post-22"", ""page"", ""type-page"", ""status-publish"", ""hentry""]",[],"{""self"": [{""href"": ""https://pair.ubc.ca/wp-json/wp/v2/pages/22"", ""targetHints"": {""allow"": [""GET""]}}], ""collection"": [{""href"": ""https://pair.ubc.ca/wp-json/wp/v2/pages""}], ""about"": [{""href"": ""https://pair.ubc.ca/wp-json/wp/v2/types/page""}], ""author"": [{""embeddable"": true, ""href"": ""https://pair.ubc.ca/wp-json/wp/v2/users/167""}], ""replies"": [{""embeddable"": true, ""href"": ""https://pair.ubc.ca/wp-json/wp/v2/comments?post=22""}], ""version-history"": [{""count"": 17, ""href"": ""https://pair.ubc.ca/wp-json/wp/v2/pages/22/revisions""}], ""predecessor-version"": [{""id"": 2603, ""href"": ""https://pair.ubc.ca/wp-json/wp/v2/pages/22/revisions/2603""}], ""up"": [{""embeddable"": true, ""href"": ""https://pair.ubc.ca/wp-json/wp/v2/pages/8""}], ""wp:attachment"": [{""href"": ""https://pair.ubc.ca/wp-json/wp/v2/media?parent=22""}], ""curies"": [{""name"": ""wp"", ""href"": ""https://api.w.org/{rel}"", ""templated"": true}]}"
20,2020-06-18T11:08:55,2020-06-18T18:08:55,"{""rendered"": ""https://pair.ok.ubc.ca/?page_id=20""}",2026-06-08T12:00:46,2026-06-08T19:00:46,faculty-staff-data,publish,page,https://pair.ubc.ca/ubc-data-analytics/faculty-staff-data/,"{""rendered"": ""Faculty &amp; Staff Data""}","{""rendered"": """", ""protected"": false}","{""rendered"": """", ""protected"": false}",167,0,8,2,closed,closed,,"{""_acf_changed"": false, ""footnotes"": """"}","[""post-20"", ""page"", ""type-page"", ""status-publish"", ""hentry""]",[],"{""self"": [{""href"": ""https://pair.ubc.ca/wp-json/wp/v2/pages/20"", ""targetHints"": {""allow"": [""GET""]}}], ""collection"": [{""href"": ""https://pair.ubc.ca/wp-json/wp/v2/pages""}], ""about"": [{""href"": ""https://pair.ubc.ca/wp-json/wp/v2/types/page""}], ""author"": [{""embeddable"": true, ""href"": ""https://pair.ubc.ca/wp-json/wp/v2/users/167""}], ""replies"": [{""embeddable"": true, ""href"": ""https://pair.ubc.ca/wp-json/wp/v2/comments?post=20""}], ""version-history"": [{""count"": 19, ""href"": ""https://pair.ubc.ca/wp-json/wp/v2/pages/20/revisions""}], ""predecessor-version"": [{""id"": 3402, ""href"": ""https://pair.ubc.ca/wp-json/wp/v2/pages/20/revisions/3402""}], ""up"": [{""embeddable"": true, ""href"": ""https://pair.ubc.ca/wp-json/wp/v2/pages/8""}], ""wp:attachment"": [{""href"": ""https://pair.ubc.ca/wp-json/wp/v2/media?parent=20""}], ""curies"": [{""name"": ""wp"", ""href"": ""https://api.w.org/{rel}"", ""templated"": true}]}"
18,2020-06-18T11:08:34,2020-06-18T18:08:34,"{""rendered"": ""https://pair.ok.ubc.ca/?page_id=18""}",2026-06-17T11:54:32,2026-06-17T18:54:32,fact-sheets,publish,page,https://pair.ubc.ca/ubc-data-analytics/fact-sheets/,"{""rendered"": ""Fact Sheets""}","{""rendered"": """", ""protected"": false}","{""rendered"": """", ""protected"": false}",167,0,8,1,closed,closed,,"{""_acf_changed"": false, ""footnotes"": """"}","[""post-18"", ""page"", ""type-page"", ""status-publish"", ""hentry""]",[],"{""self"": [{""href"": ""https://pair.ubc.ca/wp-json/wp/v2/pages/18"", ""targetHints"": {""allow"": [""GET""]}}], ""collection"": [{""href"": ""https://pair.ubc.ca/wp-json/wp/v2/pages""}], ""about"": [{""href"": ""https://pair.ubc.ca/wp-json/wp/v2/types/page""}], ""author"": [{""embeddable"": true, ""href"": ""https://pair.ubc.ca/wp-json/wp/v2/users/167""}], ""replies"": [{""embeddable"": true, ""href"": ""https://pair.ubc.ca/wp-json/wp/v2/comments?post=18""}], ""version-history"": [{""count"": 48, ""href"": ""https://pair.ubc.ca/wp-json/wp/v2/pages/18/revisions""}], ""predecessor-version"": [{""id"": 3426, ""href"": ""https://pair.ubc.ca/wp-json/wp/v2/pages/18/revisions/3426""}], ""up"": [{""embeddable"": true, ""href"": ""https://pair.ubc.ca/wp-json/wp/v2/pages/8""}], ""wp:attachment"": [{""href"": ""https://pair.ubc.ca/wp-json/wp/v2/media?parent=18""}], ""curies"": [{""name"": ""wp"", ""href"": ""https://api.w.org/{rel}"", ""templated"": true}]}"
14,2020-06-18T10:08:32,2020-06-18T17:08:32,"{""rendered"": ""https://pair.ok.ubc.ca/?page_id=14""}",2026-02-26T10:27:22,2026-02-26T18:27:22,about,publish,page,https://pair.ubc.ca/about/,"{""rendered"": ""About""}","{""rendered"": """", ""protected"": false}","{""rendered"": """", ""protected"": false}",167,0,0,4,closed,closed,,"{""_acf_changed"": false, ""footnotes"": """"}","[""post-14"", ""page"", ""type-page"", ""status-publish"", ""hentry""]",[],"{""self"": [{""href"": ""https://pair.ubc.ca/wp-json/wp/v2/pages/14"", ""targetHints"": {""allow"": [""GET""]}}], ""collection"": [{""href"": ""https://pair.ubc.ca/wp-json/wp/v2/pages""}], ""about"": [{""href"": ""https://pair.ubc.ca/wp-json/wp/v2/types/page""}], ""author"": [{""embeddable"": true, ""href"": ""https://pair.ubc.ca/wp-json/wp/v2/users/167""}], ""replies"": [{""embeddable"": true, ""href"": ""https://pair.ubc.ca/wp-json/wp/v2/comments?post=14""}], ""version-history"": [{""count"": 35, ""href"": ""https://pair.ubc.ca/wp-json/wp/v2/pages/14/revisions""}], ""predecessor-version"": [{""id"": 3274, ""href"": ""https://pair.ubc.ca/wp-json/wp/v2/pages/14/revisions/3274""}], ""wp:attachment"": [{""href"": ""https://pair.ubc.ca/wp-json/wp/v2/media?parent=14""}], ""curies"": [{""name"": ""wp"", ""href"": ""https://api.w.org/{rel}"", ""templated"": true}]}"
12,2020-06-18T10:08:13,2020-06-18T17:08:13,"{""rendered"": ""https://pair.ok.ubc.ca/?page_id=12""}",2026-08-10T09:58:00,2026-08-10T16:58:00,surveys,publish,page,https://pair.ubc.ca/surveys/,"{""rendered"": ""Surveys""}","{""rendered"": """", ""protected"": false}","{""rendered"": """", ""protected"": false}",167,0,0,3,closed,closed,,"{""_acf_changed"": false, ""footnotes"": """"}","[""post-12"", ""page"", ""type-page"", ""status-publish"", ""hentry""]",[],"{""self"": [{""href"": ""https://pair.ubc.ca/wp-json/wp/v2/pages/12"", ""targetHints"": {""allow"": [""GET""]}}], ""collection"": [{""href"": ""https://pair.ubc.ca/wp-json/wp/v2/pages""}], ""about"": [{""href"": ""https://pair.ubc.ca/wp-json/wp/v2/types/page""}], ""author"": [{""embeddable"": true, ""href"": ""https://pair.ubc.ca/wp-json/wp/v2/users/167""}], ""replies"": [{""embeddable"": true, ""href"": ""https://pair.ubc.ca/wp-json/wp/v2/comments?post=12""}], ""version-history"": [{""count"": 50, ""href"": ""https://pair.ubc.ca/wp-json/wp/v2/pages/12/revisions""}], ""predecessor-version"": [{""id"": 3518, ""href"": ""https://pair.ubc.ca/wp-json/wp/v2/pages/12/revisions/3518""}], ""wp:attachment"": [{""href"": ""https://pair.ubc.ca/wp-json/wp/v2/media?parent=12""}], ""curies"": [{""name"": ""wp"", ""href"": ""https://api.w.org/{rel}"", ""templated"": true}]}"
10,2020-06-18T10:08:05,2020-06-18T17:08:05,"{""rendered"": ""https://pair.ok.ubc.ca/?page_id=10""}",2026-04-16T13:36:55,2026-04-16T20:36:55,student-data-analytics,publish,page,https://pair.ubc.ca/student-data-analytics/,"{""rendered"": ""Student Data &amp; Analytics""}","{""rendered"": """", ""protected"": false}","{""rendered"": """", ""protected"": false}",167,0,0,2,closed,closed,,"{""_acf_changed"": false, ""footnotes"": """"}","[""post-10"", ""page"", ""type-page"", ""status-publish"", ""hentry""]",[],"{""self"": [{""href"": ""https://pair.ubc.ca/wp-json/wp/v2/pages/10"", ""targetHints"": {""allow"": [""GET""]}}], ""collection"": [{""href"": ""https://pair.ubc.ca/wp-json/wp/v2/pages""}], ""about"": [{""href"": ""https://pair.ubc.ca/wp-json/wp/v2/types/page""}], ""author"": [{""embeddable"": true, ""href"": ""https://pair.ubc.ca/wp-json/wp/v2/users/167""}], ""replies"": [{""embeddable"": true, ""href"": ""https://pair.ubc.ca/wp-json/wp/v2/comments?post=10""}], ""version-history"": [{""count"": 14, ""href"": ""https://pair.ubc.ca/wp-json/wp/v2/pages/10/revisions""}], ""predecessor-version"": [{""id"": 3325, ""href"": ""https://pair.ubc.ca/wp-json/wp/v2/pages/10/revisions/3325""}], ""wp:attachment"": [{""href"": ""https://pair.ubc.ca/wp-json/wp/v2/media?parent=10""}], ""curies"": [{""name"": ""wp"", ""href"": ""https://api.w.org/{rel}"", ""templated"": true}]}"
8,2020-06-18T10:07:47,2020-06-18T17:07:47,"{""rendered"": ""https://pair.ok.ubc.ca/?page_id=8""}",2026-03-05T10:30:46,2026-03-05T18:30:46,ubc-data-analytics,publish,page,https://pair.ubc.ca/ubc-data-analytics/,"{""rendered"": ""UBC Data &amp; Analytics""}","{""rendered"": """", ""protected"": false}","{""rendered"": """", ""protected"": false}",167,0,0,1,closed,closed,,"{""_acf_changed"": false, ""footnotes"": """"}","[""post-8"", ""page"", ""type-page"", ""status-publish"", ""hentry""]",[],"{""self"": [{""href"": ""https://pair.ubc.ca/wp-json/wp/v2/pages/8"", ""targetHints"": {""allow"": [""GET""]}}], ""collection"": [{""href"": ""https://pair.ubc.ca/wp-json/wp/v2/pages""}], ""about"": [{""href"": ""https://pair.ubc.ca/wp-json/wp/v2/types/page""}], ""author"": [{""embeddable"": true, ""href"": ""https://pair.ubc.ca/wp-json/wp/v2/users/167""}], ""replies"": [{""embeddable"": true, ""href"": ""https://pair.ubc.ca/wp-json/wp/v2/comments?post=8""}], ""version-history"": [{""count"": 17, ""href"": ""https://pair.ubc.ca/wp-json/wp/v2/pages/8/revisions""}], ""predecessor-version"": [{""id"": 3285, ""href"": ""https://pair.ubc.ca/wp-json/wp/v2/pages/8/revisions/3285""}], ""wp:attachment"": [{""href"": ""https://pair.ubc.ca/wp-json/wp/v2/media?parent=8""}], ""curies"": [{""name"": ""wp"", ""href"": ""https://api.w.org/{rel}"", ""templated"": true}]}"
6,2020-06-18T10:04:58,2020-06-18T17:04:58,"{""rendered"": ""https://pair.ok.ubc.ca/?page_id=6""}",2026-03-05T15:33:59,2026-03-05T23:33:59,home,publish,page,https://pair.ubc.ca/,"{""rendered"": ""Home""}","{""rendered"": """", ""protected"": false}","{""rendered"": """", ""protected"": false}",167,0,0,0,closed,closed,page-home.php,"{""_acf_changed"": false, ""footnotes"": """"}","[""post-6"", ""page"", ""type-page"", ""status-publish"", ""hentry""]",[],"{""self"": [{""href"": ""https://pair.ubc.ca/wp-json/wp/v2/pages/6"", ""targetHints"": {""allow"": [""GET""]}}], ""collection"": [{""href"": ""https://pair.ubc.ca/wp-json/wp/v2/pages""}], ""about"": [{""href"": ""https://pair.ubc.ca/wp-json/wp/v2/types/page""}], ""author"": [{""embeddable"": true, ""href"": ""https://pair.ubc.ca/wp-json/wp/v2/users/167""}], ""replies"": [{""embeddable"": true, ""href"": ""https://pair.ubc.ca/wp-json/wp/v2/comments?post=6""}], ""version-history"": [{""count"": 51, ""href"": ""https://pair.ubc.ca/wp-json/wp/v2/pages/6/revisions""}], ""predecessor-version"": [{""id"": 3220, ""href"": ""https://pair.ubc.ca/wp-json/wp/v2/pages/6/revisions/3220""}], ""wp:attachment"": [{""href"": ""https://pair.ubc.ca/wp-json/wp/v2/media?parent=6""}], ""curies"": [{""name"": ""wp"", ""href"": ""https://api.w.org/{rel}"", ""templated"": true}]}"
