program_id,program,degrees,url,campus,area_key,area,matched_by,tuition_domestic,tuition_international,student_fees,lab_clinic_fees_domestic,lab_clinic_fees_international,books_supplies,educational_total_domestic,educational_total_international,custom_tuition_message
149486,Ancient Mediterranean and Near Eastern Studies,"[""Bachelor of Arts""]",https://you.ubc.ca/ubc_programs/ancient-mediterranean-near-eastern-studies/,vancouver,arts,Arts,exact:degree,6201.0,51530.0,1380.0,,,2200.0,9781.0,55110.0,
543,Anthropology,"[""Bachelor of Arts""]",https://you.ubc.ca/ubc_programs/anthropology-vancouver/,vancouver,arts,Arts,exact:degree,6201.0,51530.0,1380.0,,,2200.0,9781.0,55110.0,
545,Applied Animal Biology,"[""Bachelor of Science in Applied Biology""]",https://you.ubc.ca/ubc_programs/applied-animal-biology/,vancouver,land_food_systems_applied_biology,Land and Food Systems: Applied Biology,overlap:title,6614.0,56621.0,1366.0,,,2000.0,9980.0,59987.0,
539,Archaeology,"[""Bachelor of Arts""]",https://you.ubc.ca/ubc_programs/archaeology/,vancouver,arts,Arts,exact:degree,6201.0,51530.0,1380.0,,,2200.0,9781.0,55110.0,
549241,"Architecture, Landscape Architecture, and Urbanism","[""Bachelor of Design in Architecture, Landscape Architecture, and Urbanism""]",https://you.ubc.ca/ubc_programs/architecture-landscape-architecture-and-urbanism/,vancouver,design_architecture,"Design in Architecture, Landscape Architecture and Urbanism",exact:degree,9993.0,51905.0,1675.0,,,4200.0,15868.0,57780.0,
557,Art History,"[""Bachelor of Arts""]",https://you.ubc.ca/ubc_programs/art-history/,vancouver,arts,Arts,exact:degree,6201.0,51530.0,1380.0,,,2200.0,9781.0,55110.0,
552362,Asian Area Studies,"[""Bachelor of Arts""]",https://you.ubc.ca/ubc_programs/asian-area-studies/,vancouver,arts,Arts,exact:degree,6201.0,51530.0,1380.0,,,2200.0,9781.0,55110.0,
561,Asian Language and Culture,"[""Bachelor of Arts""]",https://you.ubc.ca/ubc_programs/asian-language-culture/,vancouver,arts,Arts,exact:degree,6201.0,51530.0,1380.0,,,2200.0,9781.0,55110.0,
552202,Astronomy,"[""Bachelor of Science""]",https://you.ubc.ca/ubc_programs/astronomy/,vancouver,science,Science,exact:degree,6201.0,53082.0,1358.0,,,1540.0,9099.0,55980.0,
565,Atmospheric Science,"[""Bachelor of Science""]",https://you.ubc.ca/ubc_programs/atmospheric-science/,vancouver,science,Science,exact:degree,6201.0,53082.0,1358.0,,,1540.0,9099.0,55980.0,
144977,Bachelor + Master of Management Dual Degree,"[""Bachelor of Arts"", ""Bachelor of Fine Arts"", ""Bachelor of Kinesiology"", ""Bachelor of Media Studies"", ""Bachelor of Music"", ""Bachelor of Science"", ""Bachelor of Science in Applied Biology"", ""Bachelor of Science in Food and Resource Economics"", ""Bachelor of Science in Food, Nutrition, and Health"", ""Bachelor of Science in Global Resource Systems"", ""Bachelor of Science in Wood Products Processing"", ""Master of Management""]",https://you.ubc.ca/ubc_programs/master-management-dual-degree/,vancouver,arts,Arts,exact:degree,6201.0,51530.0,1380.0,,,2200.0,9781.0,55110.0,
571,Biochemistry,"[""Bachelor of Science""]",https://you.ubc.ca/ubc_programs/biochemistry/,vancouver,science,Science,exact:degree,6201.0,53082.0,1358.0,,,1540.0,9099.0,55980.0,
560275,Bioeconomy Sciences and Technology,"[""Bachelor of Science in Natural Resources""]",https://you.ubc.ca/ubc_programs/bioeconomy-sciences-technology/,vancouver,forestry_natural_resources,Forestry: Natural Resources,overlap:degree,6201.0,53082.0,1375.0,,,1500.0,9076.0,55957.0,
575,Biology,"[""Bachelor of Science""]",https://you.ubc.ca/ubc_programs/biology-vancouver/,vancouver,science,Science,exact:degree,6201.0,53082.0,1358.0,,,1540.0,9099.0,55980.0,
560541,Biomedical Engineering,"[""Bachelor of Applied Science (Engineering)""]",https://you.ubc.ca/ubc_programs/biomedical-engineering/,vancouver,applied_science,Applied Science (Engineering),exact:degree,7648.0,66200.0,1513.25,,,800.0,9961.25,68513.25,
577,Biophysics,"[""Bachelor of Science""]",https://you.ubc.ca/ubc_programs/biophysics/,vancouver,science,Science,exact:degree,6201.0,53082.0,1358.0,,,1540.0,9099.0,55980.0,
579,Biotechnology,"[""Bachelor of Science""]",https://you.ubc.ca/ubc_programs/biotechnology/,vancouver,science,Science,exact:degree,6201.0,53082.0,1358.0,,,1540.0,9099.0,55980.0,
581,Business and Computer Science,"[""Bachelor of Commerce""]",https://you.ubc.ca/ubc_programs/business-computer-science/,vancouver,commerce,Commerce (Sauder School of Business),exact:degree,6201.0,66678.0,1663.0,,,1700.0,9564.0,70041.0,
570973,Business and Markets,"[""Bachelor of Science in Food and Resource Economics""]",https://you.ubc.ca/ubc_programs/business-and-markets/,vancouver,land_food_systems_food_resource_economics,Land and Food Systems: Food and Resource Economics,overlap:degree,6614.0,56621.0,1366.0,,,2000.0,9980.0,59987.0,
589,Canadian Studies,"[""Bachelor of Arts""]",https://you.ubc.ca/ubc_programs/canadian-studies/,vancouver,arts,Arts,exact:degree,6201.0,51530.0,1380.0,,,2200.0,9781.0,55110.0,
945,"Cellular, Anatomical, and Physiological Sciences","[""Bachelor of Science""]",https://you.ubc.ca/ubc_programs/cellular-anatomical-physiological-sciences/,vancouver,science,Science,exact:degree,6201.0,53082.0,1358.0,,,1540.0,9099.0,55980.0,
83801,Chemical Engineering,"[""Bachelor of Applied Science (Engineering)""]",https://you.ubc.ca/ubc_programs/chemical-engineering/,vancouver,applied_science,Applied Science (Engineering),exact:degree,7648.0,66200.0,1513.25,,,800.0,9961.25,68513.25,
593,Chemical and Biological Engineering,"[""Bachelor of Applied Science (Engineering)""]",https://you.ubc.ca/ubc_programs/chemical-biological-engineering/,vancouver,applied_science,Applied Science (Engineering),exact:degree,7648.0,66200.0,1513.25,,,800.0,9961.25,68513.25,
597,Chemistry,"[""Bachelor of Science""]",https://you.ubc.ca/ubc_programs/chemistry-vancouver/,vancouver,science,Science,exact:degree,6201.0,53082.0,1358.0,,,1540.0,9099.0,55980.0,
693,Cinema Studies,"[""Bachelor of Arts""]",https://you.ubc.ca/ubc_programs/cinema-studies/,vancouver,arts,Arts,exact:degree,6201.0,51530.0,1380.0,,,2200.0,9781.0,55110.0,
601,Civil Engineering,"[""Bachelor of Applied Science (Engineering)""]",https://you.ubc.ca/ubc_programs/civil-engineering-vancouver/,vancouver,applied_science,Applied Science (Engineering),exact:degree,7648.0,66200.0,1513.25,,,800.0,9961.25,68513.25,
607,Cognitive Systems (BA),"[""Bachelor of Arts""]",https://you.ubc.ca/ubc_programs/cognitive-systems-ba/,vancouver,arts,Arts,exact:degree,6201.0,51530.0,1380.0,,,2200.0,9781.0,55110.0,
609,Cognitive Systems (BSc),"[""Bachelor of Science""]",https://you.ubc.ca/ubc_programs/cognitive-systems-bsc/,vancouver,science,Science,exact:degree,6201.0,53082.0,1358.0,,,1540.0,9099.0,55980.0,
979,Combined Major in Science,"[""Bachelor of Science""]",https://you.ubc.ca/ubc_programs/science-combined-major/,vancouver,science,Science,exact:degree,6201.0,53082.0,1358.0,,,1540.0,9099.0,55980.0,
161502,Combined Majors in Statistics,"[""Bachelor of Arts"", ""Bachelor of Science""]",https://you.ubc.ca/ubc_programs/statistics-combined-majors/,vancouver,arts,Arts,exact:degree,6201.0,51530.0,1380.0,,,2200.0,9781.0,55110.0,
551378,Commerce,"[""Bachelor of Commerce""]",https://you.ubc.ca/ubc_programs/commerce/,vancouver,commerce,Commerce (Sauder School of Business),exact:title,6201.0,66678.0,1663.0,,,1700.0,9564.0,70041.0,
615,Computer Engineering,"[""Bachelor of Applied Science (Engineering)""]",https://you.ubc.ca/ubc_programs/computer-engineering/,vancouver,applied_science,Applied Science (Engineering),exact:degree,7648.0,66200.0,1513.25,,,800.0,9961.25,68513.25,
621,Computer Science (BA),"[""Bachelor of Arts""]",https://you.ubc.ca/ubc_programs/computer-science-vancouver-ba/,vancouver,arts,Arts,exact:degree,6201.0,51530.0,1380.0,,,2200.0,9781.0,55110.0,
623,Computer Science (BSc),"[""Bachelor of Science""]",https://you.ubc.ca/ubc_programs/computer-science-vancouver-bsc/,vancouver,computer_science,Computer Science (BSC),exact:title,6201.0,53082.0,1358.0,,,2500.0,10059.0,56940.0,
905,Conservation,"[""Bachelor of Science in Natural Resources""]",https://you.ubc.ca/ubc_programs/conservation/,vancouver,forestry_natural_resources,Forestry: Natural Resources,overlap:degree,6201.0,53082.0,1375.0,,,1500.0,9076.0,55957.0,
629,Creative Writing,"[""Bachelor of Fine Arts""]",https://you.ubc.ca/ubc_programs/creative-writing-vancouver/,vancouver,fine_arts,Fine Arts,exact:degree,6201.0,51530.0,1380.0,,,1800.0,9381.0,54710.0,
570977,Data Analytics,"[""Bachelor of Science in Food and Resource Economics""]",https://you.ubc.ca/ubc_programs/data-analytics/,vancouver,land_food_systems_food_resource_economics,Land and Food Systems: Food and Resource Economics,overlap:degree,6614.0,56621.0,1366.0,,,2000.0,9980.0,59987.0,
577276,Data Science,"[""Bachelor of Science""]",https://you.ubc.ca/ubc_programs/data-science-vancouver/,vancouver,science,Science,exact:degree,6201.0,53082.0,1358.0,,,1540.0,9099.0,55980.0,
637,Dental Hygiene,"[""Bachelor of Dental Science""]",https://you.ubc.ca/ubc_programs/dental-hygiene/,vancouver,dental_hygiene,Dental Hygiene,exact:title,6821.0,58390.0,1440.0,11808.0,11808.0,3904.0,23973.0,75542.0,
639,Dentistry,"[""Doctor of Dental Medicine""]",https://you.ubc.ca/ubc_programs/dentistry/,vancouver,dentistry,Dentistry (DMD),exact:title,21219.0,92910.0,1440.0,41617.0,48898.0,2730.0,67006.0,145978.0,
641,Dietetics,"[""Bachelor of Science in Food, Nutrition, and Health""]",https://you.ubc.ca/ubc_programs/dietetics/,vancouver,land_food_systems_food_nutrition_health,"Land and Food Systems: Food, Nutrition and Health",overlap:degree,6614.0,56621.0,1366.0,,,2000.0,9980.0,59987.0,
647,Earth and Ocean Sciences,"[""Bachelor of Science""]",https://you.ubc.ca/ubc_programs/earth-ocean-sciences/,vancouver,science,Science,exact:degree,6201.0,53082.0,1358.0,,,1540.0,9099.0,55980.0,
655,Economics,"[""Bachelor of Arts""]",https://you.ubc.ca/ubc_programs/economics-vancouver/,vancouver,arts,Arts,exact:degree,6201.0,51530.0,1380.0,,,2200.0,9781.0,55110.0,
901,Education: Indigenous Teacher Education Program (NITEP),"[""Bachelor of Education""]",https://you.ubc.ca/ubc_programs/education-nitep/,vancouver,education_nitep,Education: NITEP,overlap:title,6201.0,,1345.0,,,2750.0,10296.0,,
663,Electrical Engineering,"[""Bachelor of Applied Science (Engineering)""]",https://you.ubc.ca/ubc_programs/electrical-engineering-vancouver/,vancouver,applied_science,Applied Science (Engineering),exact:degree,7648.0,66200.0,1513.25,,,800.0,9961.25,68513.25,
667,Engineering Physics,"[""Bachelor of Applied Science (Engineering)""]",https://you.ubc.ca/ubc_programs/engineering-physics/,vancouver,applied_science,Applied Science (Engineering),exact:degree,7648.0,66200.0,1513.25,,,800.0,9961.25,68513.25,
671,English,"[""Bachelor of Arts""]",https://you.ubc.ca/ubc_programs/english-vancouver/,vancouver,arts,Arts,exact:degree,6201.0,51530.0,1380.0,,,2200.0,9781.0,55110.0,
562723,Environmental Engineering,"[""Bachelor of Applied Science (Engineering)""]",https://you.ubc.ca/ubc_programs/engineering-environmental/,vancouver,applied_science,Applied Science (Engineering),exact:degree,7648.0,66200.0,1513.25,,,800.0,9961.25,68513.25,
683,Environmental Engineering (joint UNBC/UBC),"[""Bachelor of Applied Science (Engineering)""]",https://you.ubc.ca/ubc_programs/environmental-engineering-joint-unbc-ubc/,vancouver,applied_science,Applied Science (Engineering),exact:degree,7648.0,66200.0,1513.25,,,800.0,9961.25,68513.25,
685,Environmental Sciences,"[""Bachelor of Science""]",https://you.ubc.ca/ubc_programs/environmental-sciences/,vancouver,science,Science,exact:degree,6201.0,53082.0,1358.0,,,1540.0,9099.0,55980.0,
691,Film Production,"[""Bachelor of Fine Arts""]",https://you.ubc.ca/ubc_programs/film-production/,vancouver,fine_arts,Fine Arts,exact:degree,6201.0,51530.0,1380.0,,,1800.0,9381.0,54710.0,
697,First Nations and Endangered Languages,"[""Bachelor of Arts""]",https://you.ubc.ca/ubc_programs/first-nations-endangered-languages/,vancouver,arts,Arts,exact:degree,6201.0,51530.0,1380.0,,,2200.0,9781.0,55110.0,
699,First Nations and Indigenous Studies,"[""Bachelor of Arts""]",https://you.ubc.ca/ubc_programs/first-nations-indigenous-studies/,vancouver,arts,Arts,exact:degree,6201.0,51530.0,1380.0,,,2200.0,9781.0,55110.0,
552201,Food Science,"[""Bachelor of Science in Food, Nutrition, and Health""]",https://you.ubc.ca/ubc_programs/food-science/,vancouver,land_food_systems_food_nutrition_health,"Land and Food Systems: Food, Nutrition and Health",overlap:degree,6614.0,56621.0,1366.0,,,2000.0,9980.0,59987.0,
703,Food and Nutritional Sciences,"[""Bachelor of Science in Food, Nutrition, and Health""]",https://you.ubc.ca/ubc_programs/food-nutritional-sciences/,vancouver,land_food_systems_food_nutrition_health,"Land and Food Systems: Food, Nutrition and Health",overlap:degree,6614.0,56621.0,1366.0,,,2000.0,9980.0,59987.0,
709,"Food, Nutrition, and Health","[""Bachelor of Science in Food, Nutrition, and Health""]",https://you.ubc.ca/ubc_programs/food-nutrition-and-health/,vancouver,land_food_systems_food_nutrition_health,"Land and Food Systems: Food, Nutrition and Health",overlap:title,6614.0,56621.0,1366.0,,,2000.0,9980.0,59987.0,
569489,Forest Management,"[""Bachelor of Science in Natural Resources""]",https://you.ubc.ca/ubc_programs/forest-management/,vancouver,forestry_natural_resources,Forestry: Natural Resources,overlap:degree,6201.0,53082.0,1375.0,,,1500.0,9076.0,55957.0,
711,Forest Operations,"[""Bachelor of Science in Natural Resources""]",https://you.ubc.ca/ubc_programs/forest-operations/,vancouver,forestry_natural_resources,Forestry: Natural Resources,overlap:degree,6201.0,53082.0,1375.0,,,1500.0,9076.0,55957.0,
715,Forest Sciences,"[""Bachelor of Science in Natural Resources""]",https://you.ubc.ca/ubc_programs/forest-sciences/,vancouver,forestry_natural_resources,Forestry: Natural Resources,overlap:degree,6201.0,53082.0,1375.0,,,1500.0,9076.0,55957.0,
721,French,"[""Bachelor of Arts""]",https://you.ubc.ca/ubc_programs/french-vancouver/,vancouver,arts,Arts,exact:degree,6201.0,51530.0,1380.0,,,2200.0,9781.0,55110.0,
1037,"Gender, Race, Sexuality, and Social Justice","[""Bachelor of Arts""]",https://you.ubc.ca/ubc_programs/gender-race-sexuality-social-justice/,vancouver,arts,Arts,exact:degree,6201.0,51530.0,1380.0,,,2200.0,9781.0,55110.0,
739,Geographical Sciences,"[""Bachelor of Science""]",https://you.ubc.ca/ubc_programs/geographical-sciences/,vancouver,science,Science,exact:degree,6201.0,53082.0,1358.0,,,1540.0,9099.0,55980.0,
743,Geography: Environment and Sustainability,"[""Bachelor of Arts""]",https://you.ubc.ca/ubc_programs/geo-environment-sustainability/,vancouver,arts,Arts,exact:degree,6201.0,51530.0,1380.0,,,2200.0,9781.0,55110.0,
745,Geography: Human Geography,"[""Bachelor of Arts""]",https://you.ubc.ca/ubc_programs/human-geography/,vancouver,arts,Arts,exact:degree,6201.0,51530.0,1380.0,,,2200.0,9781.0,55110.0,
747,Geological Engineering,"[""Bachelor of Applied Science (Engineering)""]",https://you.ubc.ca/ubc_programs/geological-engineering/,vancouver,applied_science,Applied Science (Engineering),exact:degree,7648.0,66200.0,1513.25,,,800.0,9961.25,68513.25,
749,Geology,"[""Bachelor of Science""]",https://you.ubc.ca/ubc_programs/geology/,vancouver,science,Science,exact:degree,6201.0,53082.0,1358.0,,,1540.0,9099.0,55980.0,
751,Geophysics,"[""Bachelor of Science""]",https://you.ubc.ca/ubc_programs/geophysics/,vancouver,science,Science,exact:degree,6201.0,53082.0,1358.0,,,1540.0,9099.0,55980.0,
753,German,"[""Bachelor of Arts""]",https://you.ubc.ca/ubc_programs/german/,vancouver,arts,Arts,exact:degree,6201.0,51530.0,1380.0,,,2200.0,9781.0,55110.0,
757,Global Resource Systems,"[""Bachelor of Science in Global Resource Systems""]",https://you.ubc.ca/ubc_programs/global-resource-systems/,vancouver,land_food_systems_global_resource_systems,Land and Food Systems: Global Resource Systems,overlap:title,6614.0,56621.0,1366.0,,,1800.0,9780.0,59787.0,
767,History,"[""Bachelor of Arts""]",https://you.ubc.ca/ubc_programs/history-vancouver/,vancouver,arts,Arts,exact:degree,6201.0,51530.0,1380.0,,,2200.0,9781.0,55110.0,
569692,Indigenous Land Stewardship,"[""Bachelor of Indigenous Land Stewardship""]",https://you.ubc.ca/ubc_programs/indigenous-land-stewardship/,vancouver,indigenous_land_stewardship,Indigenous Land Stewardship,exact:title,6821.0,58390.0,1375.0,,,1500.0,9696.0,61265.0,
779,Integrated Computer Science,"[""Bachelor of Computer Science""]",https://you.ubc.ca/ubc_programs/integrated-computer-science/,vancouver,computer_science,Computer Science (BSC),exact:degree,6201.0,53082.0,1358.0,,,2500.0,10059.0,56940.0,
781,Integrated Engineering,"[""Bachelor of Applied Science (Engineering)""]",https://you.ubc.ca/ubc_programs/integrated-engineering/,vancouver,applied_science,Applied Science (Engineering),exact:degree,7648.0,66200.0,1513.25,,,800.0,9961.25,68513.25,
783,Integrated Sciences,"[""Bachelor of Science""]",https://you.ubc.ca/ubc_programs/integrated-sciences/,vancouver,science,Science,exact:degree,6201.0,53082.0,1358.0,,,1540.0,9099.0,55980.0,
787,Interdisciplinary Studies,"[""Bachelor of Arts""]",https://you.ubc.ca/ubc_programs/interdisciplinary-studies/,vancouver,arts,Arts,exact:degree,6201.0,51530.0,1380.0,,,2200.0,9781.0,55110.0,
791,International Economics,"[""Bachelor of International Economics""]",https://you.ubc.ca/ubc_programs/international-economics/,vancouver,international_economics,International Economics,exact:title,9921.0,62338.0,1366.0,,,3350.0,14637.0,67054.0,
795,International Relations,"[""Bachelor of Arts""]",https://you.ubc.ca/ubc_programs/international-relations-vancouver/,vancouver,arts,Arts,exact:degree,6201.0,51530.0,1380.0,,,2200.0,9781.0,55110.0,
805,Kinesiology: Multidisciplinary Science,"[""Bachelor of Kinesiology""]",https://you.ubc.ca/ubc_programs/kinesiology-multidisciplinary-science/,vancouver,kinesiology,Kinesiology,exact:degree,6201.0,53082.0,1416.0,,,2200.0,9817.0,56698.0,
807,Kinesiology: Neuromechanical and Physiological Sciences,"[""Bachelor of Kinesiology""]",https://you.ubc.ca/ubc_programs/kinesiology-neuromechanical-physiological-sciences/,vancouver,kinesiology,Kinesiology,exact:degree,6201.0,53082.0,1416.0,,,2200.0,9817.0,56698.0,
809,Kinesiology: Social and Behavioural Sciences,"[""Bachelor of Kinesiology""]",https://you.ubc.ca/ubc_programs/kinesiology-social-behavioural-sciences/,vancouver,kinesiology,Kinesiology,exact:degree,6201.0,53082.0,1416.0,,,2200.0,9817.0,56698.0,
817,Latin American Studies,"[""Bachelor of Arts""]",https://you.ubc.ca/ubc_programs/latin-american-studies-vancouver/,vancouver,arts,Arts,exact:degree,6201.0,51530.0,1380.0,,,2200.0,9781.0,55110.0,
819,Law,"[""Juris Doctor""]",https://you.ubc.ca/ubc_programs/law/,vancouver,law,Law (JD),exact:title,14517.0,48180.0,1476.0,,,1850.0,17843.0,51506.0,
823,Linguistics,"[""Bachelor of Arts""]",https://you.ubc.ca/ubc_programs/linguistics/,vancouver,arts,Arts,exact:degree,6201.0,51530.0,1380.0,,,2200.0,9781.0,55110.0,
560625,Manufacturing Engineering,"[""Bachelor of Applied Science (Engineering)""]",https://you.ubc.ca/ubc_programs/manufacturing-engineering-vancouver/,vancouver,applied_science,Applied Science (Engineering),exact:degree,7648.0,66200.0,1513.25,,,800.0,9961.25,68513.25,
831,Materials Engineering,"[""Bachelor of Applied Science (Engineering)""]",https://you.ubc.ca/ubc_programs/materials-engineering/,vancouver,applied_science,Applied Science (Engineering),exact:degree,7648.0,66200.0,1513.25,,,800.0,9961.25,68513.25,
835,Mathematical Sciences,"[""Bachelor of Science""]",https://you.ubc.ca/ubc_programs/mathematical-sciences-vancouver/,vancouver,science,Science,exact:degree,6201.0,53082.0,1358.0,,,1540.0,9099.0,55980.0,
845,Mathematics (BA),"[""Bachelor of Arts""]",https://you.ubc.ca/ubc_programs/mathematics-vancouver-ba/,vancouver,arts,Arts,exact:degree,6201.0,51530.0,1380.0,,,2200.0,9781.0,55110.0,
847,Mathematics (BSc),"[""Bachelor of Science""]",https://you.ubc.ca/ubc_programs/mathematics-vancouver-bsc/,vancouver,science,Science,exact:degree,6201.0,53082.0,1358.0,,,1540.0,9099.0,55980.0,
837,Mathematics and Economics,"[""Bachelor of Science""]",https://you.ubc.ca/ubc_programs/mathematics-economics/,vancouver,science,Science,exact:degree,6201.0,53082.0,1358.0,,,1540.0,9099.0,55980.0,
853,Mechanical Engineering,"[""Bachelor of Applied Science (Engineering)""]",https://you.ubc.ca/ubc_programs/mechanical-engineering-vancouver/,vancouver,applied_science,Applied Science (Engineering),exact:degree,7648.0,66200.0,1513.25,,,800.0,9961.25,68513.25,
149747,Media Studies,"[""Bachelor of Media Studies""]",https://you.ubc.ca/ubc_programs/media-studies/,vancouver,media_studies,Media Studies,exact:title,8252.0,51530.0,1380.0,,,2120.0,11752.0,55030.0,
552197,Medical Laboratory Science,"[""Bachelor of Medical Laboratory Science""]",https://you.ubc.ca/ubc_programs/medical-laboratory-science/,vancouver,medical_laboratory_science,Medical Laboratory Science,exact:title,7854.0,67237.0,1383.0,,,600.0,9837.0,69220.0,
555222,Medicine,"[""Doctor of Medicine""]",https://you.ubc.ca/ubc_programs/medicine/,vancouver,medicine,Medicine (MD),exact:title,21219.0,,1383.0,,,4600.0,27202.0,,
863,Medieval Studies,"[""Bachelor of Arts""]",https://you.ubc.ca/ubc_programs/medieval-studies/,vancouver,arts,Arts,exact:degree,6201.0,51530.0,1380.0,,,2200.0,9781.0,55110.0,
865,Microbiology and Immunology,"[""Bachelor of Science""]",https://you.ubc.ca/ubc_programs/microbiology-immunology/,vancouver,science,Science,exact:degree,6201.0,53082.0,1358.0,,,1540.0,9099.0,55980.0,
871,Midwifery,"[""Bachelor of Midwifery""]",https://you.ubc.ca/ubc_programs/midwifery/,vancouver,midwifery,Midwifery,exact:title,7234.0,61929.0,1325.0,,,2765.0,11324.0,66019.0,
875,Mining Engineering,"[""Bachelor of Applied Science (Engineering)""]",https://you.ubc.ca/ubc_programs/mining-engineering/,vancouver,applied_science,Applied Science (Engineering),exact:degree,7648.0,66200.0,1513.25,,,800.0,9961.25,68513.25,
877,Modern European Studies,"[""Bachelor of Arts""]",https://you.ubc.ca/ubc_programs/modern-european-studies/,vancouver,arts,Arts,exact:degree,6201.0,51530.0,1380.0,,,2200.0,9781.0,55110.0,
883,Museum Studies,"[""Bachelor of Arts""]",https://you.ubc.ca/ubc_programs/museum-studies/,vancouver,arts,Arts,exact:degree,6201.0,51530.0,1380.0,,,2200.0,9781.0,55110.0,
893,Music,"[""Bachelor of Arts""]",https://you.ubc.ca/ubc_programs/music/,vancouver,music,Music,exact:title,7027.0,48780.0,1350.0,,,1760.0,10137.0,51890.0,
885,Music: Advanced Performance,"[""Bachelor of Music""]",https://you.ubc.ca/ubc_programs/music-advanced-performance/,vancouver,music,Music,exact:degree,7027.0,48780.0,1350.0,,,1760.0,10137.0,51890.0,
887,Music: Composition,"[""Bachelor of Music""]",https://you.ubc.ca/ubc_programs/music-composition/,vancouver,music,Music,exact:degree,7027.0,48780.0,1350.0,,,1760.0,10137.0,51890.0,
889,Music: General Studies,"[""Bachelor of Music""]",https://you.ubc.ca/ubc_programs/music-general-studies/,vancouver,music,Music,exact:degree,7027.0,48780.0,1350.0,,,1760.0,10137.0,51890.0,
891,Music: Scholarship,"[""Bachelor of Music""]",https://you.ubc.ca/ubc_programs/music-scholarship/,vancouver,music,Music,exact:degree,7027.0,48780.0,1350.0,,,1760.0,10137.0,51890.0,
568741,Neuroscience,"[""Bachelor of Science""]",https://you.ubc.ca/ubc_programs/neuroscience/,vancouver,science,Science,exact:degree,6201.0,53082.0,1358.0,,,1540.0,9099.0,55980.0,
913,Nursing,"[""Bachelor of Science in Nursing""]",https://you.ubc.ca/ubc_programs/nursing-vancouver/,vancouver,nursing,Nursing,exact:title,6201.0,,1447.0,,,3875.0,11523.0,,
915,Nutritional Sciences,"[""Bachelor of Science in Food, Nutrition, and Health""]",https://you.ubc.ca/ubc_programs/nutritional-sciences/,vancouver,land_food_systems_food_nutrition_health,"Land and Food Systems: Food, Nutrition and Health",overlap:degree,6614.0,56621.0,1366.0,,,2000.0,9980.0,59987.0,
921,Oceanography,"[""Bachelor of Science""]",https://you.ubc.ca/ubc_programs/oceanography/,vancouver,science,Science,exact:degree,6201.0,53082.0,1358.0,,,1540.0,9099.0,55980.0,
561295,Pharmaceutical Sciences,"[""Bachelor of Pharmaceutical Sciences""]",https://you.ubc.ca/ubc_programs/pharmaceutical-sciences/,vancouver,pharmaceutical_sciences,Pharmaceutical Sciences,exact:title,6201.0,53082.0,1414.0,,,1600.0,9215.0,56096.0,
927,Pharmacology,"[""Bachelor of Science""]",https://you.ubc.ca/ubc_programs/pharmacology/,vancouver,science,Science,exact:degree,6201.0,53082.0,1358.0,,,1540.0,9099.0,55980.0,
929,Pharmacy,"[""Doctor of Pharmacy""]",https://you.ubc.ca/ubc_programs/pharmacy/,vancouver,pharmacy,"Pharmacy, Entry-to-Practice (PharmD)",exact:title,20735.0,,2656.0,,,3200.0,26591.0,,
931,Philosophy,"[""Bachelor of Arts""]",https://you.ubc.ca/ubc_programs/philosophy-vancouver/,vancouver,arts,Arts,exact:degree,6201.0,51530.0,1380.0,,,2200.0,9781.0,55110.0,
943,Physics,"[""Bachelor of Science""]",https://you.ubc.ca/ubc_programs/physics-vancouver/,vancouver,science,Science,exact:degree,6201.0,53082.0,1358.0,,,1540.0,9099.0,55980.0,
949,Political Science,"[""Bachelor of Arts""]",https://you.ubc.ca/ubc_programs/political-science-vancouver/,vancouver,arts,Arts,exact:degree,6201.0,51530.0,1380.0,,,2200.0,9781.0,55110.0,
957,Psychology,"[""Bachelor of Arts""]",https://you.ubc.ca/ubc_programs/psychology-vancouver-ba/,vancouver,arts,Arts,exact:degree,6201.0,51530.0,1380.0,,,2200.0,9781.0,55110.0,
967,Religion,"[""Bachelor of Arts""]",https://you.ubc.ca/ubc_programs/religion/,vancouver,arts,Arts,exact:degree,6201.0,51530.0,1380.0,,,2200.0,9781.0,55110.0,
971,Romance Studies,"[""Bachelor of Arts""]",https://you.ubc.ca/ubc_programs/romance-studies/,vancouver,arts,Arts,exact:degree,6201.0,51530.0,1380.0,,,2200.0,9781.0,55110.0,
989,Social Work,"[""Bachelor of Social Work""]",https://you.ubc.ca/ubc_programs/social-work/,vancouver,social_work,Social Work,exact:title,6201.0,51530.0,1330.0,,,900.0,8431.0,53760.0,
993,Sociology,"[""Bachelor of Arts""]",https://you.ubc.ca/ubc_programs/sociology-vancouver/,vancouver,arts,Arts,exact:degree,6201.0,51530.0,1380.0,,,2200.0,9781.0,55110.0,
997,Spanish,"[""Bachelor of Arts""]",https://you.ubc.ca/ubc_programs/spanish-hispanic-studies/,vancouver,arts,Arts,exact:degree,6201.0,51530.0,1380.0,,,2200.0,9781.0,55110.0,
999,Speech Sciences,"[""Bachelor of Arts""]",https://you.ubc.ca/ubc_programs/speech-sciences/,vancouver,arts,Arts,exact:degree,6201.0,51530.0,1380.0,,,2200.0,9781.0,55110.0,
1003,Statistics,"[""Bachelor of Science""]",https://you.ubc.ca/ubc_programs/statistics-vancouver/,vancouver,science,Science,exact:degree,6201.0,53082.0,1358.0,,,1540.0,9099.0,55980.0,
1009,Theatre Studies,"[""Bachelor of Arts""]",https://you.ubc.ca/ubc_programs/theatre/,vancouver,arts,Arts,exact:degree,6201.0,51530.0,1380.0,,,2200.0,9781.0,55110.0,
1013,Theatre: Acting,"[""Bachelor of Fine Arts""]",https://you.ubc.ca/ubc_programs/theatre-acting/,vancouver,fine_arts,Fine Arts,exact:degree,6201.0,51530.0,1380.0,,,1800.0,9381.0,54710.0,
1015,Theatre: Design and Production,"[""Bachelor of Fine Arts""]",https://you.ubc.ca/ubc_programs/theatre-design-production/,vancouver,fine_arts,Fine Arts,exact:degree,6201.0,51530.0,1380.0,,,1800.0,9381.0,54710.0,
1021,United States Studies,"[""Bachelor of Arts""]",https://you.ubc.ca/ubc_programs/united-states-studies/,vancouver,arts,Arts,exact:degree,6201.0,51530.0,1380.0,,,2200.0,9781.0,55110.0,
341396,Urban Forestry,"[""Bachelor of Urban Forestry""]",https://you.ubc.ca/ubc_programs/urban-forestry/,vancouver,forestry_urban,Forestry: Urban Forestry,overlap:title,6201.0,53082.0,1375.0,,,1500.0,9076.0,55957.0,
568680,Urban Studies,"[""Bachelor of Arts""]",https://you.ubc.ca/ubc_programs/urbanstudies/,vancouver,arts,Arts,exact:degree,6201.0,51530.0,1380.0,,,2200.0,9781.0,55110.0,
547511,Vantage One: Applied Science (Engineering),[],https://you.ubc.ca/ubc_programs/vantage-one-applied-science/,vancouver,vantage_one_applied_science,Vantage One Applied Science,overlap:title,,70687.0,1380.5,,,1119.13,,73186.63,
572165,Vantage One: Arts,[],https://you.ubc.ca/ubc_programs/vantage-one-arts/,vancouver,vantage_one_arts,Vantage One Arts,exact:title,,67614.0,1380.0,,,1119.13,,70113.13,
547517,Vantage One: Science,[],https://you.ubc.ca/ubc_programs/vantage-one-science/,vancouver,vantage_one_science,Vantage One Science,exact:title,,70687.0,1358.0,,,1041.93,,73086.93,
1029,Visual Art (BA),"[""Bachelor of Arts""]",https://you.ubc.ca/ubc_programs/visual-art-ba/,vancouver,arts,Arts,exact:degree,6201.0,51530.0,1380.0,,,2200.0,9781.0,55110.0,
1031,Visual Art (BFA),"[""Bachelor of Fine Arts""]",https://you.ubc.ca/ubc_programs/visual-art-bfa/,vancouver,fine_arts,Fine Arts,exact:degree,6201.0,51530.0,1380.0,,,1800.0,9381.0,54710.0,
1039,Wood Products,"[""Bachelor of Science in Natural Resources""]",https://you.ubc.ca/ubc_programs/wood-products/,vancouver,forestry_natural_resources,Forestry: Natural Resources,overlap:degree,6201.0,53082.0,1375.0,,,1500.0,9076.0,55957.0,
