eid,lid,location,campus,building_code,gid,grouping,title,capacity,url,thumbnail,filter_ids,booking_selectable_time,described_by
12019,1788,Koerner Library,vancouver,KLIB,3199,Koerner Group Study Rooms,167,8,https://libcal.library.ubc.ca/space/12019,//libapps-ca.s3.amazonaws.com/customers/266/images/Koerner_167_DSC05114.jpg,"[181, 409, 553]",False,spaces_page
12046,1788,Koerner Library,vancouver,KLIB,3199,Koerner Group Study Rooms,169,8,https://libcal.library.ubc.ca/space/12046,//libapps-ca.s3.amazonaws.com/customers/266/images/Koerner_169_DSC04933.jpg,"[181, 409, 553]",False,spaces_page
12135,1788,Koerner Library,vancouver,KLIB,,Koerner Library,216 - Staff Classroom,35,https://libcal.library.ubc.ca/space/12135,,,,space_page
12136,1788,Koerner Library,vancouver,KLIB,,Koerner Library,217 - Computer Lab,20,https://libcal.library.ubc.ca/space/12136,,,,space_page
20610,1788,Koerner Library,vancouver,KLIB,3199,Koerner Group Study Rooms,151,8,https://libcal.library.ubc.ca/space/20610,https://d1qywhc7l90rsa.cloudfront.net/customers/266/images/Koerner_167_DSC05114.jpg,"[181, 409, 553]",False,spaces_page
20611,1788,Koerner Library,vancouver,KLIB,3199,Koerner Group Study Rooms,168,16,https://libcal.library.ubc.ca/space/20611,https://devgj00vx92jb.cloudfront.net/misc/3517/eq/item/2026_01_29_11_13_43.jpeg,"[181, 409, 553]",False,spaces_page
27632,1788,Koerner Library,vancouver,KLIB,,Koerner Library,113 - Staff Breakroom,30,https://libcal.library.ubc.ca/space/27632,,,,space_page
33141,1788,Koerner Library,vancouver,KLIB,,Koerner Library,341 - Level 3 Fireplace Area,75,https://libcal.library.ubc.ca/space/33141,,,,space_page
12048,1789,Woodward Library,vancouver,WLIB,3201,Woodward Library Group Study Rooms,20B,6,https://libcal.library.ubc.ca/space/12048,//libapps-ca.s3.amazonaws.com/customers/266/images/Woodward_20-B_DSC04856.jpg,"[181, 553]",False,spaces_page
12049,1789,Woodward Library,vancouver,WLIB,3201,Woodward Library Group Study Rooms,20D,6,https://libcal.library.ubc.ca/space/12049,//libapps-ca.s3.amazonaws.com/customers/266/images/Woodward_20-D_DSC05126.jpg,"[181, 408, 553]",False,spaces_page
12050,1789,Woodward Library,vancouver,WLIB,3201,Woodward Library Group Study Rooms,20C,6,https://libcal.library.ubc.ca/space/12050,//libapps-ca.s3.amazonaws.com/customers/266/images/Woodward_20-C_DSC04854.jpg,"[181, 553]",False,spaces_page
12054,1789,Woodward Library,vancouver,WLIB,3201,Woodward Library Group Study Rooms,215,6,https://libcal.library.ubc.ca/space/12054,//libapps-ca.s3.amazonaws.com/customers/266/images/Woodward_215_DSC04866.jpg,"[181, 409, 552, 553]",False,spaces_page
12055,1789,Woodward Library,vancouver,WLIB,3201,Woodward Library Group Study Rooms,217,6,https://libcal.library.ubc.ca/space/12055,//libapps-ca.s3.amazonaws.com/customers/266/images/Woodward_217_DSC04871.jpg,"[181, 409, 552, 553]",False,spaces_page
36658,1789,Woodward Library,vancouver,WLIB,3201,Woodward Library Group Study Rooms,20E,6,https://libcal.library.ubc.ca/space/36658,https://devgj00vx92jb.cloudfront.net/misc/3517/eq/item/2026_02_17_14_58_17.jpg,"[181, 553]",False,spaces_page
36659,1789,Woodward Library,vancouver,WLIB,3201,Woodward Library Group Study Rooms,208,8,https://libcal.library.ubc.ca/space/36659,https://devgj00vx92jb.cloudfront.net/misc/3517/eq/item/2026_02_17_15_17_03.jpg,"[181, 409, 552, 553]",False,spaces_page
36660,1789,Woodward Library,vancouver,WLIB,3201,Woodward Library Group Study Rooms,210,7,https://libcal.library.ubc.ca/space/36660,https://devgj00vx92jb.cloudfront.net/misc/3517/eq/item/2026_02_17_15_19_43.jpg,"[181, 409, 552, 553]",False,spaces_page
36661,1789,Woodward Library,vancouver,WLIB,3201,Woodward Library Group Study Rooms,213,7,https://libcal.library.ubc.ca/space/36661,https://devgj00vx92jb.cloudfront.net/misc/3517/eq/item/2026_02_17_15_26_49.jpg,"[181, 409, 552, 553]",False,spaces_page
12039,1811,"Music, Art & Architecture Library (IKB)",vancouver,IBLC,3196,MAA Library - Digital Media Rooms,324 - Digital media study room,5,https://libcal.library.ubc.ca/space/12039,https://d1qywhc7l90rsa.cloudfront.net/customers/266/images/IKBLC_324_DSC04808.jpg,"[181, 408, 555, 556]",False,spaces_page
12040,1811,"Music, Art & Architecture Library (IKB)",vancouver,IBLC,3196,MAA Library - Digital Media Rooms,325 – Digital media study room,5,https://libcal.library.ubc.ca/space/12040,//libapps-ca.s3.amazonaws.com/customers/266/images/IKBLC_325_DSC04809.jpg,"[181, 408, 555, 556]",False,spaces_page
12041,1811,"Music, Art & Architecture Library (IKB)",vancouver,IBLC,3197,MAA Library - Group Study Rooms,315,8,https://libcal.library.ubc.ca/space/12041,//libapps-ca.s3.amazonaws.com/customers/266/images/IKBLC_315_DSC05182.jpg,"[181, 409, 552, 553]",False,spaces_page
12042,1811,"Music, Art & Architecture Library (IKB)",vancouver,IBLC,3197,MAA Library - Group Study Rooms,316,8,https://libcal.library.ubc.ca/space/12042,//libapps-ca.s3.amazonaws.com/customers/266/images/IKBLC_316_DSC04770-copy.jpg,"[181, 409, 552, 553]",False,spaces_page
12043,1811,"Music, Art & Architecture Library (IKB)",vancouver,IBLC,3197,MAA Library - Group Study Rooms,317,8,https://libcal.library.ubc.ca/space/12043,//libapps-ca.s3.amazonaws.com/customers/266/images/IKBLC_317_DSC05197.jpg,"[181, 409, 552, 553]",False,spaces_page
12044,1811,"Music, Art & Architecture Library (IKB)",vancouver,IBLC,3197,MAA Library - Group Study Rooms,415,8,https://libcal.library.ubc.ca/space/12044,//libapps-ca.s3.amazonaws.com/customers/266/images/IKBLC_415_DSC04789-copy.jpg,"[181, 409, 552, 553]",False,spaces_page
12045,1811,"Music, Art & Architecture Library (IKB)",vancouver,IBLC,3197,MAA Library - Group Study Rooms,416,8,https://libcal.library.ubc.ca/space/12045,//libapps-ca.s3.amazonaws.com/customers/266/images/IKBLC_416_DSC04780.jpg,"[181, 409, 552, 553]",False,spaces_page
12463,1811,"Music, Art & Architecture Library (IKB)",vancouver,IBLC,3332,MAA Library -  DIY Media Studio,323 - DIY Media Studio,2,https://libcal.library.ubc.ca/space/12463,https://h5p.open.ubc.ca/wp-content/uploads/h5p/content/5773/images/image-6855c4b527a69.jpg,"[181, 408, 556]",False,spaces_page
12343,1821,Research Commons,vancouver,IBLC,3297,Research Commons Project Rooms,454,5,https://libcal.library.ubc.ca/space/12343,//libapps-ca.s3.amazonaws.com/customers/266/images/ProjectRoom456_1333x2000_LibCal.jpg,"[181, 409, 553, 555, 558]",False,spaces_page
12344,1821,Research Commons,vancouver,IBLC,3297,Research Commons Project Rooms,456,5,https://libcal.library.ubc.ca/space/12344,//libapps-ca.s3.amazonaws.com/customers/266/images/ProjectRoom456_1333x2000_LibCal.jpg,"[181, 409, 552, 553, 555, 558]",False,spaces_page
12346,1821,Research Commons,vancouver,IBLC,3297,Research Commons Project Rooms,496,4,https://libcal.library.ubc.ca/space/12346,//libapps-ca.s3.amazonaws.com/customers/266/images/ProjectRoom456_1333x2000_LibCal.jpg,"[181, 409, 553, 555, 558]",False,spaces_page
12347,1821,Research Commons,vancouver,IBLC,3297,Research Commons Project Rooms,499,5,https://libcal.library.ubc.ca/space/12347,//libapps-ca.s3.amazonaws.com/customers/266/images/ProjectRoom456_1333x2000_LibCal.jpg,"[181, 409, 552, 553, 555, 558]",False,spaces_page
12348,1821,Research Commons,vancouver,IBLC,3297,Research Commons Project Rooms,555,6,https://libcal.library.ubc.ca/space/12348,//libapps-ca.s3.amazonaws.com/customers/266/images/ProjectRoom456_1333x2000_LibCal.jpg,"[181, 409, 552, 553, 555, 558]",False,spaces_page
12349,1821,Research Commons,vancouver,IBLC,3297,Research Commons Project Rooms,553,4,https://libcal.library.ubc.ca/space/12349,//libapps-ca.s3.amazonaws.com/customers/266/images/ProjectRoom456_1333x2000_LibCal.jpg,"[181, 409, 552, 553, 555, 558]",False,spaces_page
12350,1821,Research Commons,vancouver,IBLC,,,440 - Study Table Seating Area,,https://libcal.library.ubc.ca/space/12350,,,,space_page
12352,1821,Research Commons,vancouver,IBLC,,,540 - Graduate Students Event Space,,https://libcal.library.ubc.ca/space/12352,,,,space_page
12356,1821,Research Commons,vancouver,IBLC,,Research Commons,497 - Digital Scholarship Lab,20,https://libcal.library.ubc.ca/space/12356,,,,space_page
12357,1821,Research Commons,vancouver,IBLC,,Research Commons,548 and 552 - Presentation Room,26,https://libcal.library.ubc.ca/space/12357,,,,space_page
12358,1821,Research Commons,vancouver,IBLC,,Back Half,548 - Presentation Room (Back Half),,https://libcal.library.ubc.ca/space/12358,,,,space_page
12359,1821,Research Commons,vancouver,IBLC,,Front Half,552 - Presentation Room (Front Half),,https://libcal.library.ubc.ca/space/12359,,,,space_page
24133,1821,Research Commons,vancouver,IBLC,,Research Commons,446 - Consultation Room,4,https://libcal.library.ubc.ca/space/24133,,,,space_page
24134,1821,Research Commons,vancouver,IBLC,,Research Commons,448 - Consultation Room,4,https://libcal.library.ubc.ca/space/24134,,,,space_page
24135,1821,Research Commons,vancouver,IBLC,3297,Research Commons Project Rooms,457,4,https://libcal.library.ubc.ca/space/24135,//libapps-ca.s3.amazonaws.com/customers/266/images/ProjectRoom456_1333x2000_LibCal.jpg,"[181, 409, 552, 553, 555, 558]",False,spaces_page
24136,1821,Research Commons,vancouver,IBLC,3297,Research Commons Project Rooms,458,4,https://libcal.library.ubc.ca/space/24136,//libapps-ca.s3.amazonaws.com/customers/266/images/ProjectRoom456_1333x2000_LibCal.jpg,"[181, 409, 552, 553, 555, 558]",False,spaces_page
24686,1821,Research Commons,vancouver,IBLC,3297,Research Commons Project Rooms,495,4,https://libcal.library.ubc.ca/space/24686,//libapps-ca.s3.amazonaws.com/customers/266/images/ProjectRoom456_1333x2000_LibCal.jpg,"[181, 409, 552, 553, 555, 558]",False,spaces_page
24898,1821,Research Commons,vancouver,IBLC,,Research Commons,491 - Hoteling Office,1,https://libcal.library.ubc.ca/space/24898,,,,space_page
12032,2174,Irving K. Barber Learning Centre,vancouver,IBLC,5158,IKBLC Group Study Rooms,263,8,https://libcal.library.ubc.ca/space/12032,https://libapps-ca.s3.amazonaws.com/customers/266/images/263covid19.jpg,"[181, 409, 553]",False,spaces_page
12033,2174,Irving K. Barber Learning Centre,vancouver,IBLC,5158,IKBLC Group Study Rooms,264,12,https://libcal.library.ubc.ca/space/12033,https://libapps-ca.s3.amazonaws.com/customers/266/images/264covid19.jpg,"[181, 409, 552, 553]",False,spaces_page
12034,2174,Irving K. Barber Learning Centre,vancouver,IBLC,5158,IKBLC Group Study Rooms,265,10,https://libcal.library.ubc.ca/space/12034,https://libapps-ca.s3.amazonaws.com/customers/266/images/265covid19.jpg,"[181, 409, 552, 553]",False,spaces_page
12035,2174,Irving K. Barber Learning Centre,vancouver,IBLC,5158,IKBLC Group Study Rooms,266,8,https://libcal.library.ubc.ca/space/12035,https://libapps-ca.s3.amazonaws.com/customers/266/images/266covid19.jpg,"[181, 409, 552, 553]",False,spaces_page
15709,2174,Irving K. Barber Learning Centre,vancouver,IBLC,,,404,,https://libcal.library.ubc.ca/space/15709,,,,space_page
18998,2174,Irving K. Barber Learning Centre,vancouver,IBLC,5158,IKBLC Group Study Rooms,192,8,https://libcal.library.ubc.ca/space/18998,https://libapps-ca.s3.amazonaws.com/customers/266/images/IKBLC_192_DSC05138.jpg,"[181, 409, 553]",False,spaces_page
18999,2174,Irving K. Barber Learning Centre,vancouver,IBLC,5158,IKBLC Group Study Rooms,193,8,https://libcal.library.ubc.ca/space/18999,//libapps-ca.s3.amazonaws.com/customers/266/images/IKBLC_193_DSC05164.jpg,"[181, 409, 553]",False,spaces_page
19000,2174,Irving K. Barber Learning Centre,vancouver,IBLC,5158,IKBLC Group Study Rooms,194,8,https://libcal.library.ubc.ca/space/19000,//libapps-ca.s3.amazonaws.com/customers/266/images/IKBLC_194_DSC05145.jpg,"[181, 409, 553]",False,spaces_page
